"ID","Created Date","Updated Date","Owner","crossover","Component","Polarity","Delay","HPF","HPT","LPF","LPT","Gain"
"01139e86-ddbb-42ba-9ff5-bc1340e14026",2024-04-14T23:13:11Z,2024-04-14T23:13:11Z,"9a64f577-0ddb-46e6-86f2-3d30f8940777","189f7600-a19f-4368-9d00-13104805c968","15""	","'+","0.4","25","24dB But	","90","24dB LR	","'+6
"
"0308a9f9-c3fe-471d-90ec-fb7fcdceb8a2",2024-04-14T23:13:12Z,2024-04-14T23:13:12Z,"9a64f577-0ddb-46e6-86f2-3d30f8940777","f72d1951-49d0-42dc-bd58-a52ce400b25f","12""	","'+","2.000","125","24dB LR	","445","24dB LR	","'+1
"
"088d97ce-cb33-41ca-9030-a9f105ab9559",2024-04-14T23:13:11Z,2024-04-14T23:13:11Z,"9a64f577-0ddb-46e6-86f2-3d30f8940777","98eaea16-8405-431e-9378-7602e4557001","Low-Mid	","'+	","1.34	","85	","24dB LR	","694	","24dB LR	","0
"
"0a1b5b14-910d-4c7e-8e65-802020bc94b0",2024-04-14T23:13:11Z,2024-04-14T23:13:11Z,"9a64f577-0ddb-46e6-86f2-3d30f8940777","31c879b5-ab8c-4503-bda8-1460da97f814","8"" & 1""	","'+	","1.5	","110	","24dB LR	","32k	","24dB LR	","0
"
"0a4df4d9-a847-4523-b395-248fa4ecd4e4",2024-04-14T23:13:11Z,2024-04-14T23:13:11Z,"9a64f577-0ddb-46e6-86f2-3d30f8940777","1044179c-80a9-40b2-8473-5c651afba458","15""	","'+","0","25","24dB But	","100","24dB LR	","'+4
"
"0a640cb8-754f-48dd-983d-d3fbe78395f7",2024-04-14T23:13:11Z,2024-04-14T23:13:11Z,"9a64f577-0ddb-46e6-86f2-3d30f8940777","342cdbe7-323b-481c-9e92-0f56ce65f2a2","DS15 15""	","'+	","0	","105","24dB LR	","227	","24dB LR	","'+3
"
"0cdecf4e-f62e-425d-996d-3f3dd4b3bd33",2024-04-14T23:13:11Z,2024-04-14T23:13:11Z,"9a64f577-0ddb-46e6-86f2-3d30f8940777","45287776-af6c-41fc-9db0-19231b06845b","1""	","'-	","2.826	","5k04","24dB LR	","32k	","24dB LR	","'-3
"
"0e990cfb-49b2-439b-991d-fb3f1b24b20f",2024-04-14T23:13:11Z,2024-04-14T23:13:11Z,"9a64f577-0ddb-46e6-86f2-3d30f8940777","3bef87e4-0641-46e8-b278-98d5d793b150","F218 18""	","'+	","2","45.1	","24dB LR	","105	","24dB LR	","'+3
"
"10e79ebb-bfcb-4c9d-8eed-4e487c418e75",2024-04-14T23:13:12Z,2024-04-14T23:13:12Z,"9a64f577-0ddb-46e6-86f2-3d30f8940777","f72d1951-49d0-42dc-bd58-a52ce400b25f","8""	","'+	","3.651	","445","24dB LR	","7k55","24dB LR	","0
"
"15795ff4-a482-4113-8ac2-36d6f05fa566",2024-04-14T23:13:11Z,2024-04-14T23:13:11Z,"9a64f577-0ddb-46e6-86f2-3d30f8940777","168af8a0-2e9b-4a1b-a729-3f125ad3f007","10"" & 1""	","'+	","0	","100","24dB LR	","32k	","24dB LR	","0"
"15a7b58e-9ac0-4f2d-a31e-5c35bc9e0b25",2024-04-14T23:13:11Z,2024-04-14T23:13:11Z,"9a64f577-0ddb-46e6-86f2-3d30f8940777","028c9398-7eef-4d53-9eaa-093ea4022a8f","1""	","'-","2.89	","5000	","BU24","32k","Out","'-5
"
"1670d3ac-7dbb-40ae-b9bf-ca0a9bbfb3d1",2024-04-14T23:13:11Z,2024-04-14T23:13:11Z,"9a64f577-0ddb-46e6-86f2-3d30f8940777","168af8a0-2e9b-4a1b-a729-3f125ad3f007","21""	","'+","0	","25","24dB But	","100	","24dB LR	","'+4
"
"1ab262d9-f704-4dbd-b907-6e31b73ab767",2024-04-14T23:13:11Z,2024-04-14T23:13:11Z,"9a64f577-0ddb-46e6-86f2-3d30f8940777","1c58c9bd-25ce-44c0-a2cb-80e8732cff18","5""	","'+	","0	","150	","24dB LR	","32k","Out","0"
"1b63bf39-e7f6-44ab-a5de-0971443024ed",2024-04-14T23:13:11Z,2024-04-14T23:13:11Z,"9a64f577-0ddb-46e6-86f2-3d30f8940777","3bef87e4-0641-46e8-b278-98d5d793b150","1""	","'-","2.826	","5k04	","24dB LR	","32k","24dB LR	","'-3
"
"1c852715-992d-4cda-9b30-cc29834e69fc",2024-04-14T23:13:12Z,2024-04-14T23:13:12Z,"9a64f577-0ddb-46e6-86f2-3d30f8940777","f98d9133-4d8a-42ad-b344-eeb35f5ce823","1""	","'-","3.454	","6k47	","24dB LR	","32k	","24dB LR	","'+5
"
"1cbb1751-2e20-4e56-9f27-c45b13c39e32",2024-04-14T23:13:11Z,2024-04-14T23:13:11Z,"9a64f577-0ddb-46e6-86f2-3d30f8940777","43537020-4154-4b40-a339-43e59defee36","10""	","'+","2.326	","227	","24dB LR	","5k04	","24dB LR	","0
"
"1ee678c8-7e91-4e65-90b5-df2ab2cab4e2",2024-04-14T23:13:11Z,2024-04-14T23:13:11Z,"9a64f577-0ddb-46e6-86f2-3d30f8940777","94d71d57-ce1b-4c96-932c-1b13bea2b080","1.4"" HF	","'-	","0","2k52	","24dB LR	","32k","24dB LR	","'-3
"
"22c4b93f-c646-4ebe-adae-346dc91306d7",2024-04-14T23:13:11Z,2024-04-14T23:13:11Z,"9a64f577-0ddb-46e6-86f2-3d30f8940777","6ede1499-672e-49f8-a656-8eb4ddf07b36","15""	","'+	","0","80","24dB LR	","220","24dB LR	","'+4
"
"247c9eda-88a2-41c6-a8a3-f74cc2f7793d",2024-04-14T23:13:12Z,2024-04-14T23:13:12Z,"9a64f577-0ddb-46e6-86f2-3d30f8940777","f5c680b4-92a1-4d46-a575-3389748db89e","18""	","'+	","0	","32","24dB But	","114	","24dB LR	","'+8
"
"24d03b09-3010-4557-bc6f-e889573c374a",2024-04-14T23:13:11Z,2024-04-14T23:13:11Z,"9a64f577-0ddb-46e6-86f2-3d30f8940777","487f7f90-b617-4051-abd4-96703d25486c","8""	","'+","2.78	","275	","LR24","4200	","BU24","0"
"25a51404-bb88-4a37-9ddf-42a5d702c7de",2024-04-14T23:13:12Z,2024-04-14T23:13:12Z,"9a64f577-0ddb-46e6-86f2-3d30f8940777","f72d1951-49d0-42dc-bd58-a52ce400b25f","1""	","'-	","4.015	","5k77	","24dB LR	","32k	","24dB LR	","'-1
"
"26891eec-c003-462e-8e13-8d4f8a96f5ae",2024-04-14T23:13:12Z,2024-04-14T23:13:12Z,"9a64f577-0ddb-46e6-86f2-3d30f8940777","da415220-92f7-48d5-98fb-93162fd055aa","1""	","'-	","3.8551	","5k04	","24dB LR	","32k	","24dB LR	","'-6
"
"26e0e3dc-0bef-44f0-b84b-0d2ef6ebfd5e",2024-04-14T23:13:12Z,2024-04-14T23:13:12Z,"9a64f577-0ddb-46e6-86f2-3d30f8940777","f5f1f0b3-20bc-48b0-a556-778027644766","8""	","'+","3.151	","445","24dB LR	","7k55	","24dB LR	","0"
"297998e8-6dde-4553-b28a-edba1bd56820",2024-04-14T23:13:11Z,2024-04-14T23:13:11Z,"9a64f577-0ddb-46e6-86f2-3d30f8940777","19fc1de8-1c70-41cb-84ba-2682cd46b108","18""	","'+","0	","25","24dB But	","90","24dB LR	","'+6
"
"2d6fcff9-4974-457c-8dec-18d697b5b0b8",2024-04-14T23:13:11Z,2024-04-14T23:13:11Z,"9a64f577-0ddb-46e6-86f2-3d30f8940777","3bef87e4-0641-46e8-b278-98d5d793b150","Infrabass 218 18""	","'+","8	","20","24dB But	","45","24dB LR	","'+10
"
"2e2075d2-a642-4736-87b5-0df8eb421e96",2024-04-14T23:13:12Z,2024-04-14T23:13:12Z,"9a64f577-0ddb-46e6-86f2-3d30f8940777","f5f1f0b3-20bc-48b0-a556-778027644766","1""	","'-	","3.515	","5k77	","24dB LR	","32k	","24dB LR	","'-1
"
"305cad8e-3e2d-49b6-addf-641442eb4bf0",2024-04-14T23:13:11Z,2024-04-14T23:13:11Z,"9a64f577-0ddb-46e6-86f2-3d30f8940777","3f2be7c7-c727-459f-8923-0f909f5c9631","1.4""	","'-","2.408	","4k	","24dB LR	","32	","24dB LR	","'-3
"
"30f8de86-5a8a-4074-a8aa-13088560436f",2024-04-14T23:13:11Z,2024-04-14T23:13:11Z,"9a64f577-0ddb-46e6-86f2-3d30f8940777","45287776-af6c-41fc-9db0-19231b06845b","2 x F221 21""	","'+	","0","28	","24dB But	","95	","24dB LR	","'+2
"
"322ce39b-6077-4106-938c-96f0f6a548ec",2024-04-14T23:13:11Z,2024-04-14T23:13:11Z,"9a64f577-0ddb-46e6-86f2-3d30f8940777","ba279aba-6f63-4327-bf85-f060e1903574","15""	","'+	","0	","32	","24dB But	","250	","24dB LR	","'+8
"
"3308e3ed-f6d4-43cd-8e35-c72b7f74fa60",2024-04-14T23:13:11Z,2024-04-14T23:13:11Z,"9a64f577-0ddb-46e6-86f2-3d30f8940777","652a0302-3ec8-449d-a8db-e649922c02de","15""	","'+","0","85","24dB LR	","220","24dB LR	","'+3
"
"35acc1f1-c6fb-4da1-9d5d-d3f33a586cab",2024-04-14T23:13:11Z,2024-04-14T23:13:11Z,"9a64f577-0ddb-46e6-86f2-3d30f8940777","6ff4ea2a-b3b9-4059-bc9c-a3f0fae36f87","24""	","'+	","0	","24	","24dB But	","85	","24dB LR	","'+6
"
"36a9f684-e44d-4bd4-a366-b8131dbf71d9",2024-04-14T23:13:12Z,2024-04-14T23:13:12Z,"9a64f577-0ddb-46e6-86f2-3d30f8940777","d1ea4540-57c1-4708-a999-ffb2b5601a0c","1""	","'-	","3.832","5k55","24dB LR	","32k","24dB LR	","'-6
"
"386d99c7-d555-48e4-9729-f1a5033a4635",2024-04-14T23:13:12Z,2024-04-14T23:13:12Z,"9a64f577-0ddb-46e6-86f2-3d30f8940777","d507a856-4d9e-4bae-950b-1ecd142fb802","1""	","'-	","3.8551	","5k04","24dB LR	","32k","24dB LR	","'-6
"
"3932b994-79e6-478d-b024-d2fc9d31a1f1",2024-04-14T23:13:11Z,2024-04-14T23:13:11Z,"9a64f577-0ddb-46e6-86f2-3d30f8940777","028c9398-7eef-4d53-9eaa-093ea4022a8f","8""	","'+	","2.78	","275	","LR24","4200	","BU24	","0
"
"39e0070c-33ef-4294-bcd3-d708b2d64f98",2024-04-14T23:13:11Z,2024-04-14T23:13:11Z,"9a64f577-0ddb-46e6-86f2-3d30f8940777","31c879b5-ab8c-4503-bda8-1460da97f814","18""	","'+	","0","25	","24dB But	","110	","24dB LR	","'+3
"
"3b2fd815-fb15-451d-bf24-ad9f777f6237",2024-04-14T23:13:12Z,2024-04-14T23:13:12Z,"9a64f577-0ddb-46e6-86f2-3d30f8940777","f5c680b4-92a1-4d46-a575-3389748db89e","12""	","'+	","1.500	","114	","24dB LR	","445	","24dB LR	","'+5
"
"3c0e1c7d-4f8b-4c8c-abb9-6cf88e61ab8f",2024-04-14T23:13:11Z,2024-04-14T23:13:11Z,"9a64f577-0ddb-46e6-86f2-3d30f8940777","5b4d503b-1226-4392-b5f5-0a9c2313e738","21""	","'+","1	","25","24dB But	","85","24dB LR	","'+6
"
"3cad669b-b0ee-4135-a7c2-9f9852162935",2024-04-14T23:13:12Z,2024-04-14T23:13:12Z,"9a64f577-0ddb-46e6-86f2-3d30f8940777","f5c680b4-92a1-4d46-a575-3389748db89e","1""	","'-	","3.632	","5k55	","24dB LR	","32k	","24dB LR	","'-3
"
"3d819cdf-8c5e-4f58-86fa-8d0ee85ad336",2024-04-14T23:13:11Z,2024-04-14T23:13:11Z,"9a64f577-0ddb-46e6-86f2-3d30f8940777","6ede1499-672e-49f8-a656-8eb4ddf07b36","1.4""	","'-","2.265	","4k","48dB LR	","32k	","Out","'-3
"
"3e3905f5-b408-47b5-9215-29052e9160c7",2024-04-14T23:13:11Z,2024-04-14T23:13:11Z,"9a64f577-0ddb-46e6-86f2-3d30f8940777","a662219d-7653-42bc-a7cf-e8ecc8129a10","Single BR	","'+","1.521	","25","24dB But	","80","24dB LR	","'+6
"
"3fa43b68-0013-471a-b614-f24578e4fcd9",2024-04-14T23:13:11Z,2024-04-14T23:13:11Z,"9a64f577-0ddb-46e6-86f2-3d30f8940777","5fa132ae-a99f-4557-ae34-4483a3749372","15""	","'+	","1.5","85","24dB LR	","220","24dB LR	","'+4
"
"4070c0e1-9a86-489c-8c50-f20e1a9984bd",2024-04-14T23:13:11Z,2024-04-14T23:13:11Z,"9a64f577-0ddb-46e6-86f2-3d30f8940777","88edd2ff-d9fd-4d47-ba9d-310e14952e09","1.4"" HF	","'-	","0	","2k52	","24dB LR	","32k	","24dB LR	","'-7
"
"41a5146f-51f5-4f65-897c-68411637d0e2",2024-04-14T23:13:11Z,2024-04-14T23:13:11Z,"9a64f577-0ddb-46e6-86f2-3d30f8940777","189f7600-a19f-4368-9d00-13104805c968","12"" & 1""	","'+	","0","90","24dB LR	","32k","24dB LR	","0
"
"438d91cf-7f13-48b7-b1e7-a23f7a855370",2024-04-14T23:13:12Z,2024-04-14T23:13:12Z,"9a64f577-0ddb-46e6-86f2-3d30f8940777","c5558823-c938-4a09-8303-0b2da8edc08b","18""	","'+	","0	","32","24dB But	","70","24dB LR	","'+8
"
"48dd4d38-e437-47de-8ea2-cc7760b50512",2024-04-14T23:13:11Z,2024-04-14T23:13:11Z,"9a64f577-0ddb-46e6-86f2-3d30f8940777","7d3a15b2-0379-4fc7-8981-0c979a21a585","1.4""	","'-	","2.265	","4k	","48dB LR	","32k","Out	","'-3
"
"4a33037a-596f-40d5-9786-f9eb9f9494c0",2024-04-14T23:13:12Z,2024-04-14T23:13:12Z,"9a64f577-0ddb-46e6-86f2-3d30f8940777","da415220-92f7-48d5-98fb-93162fd055aa","21""	","'+	","1","20.1	","24dB But	","85	","24dB LR	","'+6.5
"
"4f1eaa8b-10b3-4c91-a4f4-b53af953abec",2024-04-14T23:13:11Z,2024-04-14T23:13:11Z,"9a64f577-0ddb-46e6-86f2-3d30f8940777","a211d392-f1d9-4910-8809-ffbdb5f890ab","5""	","'+	","0	","520	","24dB LR	","32k","24dB LR	","'-6
"
"4fef638d-dd36-447a-a28e-25ee5fd8e23b",2024-04-14T23:13:12Z,2024-04-14T23:13:12Z,"9a64f577-0ddb-46e6-86f2-3d30f8940777","c5558823-c938-4a09-8303-0b2da8edc08b","15""	","'+	","3.268	","250	","24dB LR	","32k	","24dB LR	","0
"
"520f01cc-f41c-49bd-af3b-57254270c57c",2024-04-14T23:13:12Z,2024-04-14T23:13:12Z,"9a64f577-0ddb-46e6-86f2-3d30f8940777","da415220-92f7-48d5-98fb-93162fd055aa","10""	","'+	","3.333	","173	","24dB LR	","5k04","24dB LR	","0"
"5323b463-d5c1-40ff-a957-139ae6bf9cba",2024-04-14T23:13:11Z,2024-04-14T23:13:11Z,"9a64f577-0ddb-46e6-86f2-3d30f8940777","1363f066-47d5-4d4e-bbd5-f420017db006","10"" & 1""	","'+	","0.5	","100","24dB LR	","32k	","24dB LR	","0
"
"5367328b-63b7-4d17-a54e-c2ae35caaa20",2024-04-14T23:13:11Z,2024-04-14T23:13:11Z,"9a64f577-0ddb-46e6-86f2-3d30f8940777","7d3a15b2-0379-4fc7-8981-0c979a21a585","15""	","'+","0","85","24dB LR	","220	","24dB LR	","'+3
"
"5590822b-e05d-45f4-93e1-38a097caa615",2024-04-14T23:13:11Z,2024-04-14T23:13:11Z,"9a64f577-0ddb-46e6-86f2-3d30f8940777","342cdbe7-323b-481c-9e92-0f56ce65f2a2","10""	","'+	","2.326	","227	","24dB LR	","5k04","24dB LR	","0"
"55cefb30-85d1-4d10-be37-2541388efaa5",2024-04-14T23:13:11Z,2024-04-14T23:13:11Z,"9a64f577-0ddb-46e6-86f2-3d30f8940777","45287776-af6c-41fc-9db0-19231b06845b","10""	","'+","2.326	","227	","24dB LR	","5k04	","24dB LR	","0"
"5711d480-6743-428f-ac2e-632de5bcfea7",2024-04-14T23:13:11Z,2024-04-14T23:13:11Z,"9a64f577-0ddb-46e6-86f2-3d30f8940777","487f7f90-b617-4051-abd4-96703d25486c","15""	","'+	","0.0","30","BU24	","275	","LR24","'+6
"
"58b9fdff-d062-47ff-aab4-dc3b7bfc2d69",2024-04-14T23:13:11Z,2024-04-14T23:13:11Z,"9a64f577-0ddb-46e6-86f2-3d30f8940777","1044179c-80a9-40b2-8473-5c651afba458","10"" & 1""	","'+	","0.5","100","24dB LR	","32k","24dB LR	","0"
"59efaaed-4afa-483d-b005-ee9bcdc68697",2024-04-14T23:13:12Z,2024-04-14T23:13:12Z,"9a64f577-0ddb-46e6-86f2-3d30f8940777","d1ea4540-57c1-4708-a999-ffb2b5601a0c","18""	","'+	","0","20.1","24dB But	","198","24dB LR	","'+6.5
"
"5c5a5016-c796-41f5-987d-32720647dc24",2024-04-14T23:13:11Z,2024-04-14T23:13:11Z,"9a64f577-0ddb-46e6-86f2-3d30f8940777","342cdbe7-323b-481c-9e92-0f56ce65f2a2","F218 18""	","'+	","2","32	","24dB But	","105	","24dB LR	","'+3
"
"5f5899ee-3d35-4a34-9f11-bdc95b216a85",2024-04-14T23:13:11Z,2024-04-14T23:13:11Z,"9a64f577-0ddb-46e6-86f2-3d30f8940777","19fc1de8-1c70-41cb-84ba-2682cd46b108","12"" & 1""	","'+","0","90","24dB LR	","32k","24dB LR	","0"
"6187822e-89dc-4897-99a4-d956e7158ab0",2024-04-14T23:13:11Z,2024-04-14T23:13:11Z,"9a64f577-0ddb-46e6-86f2-3d30f8940777","028c9398-7eef-4d53-9eaa-093ea4022a8f","15""	","'+","0.0","85","LR24	","275","LR24","'+6
"
"61c5317f-b930-49eb-8968-1b4494861a6f",2024-04-14T23:13:11Z,2024-04-14T23:13:11Z,"9a64f577-0ddb-46e6-86f2-3d30f8940777","9769f250-19d6-4b12-8b31-e4deed7ce920","HF	","'+	","0	","694","24dB LR	","32k","24dB LR	","'-7
"
"63760042-a095-48c9-abe4-05badb1e5925",2024-04-14T23:13:11Z,2024-04-14T23:13:11Z,"9a64f577-0ddb-46e6-86f2-3d30f8940777","a662219d-7653-42bc-a7cf-e8ecc8129a10","5""	","'+	","0","520	","24dB LR	","32k","24dB LR	","'-6
"
"63d5ec6c-caa8-416e-a923-d94ce2760ad2",2024-04-14T23:13:11Z,2024-04-14T23:13:11Z,"9a64f577-0ddb-46e6-86f2-3d30f8940777","4abf0a47-348e-40c6-8acd-8488d2e1945f","15""	","'+","0.0","60","24dB But	","220	","24dB LR	","'+3
"
"65d6c3bc-f0c9-40c6-88ec-71c40d232246",2024-04-14T23:13:11Z,2024-04-14T23:13:11Z,"9a64f577-0ddb-46e6-86f2-3d30f8940777","43537020-4154-4b40-a339-43e59defee36","F215 15""	","'+","2	","45.1	","24dB LR	","105","24dB LR	","'+3
"
"669b9245-24e6-4187-8560-7ea168917206",2024-04-14T23:13:11Z,2024-04-14T23:13:11Z,"9a64f577-0ddb-46e6-86f2-3d30f8940777","98eaea16-8405-431e-9378-7602e4557001","High	","'+	","1","694	","24dB LR	","32k	","24dB LR	","'-13
"
"682af614-7af8-4ea9-b55b-5d3571b4f128",2024-04-14T23:13:11Z,2024-04-14T23:13:11Z,"9a64f577-0ddb-46e6-86f2-3d30f8940777","6a8fd03b-e01d-44eb-94a2-6e2deda31d9a","10""	","'+","1.93	","220","24dB LR	","4k","48dB LR	","0"
"6bb219a4-4dde-4714-ab07-9ce9714b8c64",2024-04-14T23:13:11Z,2024-04-14T23:13:11Z,"9a64f577-0ddb-46e6-86f2-3d30f8940777","6ff4ea2a-b3b9-4059-bc9c-a3f0fae36f87","10""	","'+	","3.43","220	","24dB LR	","4k	","48dB LR	","0
"
"6c7192e5-c01f-4cdc-bfd2-ee3080d2514b",2024-04-14T23:13:11Z,2024-04-14T23:13:11Z,"9a64f577-0ddb-46e6-86f2-3d30f8940777","88edd2ff-d9fd-4d47-ba9d-310e14952e09","12"" LF	","'+","0","30","24dB But	","2k52	","24dB LR	","'+3
"
"6c81da4b-43c1-4485-85d9-2901d7165c83",2024-04-14T23:13:11Z,2024-04-14T23:13:11Z,"9a64f577-0ddb-46e6-86f2-3d30f8940777","7f919eae-334a-480a-9a69-6915c75193c5","15""	","'+","0.773	","24.8	","24dB But	","721","24dB LR	","'+3
"
"6dc69d68-4e35-4da3-b857-027a32e22349",2024-04-14T23:13:12Z,2024-04-14T23:13:12Z,"9a64f577-0ddb-46e6-86f2-3d30f8940777","c8b69054-da0b-4a00-aa48-fdbad2f531c0","8"" & 1""	","'+	","4.768	","250	","24dB LR	","32k	","24dB LR	","0
"
"6eba19e9-8f7f-4850-b727-074b854ac42e",2024-04-14T23:13:12Z,2024-04-14T23:13:12Z,"9a64f577-0ddb-46e6-86f2-3d30f8940777","e2bf02f8-057f-4a3e-97ac-7648dcb337f9","21""	","'+","2	","20.1","24dB But	","85	","24dB LR	","'+6.5
"
"6f332832-1f7f-4717-8a35-f3ab274dbc53",2024-04-14T23:13:12Z,2024-04-14T23:13:12Z,"9a64f577-0ddb-46e6-86f2-3d30f8940777","f5f1f0b3-20bc-48b0-a556-778027644766","18""	","'+","0","32	","24dB But	","114	","24dB LR	","'+3
"
"70f61ea2-bc33-4cc6-a0bf-6a0ae99399d9",2024-04-14T23:13:12Z,2024-04-14T23:13:12Z,"9a64f577-0ddb-46e6-86f2-3d30f8940777","f8800531-082d-4e7b-9992-089846a19048","15""	","'+	","0.590	","85	","24dB LR	","445	","24dB LR	","'+3
"
"736794ff-be1b-4982-bd02-9bc36762dea6",2024-04-14T23:13:11Z,2024-04-14T23:13:11Z,"9a64f577-0ddb-46e6-86f2-3d30f8940777","22e1c6fd-b53d-43d0-a6f8-5af012bc277e","15""	","'+	","0	","25	","24dB But	","110	","24dB LR	","'+3
"
"73c32d65-7092-4c6f-a9b9-b6e5164f3f1c",2024-04-14T23:13:12Z,2024-04-14T23:13:12Z,"9a64f577-0ddb-46e6-86f2-3d30f8940777","d1ea4540-57c1-4708-a999-ffb2b5601a0c","10""	","'+	","3.333	","173	","24dB LR	","5k99","24dB LR	","3.8320
"
"7c82ea55-7c06-4009-bcbe-6eb38dc6b1aa",2024-04-14T23:13:12Z,2024-04-14T23:13:12Z,"9a64f577-0ddb-46e6-86f2-3d30f8940777","f8800531-082d-4e7b-9992-089846a19048","8""	","'+	","3.762	","445	","24dB LR	","6k99	","24dB LR	","'-4
"
"808746bd-b611-4c7d-a609-4c2ec1fd2290",2024-04-14T23:13:11Z,2024-04-14T23:13:11Z,"9a64f577-0ddb-46e6-86f2-3d30f8940777","43537020-4154-4b40-a339-43e59defee36","1""	","'-	","2.826","5k04	","24dB LR	","32k","24dB LR	","'-3
"
"8267df37-ca54-4b5f-bd29-200e98e13548",2024-04-14T23:13:11Z,2024-04-14T23:13:11Z,"9a64f577-0ddb-46e6-86f2-3d30f8940777","abed0348-2931-473d-bec1-260d8dc76a73","18""	","'+","1.297	","28.4","24dB LR	","595	","24dB LR	","'+3
"
"835a7e81-0888-4b21-a2c1-cbefcac50352",2024-04-14T23:13:11Z,2024-04-14T23:13:11Z,"9a64f577-0ddb-46e6-86f2-3d30f8940777","a662219d-7653-42bc-a7cf-e8ecc8129a10","12""	","'+	","1.521	","80	","24dB LR	","520	","24dB LR	","'+3
"
"84ff6363-d30e-4a8e-9944-83d6aab15282",2024-04-14T23:13:11Z,2024-04-14T23:13:11Z,"9a64f577-0ddb-46e6-86f2-3d30f8940777","5b4d503b-1226-4392-b5f5-0a9c2313e738","15""	","'+","0","85","24dB LR	","220","24dB LR	","'+4
"
"86103553-8613-4075-b356-cafd495cb423",2024-04-14T23:13:12Z,2024-04-14T23:13:12Z,"9a64f577-0ddb-46e6-86f2-3d30f8940777","d507a856-4d9e-4bae-950b-1ecd142fb802","10""	","'+	","3.333	","173	","24dB LR	","5k04	","24dB LR	","0"
"89a87d11-b788-4eea-8875-136270109d51",2024-04-14T23:13:11Z,2024-04-14T23:13:11Z,"9a64f577-0ddb-46e6-86f2-3d30f8940777","6ff4ea2a-b3b9-4059-bc9c-a3f0fae36f87","15""	","'+	","1.5	","85	","24dB LR	","220	","24dB LR	","'+4
"
"8af69e29-03e7-4ab4-9bfc-f64980df7b0e",2024-04-14T23:13:12Z,2024-04-14T23:13:12Z,"9a64f577-0ddb-46e6-86f2-3d30f8940777","ba961e18-8c77-4f15-9fb4-3fb41d124863","18""	","'+","3","28	","24dB But	","80","24dB LR	","'+8
"
"93779289-23fd-4c86-87be-58e650f82bf9",2024-04-14T23:13:11Z,2024-04-14T23:13:11Z,"9a64f577-0ddb-46e6-86f2-3d30f8940777","487f7f90-b617-4051-abd4-96703d25486c","1""	","'-	","2.89","5000","BU24","32k","Out	","'-5
"
"952856fc-2e80-49b2-9134-f7240eec8f8b",2024-04-14T23:13:12Z,2024-04-14T23:13:12Z,"9a64f577-0ddb-46e6-86f2-3d30f8940777","f5f1f0b3-20bc-48b0-a556-778027644766","12""	","'+	","1.500	","114	","24dB LR	","445	","24dB LR	","'+1
"
"9724c3f3-7c0f-48e5-861f-6954484230e6",2024-04-14T23:13:11Z,2024-04-14T23:13:11Z,"9a64f577-0ddb-46e6-86f2-3d30f8940777","1aed0e1b-e9d0-40f9-84d7-6c2d109eae43","21""	","'+	","0","25	","24dB But	","90","24dB LR	","'+6
"
"98707abe-584d-4cea-bc53-0a3706147bca",2024-04-14T23:13:12Z,2024-04-14T23:13:12Z,"9a64f577-0ddb-46e6-86f2-3d30f8940777","e357c9bf-f03f-4fb7-8c96-e51e43d68621","12""	","'+	","1.500	","114	","24dB LR	","445","24dB LR	","'+5
"
"987e4832-b27f-4b23-8ded-c21b15fda1ee",2024-04-14T23:13:11Z,2024-04-14T23:13:11Z,"9a64f577-0ddb-46e6-86f2-3d30f8940777","6ede1499-672e-49f8-a656-8eb4ddf07b36","21""	","'+","1","28","24dB But	","80","24dB LR	","'+6
"
"989242f7-5fb9-4133-94a2-eebc980e438f",2024-04-14T23:13:11Z,2024-04-14T23:13:11Z,"9a64f577-0ddb-46e6-86f2-3d30f8940777","5fa132ae-a99f-4557-ae34-4483a3749372","10""	","'+","3.7","220","24dB LR	","4k	","48dB LR	","0"
"9c23af30-1f2f-41a7-8ee8-a81c436f6cb2",2024-04-14T23:13:11Z,2024-04-14T23:13:11Z,"9a64f577-0ddb-46e6-86f2-3d30f8940777","b0284aaf-9768-4153-9604-b54182078f1d","12""	","'+	","1.321	","30	","24dB LR	","520	","24dB LR	","'+1
"
"9cbdf29d-0d92-46b7-a016-6607586f6fb0",2024-04-14T23:13:12Z,2024-04-14T23:13:12Z,"9a64f577-0ddb-46e6-86f2-3d30f8940777","f8800531-082d-4e7b-9992-089846a19048","1""	","'-","4.060	","6k47	","24dB LR	","32k	","24dB LR	","'-2
"
"a1a3e0a9-fc26-484b-b708-703a047a8c05",2024-04-14T23:13:12Z,2024-04-14T23:13:12Z,"9a64f577-0ddb-46e6-86f2-3d30f8940777","e2bf02f8-057f-4a3e-97ac-7648dcb337f9","1.4""	","'+","2.465","4k55	","24dB LR	","32k	","24dB LR	","'-6
"
"a2182f8b-aed6-4268-a964-abd4426963b2",2024-04-14T23:13:12Z,2024-04-14T23:13:12Z,"9a64f577-0ddb-46e6-86f2-3d30f8940777","f5c680b4-92a1-4d46-a575-3389748db89e","8""	","'+","3.390	","445	","24dB LR	","5k77	","24dB LR	","0
"
"a40a01ad-9be1-4ec3-b616-f221f732a8a3",2024-04-14T23:13:11Z,2024-04-14T23:13:11Z,"9a64f577-0ddb-46e6-86f2-3d30f8940777","a211d392-f1d9-4910-8809-ffbdb5f890ab","12""	","'+	","1.521","30	","24dB But	","520	","24dB LR	","'+3
"
"a43e4081-547e-4da8-8cc7-60aae33653e3",2024-04-14T23:13:11Z,2024-04-14T23:13:11Z,"9a64f577-0ddb-46e6-86f2-3d30f8940777","342cdbe7-323b-481c-9e92-0f56ce65f2a2","1""	","'-","2.826	","5k04","24dB LR	","32k","24dB LR	","'-3
"
"a45c8eda-eddb-4da3-a8c9-d0ebb64b8f7f",2024-04-14T23:13:12Z,2024-04-14T23:13:12Z,"9a64f577-0ddb-46e6-86f2-3d30f8940777","c8b69054-da0b-4a00-aa48-fdbad2f531c0","18""	","'+	","0	","32	","24dB But	","250","24dB LR	","'+8
"
"a52822bc-63e1-41ba-bc82-985d5fbaebfa",2024-04-14T23:13:11Z,2024-04-14T23:13:11Z,"9a64f577-0ddb-46e6-86f2-3d30f8940777","94d71d57-ce1b-4c96-932c-1b13bea2b080","12"" LF	","'+","0	","30","24dB But	","2k52	","24dB LR	","'+3
"
"a75d49e8-9aa1-4158-890d-c86a911473fd",2024-04-14T23:13:12Z,2024-04-14T23:13:12Z,"9a64f577-0ddb-46e6-86f2-3d30f8940777","e71eab9e-fe35-4e38-a342-9dba4c1787ee","1""	","'-	","3.632	","5k55	","24dB LR	","32k	","24dB LR	","'-3
"
"abee8d2e-62ec-4495-aac9-07d8ffbcc3bd",2024-04-14T23:13:12Z,2024-04-14T23:13:12Z,"9a64f577-0ddb-46e6-86f2-3d30f8940777","f8800531-082d-4e7b-9992-089846a19048","18""	","'+	","0	","32","24dB But	","85	","24dB LR	","'+5
"
"ac3304e6-e9a5-46fb-9e21-412ebe1fe686",2024-04-14T23:13:11Z,2024-04-14T23:13:11Z,"9a64f577-0ddb-46e6-86f2-3d30f8940777","1aed0e1b-e9d0-40f9-84d7-6c2d109eae43","5""	","'+	","0","150	","24dB LR	","32k","Out","0"
"b0086591-9a92-46a6-ab25-14a322d0d1bd",2024-04-14T23:13:12Z,2024-04-14T23:13:12Z,"9a64f577-0ddb-46e6-86f2-3d30f8940777","d48be3b7-f438-4413-802e-58e2b47b3f2c","1""	","'-	","3.832	","5k55	","24dB LR	","32k","24dB LR	","'-4.5
"
"b0ef9c05-b795-490a-a8de-be4daadfc743",2024-04-14T23:13:11Z,2024-04-14T23:13:11Z,"9a64f577-0ddb-46e6-86f2-3d30f8940777","3bef87e4-0641-46e8-b278-98d5d793b150","DS15""	","'+","0	","105","24dB LR	","227","24dB LR	","'+3
"
"b2a4b74f-acc0-404b-8e0a-48b8369fb464",2024-04-14T23:13:11Z,2024-04-14T23:13:11Z,"9a64f577-0ddb-46e6-86f2-3d30f8940777","6a8fd03b-e01d-44eb-94a2-6e2deda31d9a","1.4""	","'-	","2.265	","4k","24dB LR	","32k	","Out	","'-3
"
"b767c6c3-ab14-480d-8382-53ede192a3c6",2024-04-14T23:13:12Z,2024-04-14T23:13:12Z,"9a64f577-0ddb-46e6-86f2-3d30f8940777","da415220-92f7-48d5-98fb-93162fd055aa","18""	","'+","0.699","85	","24dB LR	","198","24dB LR	","'+8.5
"
"b7791205-ff24-4fd3-8b3f-f92cbcf58b9c",2024-04-14T23:13:11Z,2024-04-14T23:13:11Z,"9a64f577-0ddb-46e6-86f2-3d30f8940777","5fa132ae-a99f-4557-ae34-4483a3749372","1.4""	","'-","3.908	","4k","48dB LR	","32k	","Out","'-3
"
"b961e132-53f4-4080-9081-60917e60a4b7",2024-04-14T23:13:11Z,2024-04-14T23:13:11Z,"9a64f577-0ddb-46e6-86f2-3d30f8940777","7e763e21-e521-4e60-a5ce-591169580221","12""	","'+","1.177	","28.4	","24dB But	","721	","24dB LR	","'+3
"
"beb4d46f-891f-4df0-9457-e3625b1d508c",2024-04-14T23:13:11Z,2024-04-14T23:13:11Z,"9a64f577-0ddb-46e6-86f2-3d30f8940777","7f919eae-334a-480a-9a69-6915c75193c5","5""	","'+","0	","721","24dB LR	","32k	","24dB LR	","'-6
"
"bfcf46f1-3d25-427e-86a8-eae0f8a327f7",2024-04-14T23:13:11Z,2024-04-14T23:13:11Z,"9a64f577-0ddb-46e6-86f2-3d30f8940777","ba17d050-812a-4f0e-9815-5ad5f5a648ac","15""	","'+","0","32	","24dB But	","250	","24dB LR	","8
"
"c19f2850-92c1-4150-a2eb-ea43a5c8c4bf",2024-04-14T23:13:11Z,2024-04-14T23:13:11Z,"9a64f577-0ddb-46e6-86f2-3d30f8940777","45287776-af6c-41fc-9db0-19231b06845b","2 x DS15 15""	","'+	","0	","95	","24dB LR	","227	","24dB LR	","0"
"c221259b-cd8c-43db-b5e8-82a9de0bea6a",2024-04-14T23:13:11Z,2024-04-14T23:13:11Z,"9a64f577-0ddb-46e6-86f2-3d30f8940777","43537020-4154-4b40-a339-43e59defee36","DS15 15""	","'+	","0	","105	","24dB LR	","227","24dB LR	","'+3
"
"c4541e11-9729-4177-8ef2-8c19d3c46a37",2024-04-14T23:13:12Z,2024-04-14T23:13:12Z,"9a64f577-0ddb-46e6-86f2-3d30f8940777","ba961e18-8c77-4f15-9fb4-3fb41d124863","15""	","'+	","0","80	","24dB LR	","250","24dB LR	","'+7
"
"c50842b4-30d0-4c85-a53d-add5a83838e8",2024-04-14T23:13:12Z,2024-04-14T23:13:12Z,"9a64f577-0ddb-46e6-86f2-3d30f8940777","d48be3b7-f438-4413-802e-58e2b47b3f2c","21""	","'+","1","20.1	","24dB But	","85	","24dB LR	","'+6.5
"
"c7608d0f-a1d9-4be2-959c-d45d6ac655a5",2024-04-14T23:13:11Z,2024-04-14T23:13:11Z,"9a64f577-0ddb-46e6-86f2-3d30f8940777","5fa132ae-a99f-4557-ae34-4483a3749372","24""	","'+	","0	","24	","24dB But	","85","24dB LR	","'+6
"
"c8bf655d-9104-48a1-a2a5-aa395b31f9ee",2024-04-14T23:13:11Z,2024-04-14T23:13:11Z,"9a64f577-0ddb-46e6-86f2-3d30f8940777","5b4d503b-1226-4392-b5f5-0a9c2313e738","1.4""	","'-	","2.408	","4k	","48dB LR	","32k	","Out","'-3
"
"ca4a2765-5dea-4d49-9af7-aff3cade3de8",2024-04-14T23:13:12Z,2024-04-14T23:13:12Z,"9a64f577-0ddb-46e6-86f2-3d30f8940777","ba961e18-8c77-4f15-9fb4-3fb41d124863","8"" & 1""	","'+","3.268","250","24dB LR	","32k","24dB LR	","0"
"ca6f9fc3-2577-4e14-b68d-8f1cccf97c2f",2024-04-14T23:13:12Z,2024-04-14T23:13:12Z,"9a64f577-0ddb-46e6-86f2-3d30f8940777","ef87aa3b-29a2-430f-9c98-c8aa8b8ae978","1""	","'-	","4.132	","5k55","24dB LR	","32k	","24dB LR	","'-3
"
"cb0be480-a1ad-4ca4-acd9-bca7387fb868",2024-04-14T23:13:11Z,2024-04-14T23:13:11Z,"9a64f577-0ddb-46e6-86f2-3d30f8940777","6a8fd03b-e01d-44eb-94a2-6e2deda31d9a","15""	","'+","0","60","24dB But	","220","24dB LR	","'+3
"
"cc2680d4-46c8-4858-a262-bf4605ed04b2",2024-04-14T23:13:11Z,2024-04-14T23:13:11Z,"9a64f577-0ddb-46e6-86f2-3d30f8940777","4abf0a47-348e-40c6-8acd-8488d2e1945f","1.4""	","'-	","2.408","4k","48dB LR	","32k	","Out","'-3
"
"ce07d4e5-f31d-45af-95a4-22d3bcbbda22",2024-04-14T23:13:11Z,2024-04-14T23:13:11Z,"9a64f577-0ddb-46e6-86f2-3d30f8940777","abed0348-2931-473d-bec1-260d8dc76a73","5""	 ","'+","0","520","24dB LR	","32k","24dB LR	","'-7.5
"
"cfa970c3-7484-4bf5-971a-637716eb7c69",2024-04-14T23:13:11Z,2024-04-14T23:13:11Z,"9a64f577-0ddb-46e6-86f2-3d30f8940777","6ff4ea2a-b3b9-4059-bc9c-a3f0fae36f87","1.4""	","'-	","3.765	","4k","48dB LR	","32k	","Out","'-3
"
"d0d7bae3-b1e3-4bac-99a3-e7d7f74b70cf",2024-04-14T23:13:12Z,2024-04-14T23:13:12Z,"9a64f577-0ddb-46e6-86f2-3d30f8940777","e71eab9e-fe35-4e38-a342-9dba4c1787ee","8""	","'+","3.390	","445	","24dB LR	","5k77	","24dB LR	","0
"
"d187b1c4-efc3-44f7-89fa-f850119fb6cc",2024-04-14T23:13:11Z,2024-04-14T23:13:11Z,"9a64f577-0ddb-46e6-86f2-3d30f8940777","652a0302-3ec8-449d-a8db-e649922c02de","1.4""	","'-	","2.408","4k	","24dB LR	","32k","Out	","'-3
"
"d1bd9aa7-839f-473e-add3-6f347f84895f",2024-04-14T23:13:12Z,2024-04-14T23:13:12Z,"9a64f577-0ddb-46e6-86f2-3d30f8940777","f72d1951-49d0-42dc-bd58-a52ce400b25f","21""	","'+	","0	","28","24dB But	","125","24dB LR	","'+1
"
"d4fabcb6-821f-4269-8f13-1fda0104ff39",2024-04-14T23:13:11Z,2024-04-14T23:13:11Z,"9a64f577-0ddb-46e6-86f2-3d30f8940777","652a0302-3ec8-449d-a8db-e649922c02de","24""	","'+","0","24	","24dB But	","85	","24dB LR	","'+6
"
"d54a5238-699a-4f9a-a8d0-5c4f86311d40",2024-04-14T23:13:11Z,2024-04-14T23:13:11Z,"9a64f577-0ddb-46e6-86f2-3d30f8940777","98eaea16-8405-431e-9378-7602e4557001","Bass	","'+	","0	","25","24dB But	","85	","24dB LR	","'+7
"
"d5e196c3-ec5d-4cca-8856-313c98efcd3a",2024-04-14T23:13:12Z,2024-04-14T23:13:12Z,"9a64f577-0ddb-46e6-86f2-3d30f8940777","ba279aba-6f63-4327-bf85-f060e1903574","8"" & 1""	","'+","0	","250	","24dB LR	","32k	","24dB LR	","'+0
"
"d96fe6cf-23df-4ada-a294-e0ea6d8a7b5f",2024-04-14T23:13:11Z,2024-04-14T23:13:11Z,"9a64f577-0ddb-46e6-86f2-3d30f8940777","3bef87e4-0641-46e8-b278-98d5d793b150","10""	","'+","2.326	","227","24dB LR	","5k04","24dB LR	","0"
"d9969ef1-d202-46b5-9a41-adc974572a00",2024-04-14T23:13:12Z,2024-04-14T23:13:12Z,"9a64f577-0ddb-46e6-86f2-3d30f8940777","e2bf02f8-057f-4a3e-97ac-7648dcb337f9","10""	","'+","2.2002	","180	","24dB LR	","4k55	","24dB LR	","'-3
"
"da1ada2d-b3a8-46e3-9d12-a7c1083d62c7",2024-04-14T23:13:11Z,2024-04-14T23:13:11Z,"9a64f577-0ddb-46e6-86f2-3d30f8940777","4abf0a47-348e-40c6-8acd-8488d2e1945f","10""	","'+	","2.2002","220	","24dB LR	","4k","48dB LR	","0
"
"dcdab507-9b80-47ef-8d8e-1ffa24e1f3d2",2024-04-14T23:13:11Z,2024-04-14T23:13:11Z,"9a64f577-0ddb-46e6-86f2-3d30f8940777","43537020-4154-4b40-a339-43e59defee36","Infrahorn 18""	","'+","8","20","24dB But	","45","24dB LR	","'+10
"
"dd7a725d-d3fe-4531-abb6-36ea9425659b",2024-04-14T23:13:11Z,2024-04-14T23:13:11Z,"9a64f577-0ddb-46e6-86f2-3d30f8940777","9c54d458-468a-4e64-91bc-bbeb88c49fb0","8” + 1”	","'+	","0.876	","'+	","24dB LR	","32K	","24dB LR	","0
"
"dfba9369-e295-429f-b017-ca0820399fe8",2024-04-14T23:13:11Z,2024-04-14T23:13:11Z,"9a64f577-0ddb-46e6-86f2-3d30f8940777","1c58c9bd-25ce-44c0-a2cb-80e8732cff18","8""	","'+","0	","50","24dB But	","150","24dB LR	","'+6
"
"e172a50c-1ec0-4e62-8159-8cfb85c0ac4a",2024-04-14T23:13:11Z,2024-04-14T23:13:11Z,"9a64f577-0ddb-46e6-86f2-3d30f8940777","3f2be7c7-c727-459f-8923-0f909f5c9631","10""	","'+","2.2","220","24dB LR	","4k	","24dB LR	","0
"
"e3658b00-6b06-4668-bd89-136630fe64db",2024-04-14T23:13:12Z,2024-04-14T23:13:12Z,"9a64f577-0ddb-46e6-86f2-3d30f8940777","f98d9133-4d8a-42ad-b344-eeb35f5ce823","15""	","'+	","1.982	","85	","24dB LR	","445	","24dB LR	","0"
"e3a5ee8f-a277-43fc-a9f1-aec5052de4fd",2024-04-14T23:13:11Z,2024-04-14T23:13:11Z,"9a64f577-0ddb-46e6-86f2-3d30f8940777","9769f250-19d6-4b12-8b31-e4deed7ce920","18""	","'+","0.34	","30	","24dB But	","694","24dB LR	","'+3
"
"e45f1b4c-94cf-4187-9107-2a66200f3790",2024-04-14T23:13:12Z,2024-04-14T23:13:12Z,"9a64f577-0ddb-46e6-86f2-3d30f8940777","d507a856-4d9e-4bae-950b-1ecd142fb802","18""	","'+","0","20.1","24dB But	","198","24dB LR	","'+6.5
"
"e51ce349-41fc-4983-a8fe-715e148cd1d6",2024-04-14T23:13:11Z,2024-04-14T23:13:11Z,"9a64f577-0ddb-46e6-86f2-3d30f8940777","ba17d050-812a-4f0e-9815-5ad5f5a648ac","8"" & 1""	","'+	","3.268	","250	","24dB LR	","32k	","24dB LR	","0
"
"e745418a-9cce-4219-a49c-51a3f7e1c973",2024-04-14T23:13:11Z,2024-04-14T23:13:11Z,"9a64f577-0ddb-46e6-86f2-3d30f8940777","652a0302-3ec8-449d-a8db-e649922c02de","10""	","'+	","2.20","220	","24dB LR	","4k","48dB LR	","0"
"e8239368-b7b5-46a8-9333-289cf0e3391c",2024-04-14T23:13:11Z,2024-04-14T23:13:11Z,"9a64f577-0ddb-46e6-86f2-3d30f8940777","5b4d503b-1226-4392-b5f5-0a9c2313e738","10""	","'+	","2.2","220","24dB LR	","4k","48dB LR	","0"
"e82a29fa-4521-4bdb-ae50-70cee9be25e8",2024-04-14T23:13:12Z,2024-04-14T23:13:12Z,"9a64f577-0ddb-46e6-86f2-3d30f8940777","e357c9bf-f03f-4fb7-8c96-e51e43d68621","8"" & 1""	","'+	","3.390	","445	","24dB LR	","32k	","24dB LR	","'-1
"
"e8975583-949f-4bc3-8249-494ea75e5e30",2024-04-14T23:13:12Z,2024-04-14T23:13:12Z,"9a64f577-0ddb-46e6-86f2-3d30f8940777","d48be3b7-f438-4413-802e-58e2b47b3f2c","18""	","'+	","0.699	","85	","24dB LR	","198	","24dB LR	","'+8.5
"
"e8a5efd6-8003-4177-b29e-3ef1f7339c07",2024-04-14T23:13:12Z,2024-04-14T23:13:12Z,"9a64f577-0ddb-46e6-86f2-3d30f8940777","d48be3b7-f438-4413-802e-58e2b47b3f2c","10""	","'+	","3.333	","173	","24dB LR	","5k99	","24dB LR	","0"
"eace4791-7159-4314-bc57-ceeedd5a9661",2024-04-14T23:13:11Z,2024-04-14T23:13:11Z,"9a64f577-0ddb-46e6-86f2-3d30f8940777","b0284aaf-9768-4153-9604-b54182078f1d","5""	","'+","0	","520","24dB LR	","32k","24dB LR	","'-5
"
"ebbb3f1f-2f31-4df4-93df-356ea4be8d41",2024-04-14T23:13:12Z,2024-04-14T23:13:12Z,"9a64f577-0ddb-46e6-86f2-3d30f8940777","e2bf02f8-057f-4a3e-97ac-7648dcb337f9","15""	","'+","0	","85","24dB LR	","180	","24dB LR	","'+3
"
"ebc66f3d-5dfd-4c98-8d39-9e7dd6c43252",2024-04-14T23:13:11Z,2024-04-14T23:13:11Z,"9a64f577-0ddb-46e6-86f2-3d30f8940777","7e763e21-e521-4e60-a5ce-591169580221","5""	","'+	","0","721	","24dB LR	","32k","24dB LR	","'-6
"
"eea86414-5c5b-4e05-b51b-1e14a364bdd7",2024-04-14T23:13:12Z,2024-04-14T23:13:12Z,"9a64f577-0ddb-46e6-86f2-3d30f8940777","ef87aa3b-29a2-430f-9c98-c8aa8b8ae978","8""	","'+	","3.890	","445	","24dB LR	","5k77","24dB LR	","0
"
"f104998c-628c-4f48-8290-0d68e126e53c",2024-04-14T23:13:11Z,2024-04-14T23:13:11Z,"9a64f577-0ddb-46e6-86f2-3d30f8940777","7d3a15b2-0379-4fc7-8981-0c979a21a585","10""	","'+","1.93","220	","24dB LR	","4k	","48dB LR	","0"
"f16bb783-d692-41ed-a2d2-b55777b4fd08",2024-04-14T23:13:12Z,2024-04-14T23:13:12Z,"9a64f577-0ddb-46e6-86f2-3d30f8940777","f98d9133-4d8a-42ad-b344-eeb35f5ce823","8""	","'+	","3.151	","445","24dB LR	","6k99	","24dB LR	","'+2
"
"f23b8d9f-4647-4d75-99d6-151f25a89613",2024-04-14T23:13:12Z,2024-04-14T23:13:12Z,"9a64f577-0ddb-46e6-86f2-3d30f8940777","e71eab9e-fe35-4e38-a342-9dba4c1787ee","18""	","'+	","0","32","24dB But	","114	","24dB LR	","'+8
"
"f2816d91-996c-4124-94e3-19d90a525c2f",2024-04-14T23:13:12Z,2024-04-14T23:13:12Z,"9a64f577-0ddb-46e6-86f2-3d30f8940777","e357c9bf-f03f-4fb7-8c96-e51e43d68621","18""	","'+	","0	","32","24dB But	","114","24dB LR	","'+8
"
"f39dd726-12ac-4f41-aa9d-785486a0cf6f",2024-04-14T23:13:11Z,2024-04-14T23:13:11Z,"9a64f577-0ddb-46e6-86f2-3d30f8940777","1363f066-47d5-4d4e-bbd5-f420017db006","18""	","'+	","0	","25","24dB But	","100","24dB LR	","'+4
"
"f40c9249-4443-4de7-8053-0f2a5cfe6557",2024-04-14T23:13:11Z,2024-04-14T23:13:11Z,"9a64f577-0ddb-46e6-86f2-3d30f8940777","7d3a15b2-0379-4fc7-8981-0c979a21a585","24""	","'+	","0	","24","24dB But	","85	","24dB LR	","'+6
"
"f56d63c2-165d-4727-a618-999c2d61673f",2024-04-14T23:13:11Z,2024-04-14T23:13:11Z,"9a64f577-0ddb-46e6-86f2-3d30f8940777","6ede1499-672e-49f8-a656-8eb4ddf07b36","10""	","'+","1.93	","220","24dB LR	","4k","48dB LR	","0
"
"fbab330e-6cb7-4b48-9605-33f7a723727f",2024-04-14T23:13:12Z,2024-04-14T23:13:12Z,"9a64f577-0ddb-46e6-86f2-3d30f8940777","e71eab9e-fe35-4e38-a342-9dba4c1787ee","12""	","'+	","1.500	","114	","24dB LR	","445	","24dB LR	","'+5
"
"fe0e8de8-ac35-412e-8fea-3691733c429d",2024-04-14T23:13:11Z,2024-04-14T23:13:11Z,"9a64f577-0ddb-46e6-86f2-3d30f8940777","9c54d458-468a-4e64-91bc-bbeb88c49fb0","18”	","'+	","0	","'+	","24dB BUT	","180	","24dB BUT	","'+8
"
