"Title","Crossovers (Item)","ID","Created Date","Updated Date","Owner","Category","icon"
"AX88 WITH F118/F218","/crossovers/ax88-with-f118%2Ff218","028c9398-7eef-4d53-9eaa-093ea4022a8f",2024-04-14T23:09:13Z,2024-04-14T23:22:38Z,"9a64f577-0ddb-46e6-86f2-3d30f8940777","583addcd-b46f-4437-a4fb-4be2ae2c3790","⮕"
"DS2","/crossovers/ds2","1044179c-80a9-40b2-8473-5c651afba458",2024-04-14T23:09:13Z,2024-04-14T23:22:38Z,"9a64f577-0ddb-46e6-86f2-3d30f8940777","b70047f8-b0ea-4135-b8d6-8ab4930a010d","⮕"
"RES 3SH/EH EVO WITH 15"" & 21""","/crossovers/res-3sh%2Feh-evo-with-15%22-%26-21%22","1363f066-47d5-4d4e-bbd5-f420017db006",2024-04-14T23:09:13Z,2024-04-14T23:22:38Z,"9a64f577-0ddb-46e6-86f2-3d30f8940777","733aa22c-5cef-4468-9899-35b975bf9034","⮕"
"PSM318 DJ Monitor","/crossovers/psm318-dj-monitor","168af8a0-2e9b-4a1b-a729-3f125ad3f007",2024-04-14T23:09:13Z,2024-04-14T23:22:38Z,"9a64f577-0ddb-46e6-86f2-3d30f8940777",,"⮕"
"F81 WITH BR118","/crossovers/f81-with-br118","189f7600-a19f-4368-9d00-13104805c968",2024-04-14T23:09:13Z,2024-04-14T23:22:38Z,"9a64f577-0ddb-46e6-86f2-3d30f8940777","118ade95-1ba9-4da1-9321-6e2d7e1a6c19","⮕"
"RM15","/crossovers/rm15","19fc1de8-1c70-41cb-84ba-2682cd46b108",2024-04-14T23:09:13Z,2024-04-14T23:22:38Z,"9a64f577-0ddb-46e6-86f2-3d30f8940777",,"⮕"
"RES 3 MKII","/crossovers/res-3-mkii","1aed0e1b-e9d0-40f9-84d7-6c2d109eae43",2024-04-14T23:09:13Z,2024-04-14T23:22:38Z,"9a64f577-0ddb-46e6-86f2-3d30f8940777","733aa22c-5cef-4468-9899-35b975bf9034","⮕"
"EVO 7EH/SH WITH F215 & F124","/crossovers/evo-7eh%2Fsh-with-f215-%26-f124","1c58c9bd-25ce-44c0-a2cb-80e8732cff18",2024-04-14T23:09:13Z,2024-04-14T23:22:38Z,"9a64f577-0ddb-46e6-86f2-3d30f8940777","27d46285-7a91-4e3e-8b36-dd1c173b0040","⮕"
"RES 9 WITH 2xF218","/crossovers/res-9-with-2xf218","22e1c6fd-b53d-43d0-a6f8-5af012bc277e",2024-04-14T23:09:13Z,2024-04-14T23:22:38Z,"9a64f577-0ddb-46e6-86f2-3d30f8940777","733aa22c-5cef-4468-9899-35b975bf9034","⮕"
"F101 WITH BR115","/crossovers/f101-with-br115","31c879b5-ab8c-4503-bda8-1460da97f814",2024-04-14T23:09:13Z,2024-04-14T23:22:38Z,"9a64f577-0ddb-46e6-86f2-3d30f8940777","118ade95-1ba9-4da1-9321-6e2d7e1a6c19","⮕"
"RES 2","/crossovers/res-2","342cdbe7-323b-481c-9e92-0f56ce65f2a2",2024-04-14T23:09:13Z,2024-04-14T23:22:38Z,"9a64f577-0ddb-46e6-86f2-3d30f8940777","733aa22c-5cef-4468-9899-35b975bf9034","⮕"
"RES 5 WITH F118/F218","/crossovers/res-5-with-f118%2Ff218","3bef87e4-0641-46e8-b278-98d5d793b150",2024-04-14T23:09:13Z,2024-04-14T23:22:38Z,"9a64f577-0ddb-46e6-86f2-3d30f8940777","733aa22c-5cef-4468-9899-35b975bf9034","⮕"
"EVO 7E/T WITH F124","/crossovers/evo-7e%2Ft-with-f124","3f2be7c7-c727-459f-8923-0f909f5c9631",2024-04-14T23:09:13Z,2024-04-14T23:22:38Z,"9a64f577-0ddb-46e6-86f2-3d30f8940777","27d46285-7a91-4e3e-8b36-dd1c173b0040","⮕"
"PSM12 Stage Monitor","/crossovers/psm12-stage-monitor","43537020-4154-4b40-a339-43e59defee36",2024-04-14T23:09:13Z,2024-04-14T23:22:38Z,"9a64f577-0ddb-46e6-86f2-3d30f8940777",,"⮕"
"F81 WITH BR115","/crossovers/f81-with-br115","45287776-af6c-41fc-9db0-19231b06845b",2024-04-14T23:09:13Z,2024-04-14T23:22:38Z,"9a64f577-0ddb-46e6-86f2-3d30f8940777","118ade95-1ba9-4da1-9321-6e2d7e1a6c19","⮕"
"F1201 WITH BR121","/crossovers/f1201-with-br121","487f7f90-b617-4051-abd4-96703d25486c",2024-04-14T23:09:13Z,2024-04-14T23:22:38Z,"9a64f577-0ddb-46e6-86f2-3d30f8940777","118ade95-1ba9-4da1-9321-6e2d7e1a6c19","⮕"
"PSM12 Speaker","/crossovers/psm12-speaker","4abf0a47-348e-40c6-8acd-8488d2e1945f",2024-04-14T23:09:13Z,2024-04-14T23:22:38Z,"9a64f577-0ddb-46e6-86f2-3d30f8940777",,"⮕"
"RES 2 WITH BR118/BR218","/crossovers/res-2-with-br118%2Fbr218","5b4d503b-1226-4392-b5f5-0a9c2313e738",2024-04-14T23:09:13Z,2024-04-14T23:22:38Z,"9a64f577-0ddb-46e6-86f2-3d30f8940777","733aa22c-5cef-4468-9899-35b975bf9034","⮕"
"RES 4 DOWNFILL F121/F221","/crossovers/res-4-downfill-f121%2Ff221","5fa132ae-a99f-4557-ae34-4483a3749372",2024-04-14T23:09:13Z,2024-04-14T23:22:38Z,"9a64f577-0ddb-46e6-86f2-3d30f8940777","733aa22c-5cef-4468-9899-35b975bf9034","⮕"
"EVO 7 WITH F121/F221","/crossovers/evo-7-with-f121%2Ff221","652a0302-3ec8-449d-a8db-e649922c02de",2024-04-14T23:09:13Z,2024-04-14T23:22:38Z,"9a64f577-0ddb-46e6-86f2-3d30f8940777","27d46285-7a91-4e3e-8b36-dd1c173b0040","⮕"
"RES 2SH WITH F118/F218","/crossovers/res-2sh-with-f118%2Ff218","6a8fd03b-e01d-44eb-94a2-6e2deda31d9a",2024-04-14T23:09:13Z,2024-04-14T23:22:38Z,"9a64f577-0ddb-46e6-86f2-3d30f8940777","733aa22c-5cef-4468-9899-35b975bf9034","⮕"
"F101 WITH BR121","/crossovers/f101-with-br121","6ede1499-672e-49f8-a656-8eb4ddf07b36",2024-04-14T23:09:13Z,2024-04-14T23:22:38Z,"9a64f577-0ddb-46e6-86f2-3d30f8940777","118ade95-1ba9-4da1-9321-6e2d7e1a6c19","⮕"
"RES 9 WITH RES 5","/crossovers/res-9-with-res-5","6ff4ea2a-b3b9-4059-bc9c-a3f0fae36f87",2024-04-14T23:09:13Z,2024-04-14T23:22:38Z,"9a64f577-0ddb-46e6-86f2-3d30f8940777","733aa22c-5cef-4468-9899-35b975bf9034","⮕"
"EVO 6 WITH F124","/crossovers/evo-6-with-f124","7d3a15b2-0379-4fc7-8981-0c979a21a585",2024-04-14T23:09:13Z,2024-04-14T23:22:38Z,"9a64f577-0ddb-46e6-86f2-3d30f8940777","27d46285-7a91-4e3e-8b36-dd1c173b0040","⮕"
"RES 3 MKII","/crossovers/res-3-mkii","7e763e21-e521-4e60-a5ce-591169580221",2024-04-14T23:09:13Z,2024-04-14T23:22:38Z,"9a64f577-0ddb-46e6-86f2-3d30f8940777","733aa22c-5cef-4468-9899-35b975bf9034","⮕"
"EVO 6 WITH F121/F221","/crossovers/evo-6-with-f121%2Ff221","7f919eae-334a-480a-9a69-6915c75193c5",2024-04-14T23:09:13Z,2024-04-14T23:22:38Z,"9a64f577-0ddb-46e6-86f2-3d30f8940777","27d46285-7a91-4e3e-8b36-dd1c173b0040","⮕"
"RES 1 WITH BR115/118/121","/crossovers/res-1-with-br115%2F118%2F121","88edd2ff-d9fd-4d47-ba9d-310e14952e09",2024-04-14T23:09:13Z,2024-04-14T23:22:38Z,"9a64f577-0ddb-46e6-86f2-3d30f8940777","733aa22c-5cef-4468-9899-35b975bf9034","⮕"
"RES 4 (Passive HF) WITH F118/F218","/crossovers/res-4-(passive-hf)-with-f118%2Ff218","94d71d57-ce1b-4c96-932c-1b13bea2b080",2024-04-14T23:09:13Z,2024-04-14T23:22:38Z,"9a64f577-0ddb-46e6-86f2-3d30f8940777","733aa22c-5cef-4468-9899-35b975bf9034","⮕"
"RES 1.5TT","/crossovers/res-1.5tt","9769f250-19d6-4b12-8b31-e4deed7ce920",2024-04-14T23:09:13Z,2024-04-14T23:22:38Z,"9a64f577-0ddb-46e6-86f2-3d30f8940777","733aa22c-5cef-4468-9899-35b975bf9034","⮕"
"DS1","/crossovers/ds1","98eaea16-8405-431e-9378-7602e4557001",2024-04-14T23:09:13Z,2024-04-14T23:22:38Z,"9a64f577-0ddb-46e6-86f2-3d30f8940777","b70047f8-b0ea-4135-b8d6-8ab4930a010d","⮕"
"Evo X (85Hz HPF)","/crossovers/evo-x-(85hz-hpf)","9c54d458-468a-4e64-91bc-bbeb88c49fb0",2024-04-14T23:09:13Z,2024-04-14T23:22:38Z,"9a64f577-0ddb-46e6-86f2-3d30f8940777","27d46285-7a91-4e3e-8b36-dd1c173b0040","⮕"
"F1201 WITH BR118","/crossovers/f1201-with-br118","a211d392-f1d9-4910-8809-ffbdb5f890ab",2024-04-14T23:09:13Z,2024-04-14T23:22:38Z,"9a64f577-0ddb-46e6-86f2-3d30f8940777","118ade95-1ba9-4da1-9321-6e2d7e1a6c19","⮕"
"F1201 WITH BR115","/crossovers/f1201-with-br115","a662219d-7653-42bc-a7cf-e8ecc8129a10",2024-04-14T23:09:13Z,2024-04-14T23:22:38Z,"9a64f577-0ddb-46e6-86f2-3d30f8940777","118ade95-1ba9-4da1-9321-6e2d7e1a6c19","⮕"
"RES 3 MKI WITH F121/F221","/crossovers/res-3-mki-with-f121%2Ff221","abed0348-2931-473d-bec1-260d8dc76a73",2024-04-14T23:09:13Z,2024-04-14T23:22:38Z,"9a64f577-0ddb-46e6-86f2-3d30f8940777","733aa22c-5cef-4468-9899-35b975bf9034","⮕"
"F101 WITH BR118","/crossovers/f101-with-br118","b0284aaf-9768-4153-9604-b54182078f1d",2024-04-14T23:09:13Z,2024-04-14T23:22:38Z,"9a64f577-0ddb-46e6-86f2-3d30f8940777","118ade95-1ba9-4da1-9321-6e2d7e1a6c19","⮕"
"RES 4 DOWNFILL F118/F218","/crossovers/res-4-downfill-f118%2Ff218","ba17d050-812a-4f0e-9815-5ad5f5a648ac",2024-04-14T23:09:13Z,2024-04-14T23:22:38Z,"9a64f577-0ddb-46e6-86f2-3d30f8940777","733aa22c-5cef-4468-9899-35b975bf9034","⮕"
"RES 3 MKII WITH F121/221","/crossovers/res-3-mkii-with-f121%2F221","ba279aba-6f63-4327-bf85-f060e1903574",2024-04-14T23:09:13Z,2024-04-14T23:22:38Z,"9a64f577-0ddb-46e6-86f2-3d30f8940777","733aa22c-5cef-4468-9899-35b975bf9034","⮕"
"DS3","/crossovers/ds3","ba961e18-8c77-4f15-9fb4-3fb41d124863",2024-04-14T23:09:13Z,2024-04-14T23:22:38Z,"9a64f577-0ddb-46e6-86f2-3d30f8940777","b70047f8-b0ea-4135-b8d6-8ab4930a010d","⮕"
"RES 4 WITH F118/F218","/crossovers/res-4-with-f118%2Ff218","c5558823-c938-4a09-8303-0b2da8edc08b",2024-04-14T23:09:13Z,2024-04-14T23:22:38Z,"9a64f577-0ddb-46e6-86f2-3d30f8940777","733aa22c-5cef-4468-9899-35b975bf9034","⮕"
"EVO 7","/crossovers/evo-7","c8b69054-da0b-4a00-aa48-fdbad2f531c0",2024-04-14T23:09:13Z,2024-04-14T23:22:38Z,"9a64f577-0ddb-46e6-86f2-3d30f8940777","27d46285-7a91-4e3e-8b36-dd1c173b0040","⮕"
"RES 1","/crossovers/res-1","d1ea4540-57c1-4708-a999-ffb2b5601a0c",2024-04-14T23:09:13Z,2024-04-14T23:22:38Z,"9a64f577-0ddb-46e6-86f2-3d30f8940777","733aa22c-5cef-4468-9899-35b975bf9034","⮕"
"RES 2 AS DJ MONITOR","/crossovers/res-2-as-dj-monitor","d48be3b7-f438-4413-802e-58e2b47b3f2c",2024-04-14T23:09:13Z,2024-04-14T23:22:38Z,"9a64f577-0ddb-46e6-86f2-3d30f8940777","733aa22c-5cef-4468-9899-35b975bf9034","⮕"
"RM12","/crossovers/rm12","d507a856-4d9e-4bae-950b-1ecd142fb802",2024-04-14T23:09:13Z,2024-04-14T23:22:38Z,"9a64f577-0ddb-46e6-86f2-3d30f8940777",,"⮕"
"F5 WITH SB8","/crossovers/f5-with-sb8","da415220-92f7-48d5-98fb-93162fd055aa",2024-04-14T23:09:13Z,2024-04-14T23:22:38Z,"9a64f577-0ddb-46e6-86f2-3d30f8940777","118ade95-1ba9-4da1-9321-6e2d7e1a6c19","⮕"
"Evo X (Full Range)","/crossovers/evo-x-(full-range)","e2bf02f8-057f-4a3e-97ac-7648dcb337f9",2024-04-14T23:09:13Z,2024-04-14T23:22:38Z,"9a64f577-0ddb-46e6-86f2-3d30f8940777","27d46285-7a91-4e3e-8b36-dd1c173b0040","⮕"
"RES 5 WITH F121/F221","/crossovers/res-5-with-f121%2Ff221","e357c9bf-f03f-4fb7-8c96-e51e43d68621",2024-04-14T23:09:13Z,2024-04-14T23:22:38Z,"9a64f577-0ddb-46e6-86f2-3d30f8940777","733aa22c-5cef-4468-9899-35b975bf9034","⮕"
"EVO 6EH/SH WITH F215/F124","/crossovers/evo-6eh%2Fsh-with-f215%2Ff124","e71eab9e-fe35-4e38-a342-9dba4c1787ee",2024-04-14T23:09:13Z,2024-04-14T23:22:38Z,"9a64f577-0ddb-46e6-86f2-3d30f8940777","27d46285-7a91-4e3e-8b36-dd1c173b0040","⮕"
"DS210 EVO","/crossovers/ds210-evo","ef87aa3b-29a2-430f-9c98-c8aa8b8ae978",2024-04-14T23:09:13Z,2024-04-14T23:22:38Z,"9a64f577-0ddb-46e6-86f2-3d30f8940777","b70047f8-b0ea-4135-b8d6-8ab4930a010d","⮕"
"PSM18","/crossovers/psm18","f5c680b4-92a1-4d46-a575-3389748db89e",2024-04-14T23:09:13Z,2024-04-14T23:22:38Z,"9a64f577-0ddb-46e6-86f2-3d30f8940777",,"⮕"
"DS4","/crossovers/ds4","f5f1f0b3-20bc-48b0-a556-778027644766",2024-04-14T23:09:13Z,2024-04-14T23:22:38Z,"9a64f577-0ddb-46e6-86f2-3d30f8940777","b70047f8-b0ea-4135-b8d6-8ab4930a010d","⮕"
"RES 2 WITH F118/F218","/crossovers/res-2-with-f118%2Ff218","f72d1951-49d0-42dc-bd58-a52ce400b25f",2024-04-14T23:09:13Z,2024-04-14T23:22:38Z,"9a64f577-0ddb-46e6-86f2-3d30f8940777","733aa22c-5cef-4468-9899-35b975bf9034","⮕"
"EVO 6","/crossovers/evo-6","f8800531-082d-4e7b-9992-089846a19048",2024-04-14T23:09:13Z,2024-04-14T23:22:38Z,"9a64f577-0ddb-46e6-86f2-3d30f8940777","27d46285-7a91-4e3e-8b36-dd1c173b0040","⮕"
"RES 1.5","/crossovers/res-1.5","f98d9133-4d8a-42ad-b344-eeb35f5ce823",2024-04-14T23:09:13Z,2024-04-14T23:22:38Z,"9a64f577-0ddb-46e6-86f2-3d30f8940777","733aa22c-5cef-4468-9899-35b975bf9034","⮕"
