"Title","ID","Created Date","Updated Date","Owner","ProductCode","Product","file"
"3D CAD","003fd65e-d5b9-41fd-9adc-a0ba78ffa0dd",2024-04-02T18:42:56Z,2024-04-02T18:42:56Z,"9a64f577-0ddb-46e6-86f2-3d30f8940777","VERO V124","107d378d-eb13-419c-b8b9-70be6c69b127","https://images.prismic.io/funktion-one/84198778-5290-407c-917d-90fb3fabd69e_F124-F1-WD%3DT0120-00.png?auto=compress,format"
"Ground Stack Configuration","0076c21f-0640-4508-b762-4468467a7176",2024-04-02T18:42:57Z,2024-04-02T18:42:57Z,"9a64f577-0ddb-46e6-86f2-3d30f8940777","RES 5E","ac5a3611-d1d3-4edf-8800-f65ee3d103b1","https://funktion-one.cdn.prismic.io/funktion-one/ec4c6d6e-e40e-458a-a288-d50b21d4d0a0_GroundStacks_April14.pdf"
"DXF Elevation","00b0d201-0de6-44f1-b684-2f12a0d631d3",2024-04-02T18:42:57Z,2024-04-02T18:42:57Z,"9a64f577-0ddb-46e6-86f2-3d30f8940777","Infrahorn","8aa87940-3616-483f-8390-0e9a92c7c6c3","https://funktion-one.cdn.prismic.io/funktion-one/5f828108-20f6-4f20-8a73-48d59a188e7e_IH-D-webdxf.dxf"
"Brochure","00f1a895-1cda-4315-8808-49697ee7200d",2024-04-02T18:42:56Z,2024-04-02T18:42:56Z,"9a64f577-0ddb-46e6-86f2-3d30f8940777","EVO 6EL","19aea7d2-c13e-44d8-9ec6-7f2fb117d8b1","https://funktion-one.cdn.prismic.io/funktion-one/b3811688-12ae-4d08-8df9-a4536c94bfb4_Evo+Brochure+2022+HR.pdf"
"WALL MOUNT","010d3016-4002-4ed3-a33c-dc71061e01ca",2024-04-02T18:42:56Z,2024-04-02T18:42:56Z,"9a64f577-0ddb-46e6-86f2-3d30f8940777","F5.2","7aaa4847-fc37-46f0-b5cd-1c93d9f73378","https://funktion-one.cdn.prismic.io/funktion-one/13045fcb-94d4-49d7-a738-e4861bec353f_F5%2BYF5-F1-DD%3DT0056-00.PDF"
"Specification Sheet","01530fe7-0890-4fe3-a619-035ab94a6b1c",2024-04-02T18:42:57Z,2024-04-02T18:42:57Z,"9a64f577-0ddb-46e6-86f2-3d30f8940777","F221","fb0c27dc-ed86-4756-8192-fb02269af178","https://funktion-one.cdn.prismic.io/funktion-one/672f18d2-a3f5-4224-97f9-227b8da263a3_F221-F1-DS%3DD0036-01.pdf"
"Ground Stack Tilt Straps","01e8cdde-3200-4446-8023-c4ba608abd9c",2024-04-02T18:42:57Z,2024-04-02T18:42:57Z,"9a64f577-0ddb-46e6-86f2-3d30f8940777","EVO 6E","f9a3e3e1-1def-4cf2-8d82-c670ca7c6366","https://funktion-one.cdn.prismic.io/funktion-one/2a0e358f-788c-42d1-90f4-bcd0ee0a5b1f_New+Ground+Stack+Straps-2.pdf"
"2D CAD","0207239f-adb2-41ed-8b2b-90cb034cd0d9",2024-04-02T18:42:56Z,2024-04-02T18:42:56Z,"9a64f577-0ddb-46e6-86f2-3d30f8940777","F101.2","6d802606-973f-4ec3-a325-f1d596b436e5","https://funktion-one.cdn.prismic.io/funktion-one/aeb79248-25d9-4b7d-9e61-830d5fb8308f_F101.2-F1-2DM%3DT0048-00.dwg"
"2D CAD","02f4fe11-d8ce-4c68-b329-8115a11fbf4a",2024-04-02T18:42:56Z,2024-04-02T18:42:56Z,"9a64f577-0ddb-46e6-86f2-3d30f8940777","F5.2","7aaa4847-fc37-46f0-b5cd-1c93d9f73378","https://funktion-one.cdn.prismic.io/funktion-one/feaeb95e-f5a7-4a2a-9aec-c6dcbd5b0589_F5.2-F1-2DM%3DT0037-01.dwg"
"Vero Brochure","03f404d3-20ed-425b-b96b-7623fe1ef1ea",2024-04-02T18:42:57Z,2024-04-02T18:42:57Z,"9a64f577-0ddb-46e6-86f2-3d30f8940777","VERO V60","c665008e-a037-4f53-8adf-ff666768a757","https://funktion-one.cdn.prismic.io/funktion-one/43579517-3243-4a75-b002-859eda36af46_VERO+Brochure_Compressed.pdf"
"Vero Brochure","040d6024-556c-4999-92d9-c0c03f9215f7",2024-04-02T18:42:57Z,2024-04-02T18:42:57Z,"9a64f577-0ddb-46e6-86f2-3d30f8940777","VERO V90","904044a9-6c1f-4197-9ff3-286e03777601","https://funktion-one.cdn.prismic.io/funktion-one/43579517-3243-4a75-b002-859eda36af46_VERO+Brochure_Compressed.pdf"
"Specification Sheet","0425b02a-c946-4835-b4eb-8b30d4ffbab8",2024-04-02T18:42:57Z,2024-04-02T18:42:57Z,"9a64f577-0ddb-46e6-86f2-3d30f8940777","F315","cba7a819-f0f3-4e1c-98b5-fa11dd878e17","https://funktion-one.cdn.prismic.io/funktion-one/b43f7a08-5c53-4e57-8917-273a9ce9baa9_F315-F1-DS%3DD0032-01.pdf"
"Specification Sheet","093b3e28-5470-490c-94cd-c26ac1ffe2aa",2024-04-02T18:42:57Z,2024-04-02T18:42:57Z,"9a64f577-0ddb-46e6-86f2-3d30f8940777","F124","8cbd897b-c3aa-458a-b301-79c268153ac3","https://funktion-one.cdn.prismic.io/funktion-one/26b64387-2211-44ab-936a-8b838ec2d3ea_F124-F1-DS%3DD0037-01.pdf"
"User Guide","0ad3fc5e-177a-4e26-8052-d5ac2cb233e4",2024-04-02T18:42:57Z,2024-04-02T18:42:57Z,"9a64f577-0ddb-46e6-86f2-3d30f8940777","VERO V315","f5ec735c-7ba0-4e52-b207-465bab52e491","https://funktion-one.cdn.prismic.io/funktion-one/a600e254-dc06-4264-a4ec-063e2409e628_Vero+User+Guide+29_04_2018+%28v0.96%29.pdf"
"Specification Sheet","0c48125c-6be0-4223-b80b-438bcfab2e62",2024-04-02T18:42:57Z,2024-04-02T18:42:57Z,"9a64f577-0ddb-46e6-86f2-3d30f8940777","VERO V315","f5ec735c-7ba0-4e52-b207-465bab52e491","https://funktion-one.cdn.prismic.io/funktion-one/df3f1031-f29c-42ce-b946-e33b295b28ec_V315-F1-DS%3DD0052-00.pdf"
"User Manual","0c596b4f-0e02-44b1-9270-7cdda447c00b",2024-04-02T18:42:57Z,2024-04-02T18:42:57Z,"9a64f577-0ddb-46e6-86f2-3d30f8940777","RES 5E","ac5a3611-d1d3-4edf-8800-f65ee3d103b1","https://funktion-one.cdn.prismic.io/funktion-one/f5650a88-9f11-4fab-b53d-096c3443a853_Res+5+series+UG+091213.pdf"
"Specification Sheet","0cebed58-df65-47af-ae9f-b509f11d45a0",2024-04-02T18:42:56Z,2024-04-02T18:42:56Z,"9a64f577-0ddb-46e6-86f2-3d30f8940777","RES 1.5","3778639a-4b4f-4e03-aaf7-8e1d40ddc5e4","https://funktion-one.cdn.prismic.io/funktion-one/d5098fdd-2326-49be-aaf3-9eec92c0c71c_Res1.5-F1-DS%3DD0025-01.pdf"
"Brochure","0e4ec202-d827-4d60-aecc-00ed00ad18e2",2024-04-02T18:42:57Z,2024-04-02T18:42:57Z,"9a64f577-0ddb-46e6-86f2-3d30f8940777","EVO 7TH","da671f36-eba9-4dab-acc1-f03549a08547","https://funktion-one.cdn.prismic.io/funktion-one/b3811688-12ae-4d08-8df9-a4536c94bfb4_Evo+Brochure+2022+HR.pdf"
"Three Wide Flying System","0f084dd9-2a10-4122-b678-22394f5765b2",2024-04-02T18:42:57Z,2024-04-02T18:42:57Z,"9a64f577-0ddb-46e6-86f2-3d30f8940777","EVO 7T","d835f41e-8fec-4744-b19b-f59e719d780f","https://funktion-one.cdn.prismic.io/funktion-one/b47661a1-55bd-47df-8511-a07633ce1661_Evo+Flying+system+-+3+wide.pdf"
"3D CAD","0f2447a3-acff-448e-83e4-08d3db1ca44f",2024-04-02T18:42:56Z,2024-04-02T18:42:56Z,"9a64f577-0ddb-46e6-86f2-3d30f8940777","RES 1.5","3778639a-4b4f-4e03-aaf7-8e1d40ddc5e4","https://funktion-one.cdn.prismic.io/funktion-one/0b60e1c2-a679-4b05-af37-3940a60a7106_R2-A-3D-DWG_2106.dwg"
"Specification Sheet","0f55dff9-c7e8-4320-a395-4c56b7712147",2024-04-02T18:42:56Z,2024-04-02T18:42:56Z,"9a64f577-0ddb-46e6-86f2-3d30f8940777","F81.2","59f3e706-cac8-490d-ae6a-2087c1f73a5d","https://funktion-one.cdn.prismic.io/funktion-one/98700b07-7388-44aa-bf1c-c62c925ad872_F81.2-F1-DS%3DD0015-00.pdf"
"3D CAD (PSM318H)","0fe7b582-b772-415c-aa6a-8671dd9073b4",2024-04-02T18:42:57Z,2024-04-02T18:42:57Z,"9a64f577-0ddb-46e6-86f2-3d30f8940777","PSM318","e3e1da97-3eb2-42f8-b80e-f5ec18089609","https://funktion-one.cdn.prismic.io/funktion-one/9d565062-d4c6-43e9-aee4-3f4d2dec8403_PSM318H-A-3D-DWG_2106.dwg"
"3D CAD","10d43d66-88bc-4a25-a571-68e61163d8de",2024-04-02T18:42:57Z,2024-04-02T18:42:57Z,"9a64f577-0ddb-46e6-86f2-3d30f8940777","VERO V132","92c078ce-a3f2-4a0f-8f73-6f66fd7b7d64","https://funktion-one.cdn.prismic.io/funktion-one/364dcb76-b4a1-4018-8eb9-bb97ae344ae1_F132-A-3D-DWG_2106.dwg"
"Yoke","13c3a954-2368-410b-b051-35c48da12a33",2024-04-02T18:42:56Z,2024-04-02T18:42:56Z,"9a64f577-0ddb-46e6-86f2-3d30f8940777","EVO 6SH Skeletal","4341597a-afc6-4008-81a2-a40a62cef36e","https://funktion-one.cdn.prismic.io/funktion-one/4f3de3d5-1d55-408c-90ba-8cbd3d3838ab_EVO6SH+Yoke.pdf"
"Specification Sheet","14886203-9279-4944-a6ab-53cf3c9695a9",2024-04-02T18:42:57Z,2024-04-02T18:42:57Z,"9a64f577-0ddb-46e6-86f2-3d30f8940777","EVO 7T","d835f41e-8fec-4744-b19b-f59e719d780f","https://funktion-one.cdn.prismic.io/funktion-one/50ab2d56-a5a6-43f2-8c11-8dd7ccc62a30_Evo7T-F1-DS%3DD0011-01.pdf"
"3D CAD","15161065-afbb-4f0a-8571-9a6b21021694",2024-04-02T18:42:56Z,2024-04-02T18:42:56Z,"9a64f577-0ddb-46e6-86f2-3d30f8940777","RES 2SH","54e12a1d-570d-4151-a40a-94de61ab52a0","https://funktion-one.cdn.prismic.io/funktion-one/4fa9c9a6-81cb-4951-9bd8-adbc3e5b0831_R2SH-A-3D-DWG_2106.dwg"
"3D CAD","15324263-d06b-4b79-9ce2-2e6677906cac",2024-04-02T18:42:57Z,2024-04-02T18:42:57Z,"9a64f577-0ddb-46e6-86f2-3d30f8940777","RES 2","bde7e37b-e258-4e63-8faf-61592f7aa0aa","https://funktion-one.cdn.prismic.io/funktion-one/e84feea2-bb65-4373-a4fc-4933828075bc_R2-A-3D-DWG_2106.dwg"
"Yoke","163024e8-f624-4fd4-8a53-4e8c9606c976",2024-04-02T18:42:57Z,2024-04-02T18:42:57Z,"9a64f577-0ddb-46e6-86f2-3d30f8940777","EVO 6E","f9a3e3e1-1def-4cf2-8d82-c670ca7c6366","https://funktion-one.cdn.prismic.io/funktion-one/b7b11986-91fb-45c8-bae9-64680ac3f5ed_Evo6E%2BYS6%2BSB6-F1-DD%3DT0019-00.PDF"
"Ease Data","17d02e51-e0d1-45a4-863a-e1a49d36f0c2",2024-04-02T18:42:56Z,2024-04-02T18:42:56Z,"9a64f577-0ddb-46e6-86f2-3d30f8940777","RES 4E","2c009461-b83a-4f90-8311-eef1b281dd4d","https://funktion-one.cdn.prismic.io/funktion-one/972c3159-6333-497b-ac8a-74684558c4d4_RES4_EASEDATA.zip"
"Ease Data","1a82dd97-ece4-4013-a1ca-1bb5fa6e9690",2024-04-02T18:42:56Z,2024-04-02T18:42:56Z,"9a64f577-0ddb-46e6-86f2-3d30f8940777","RES 2SH","54e12a1d-570d-4151-a40a-94de61ab52a0","https://funktion-one.cdn.prismic.io/funktion-one/19c6da92-94d0-4bba-8298-420e7d144237_RES2SH_EaseData.zip"
"DXF Elevation","1be0043b-fc1d-42aa-bedc-54aa2c8ab6bf",2024-04-02T18:42:56Z,2024-04-02T18:42:56Z,"9a64f577-0ddb-46e6-86f2-3d30f8940777","F121","51c8584a-5d46-41b1-85d0-9669637e7bde","https://funktion-one.cdn.prismic.io/funktion-one/abfecb53-fab5-4be4-9bf3-759015083eb3_F121-webdxf.dxf"
"Specification Sheet","1d6e3efc-29b9-4bda-9a53-bdc9d1db0948",2024-04-02T18:42:56Z,2024-04-02T18:42:56Z,"9a64f577-0ddb-46e6-86f2-3d30f8940777","RES 4E","2c009461-b83a-4f90-8311-eef1b281dd4d","https://funktion-one.cdn.prismic.io/funktion-one/6d386791-e130-4ef4-9d2b-a47e4b93e824_Res4E-F1-DS%3DD0029-01.pdf"
"2D CAD","1dc03f3b-1d72-45b7-a98e-7b3dedc0b5d5",2024-04-02T18:42:56Z,2024-04-02T18:42:56Z,"9a64f577-0ddb-46e6-86f2-3d30f8940777","F81.2","59f3e706-cac8-490d-ae6a-2087c1f73a5d","https://funktion-one.cdn.prismic.io/funktion-one/8dbfecbc-1a18-4100-89c9-9618faf04225_F81.2-F1-2DM%3DT0043-00.dwg"
"Dance Specification Sheet","1ebc14c3-c227-40af-9432-4377d6d18d48",2024-04-02T18:42:56Z,2024-04-02T18:42:56Z,"9a64f577-0ddb-46e6-86f2-3d30f8940777","DS15","1332fc8f-bad8-4c49-a8c4-25660427716c","https://funktion-one.cdn.prismic.io/funktion-one/98ced994-9541-4071-819d-c6db0b36bb85_Dance+Stack_WebSheet2015.pdf"
"DXF Elevation","2212752b-57b2-47fa-af4f-99cf6e62d010",2024-04-02T18:42:57Z,2024-04-02T18:42:57Z,"9a64f577-0ddb-46e6-86f2-3d30f8940777","F221","fb0c27dc-ed86-4756-8192-fb02269af178","https://funktion-one.cdn.prismic.io/funktion-one/bb1bf6e4-031f-4461-ad76-b210d6708527_F221-webdxf.dxf"
"3D CAD","2220ea41-1d69-4ea1-99a8-fca17dc4a251",2024-04-02T18:42:56Z,2024-04-02T18:42:56Z,"9a64f577-0ddb-46e6-86f2-3d30f8940777","F132","1188c912-8a3a-4ea3-82ab-bda50f827f36","https://funktion-one.cdn.prismic.io/funktion-one/364dcb76-b4a1-4018-8eb9-bb97ae344ae1_F132-A-3D-DWG_2106.dwg"
"Yokes and Wall Mounts","2447d371-ba83-4976-aa01-b3b3b2860332",2024-04-02T18:42:57Z,2024-04-02T18:42:57Z,"9a64f577-0ddb-46e6-86f2-3d30f8940777","RES 2","bde7e37b-e258-4e63-8faf-61592f7aa0aa","https://funktion-one.cdn.prismic.io/funktion-one/6d5473f5-a2c1-40d8-be58-310d43f6e039_2135.pdf"
"Rigging Manual","253159ed-89e4-4c82-bda6-0ce6bbf49d1a",2024-04-02T18:42:56Z,2024-04-02T18:42:56Z,"9a64f577-0ddb-46e6-86f2-3d30f8940777","VERO VX V221","7fdaa0fb-b950-490d-8d60-19a130bf463a","https://funktion-one.cdn.prismic.io/funktion-one/b232089e-ac7e-43de-a049-41c8cb4e8306_VX+Rigging+Manual_V1_32.pdf"
"Dance Stack Specification Sheet","29443b78-a339-4f5f-a041-5722e49a03cb",2024-04-02T18:42:56Z,2024-04-02T18:42:56Z,"9a64f577-0ddb-46e6-86f2-3d30f8940777","DS15","4e7b78fa-1cd5-4bfd-b4cf-64775fb3427f","https://funktion-one.cdn.prismic.io/funktion-one/98ced994-9541-4071-819d-c6db0b36bb85_Dance+Stack_WebSheet2015.pdf"
"Technical Drawing","2a01e1af-bcc0-4780-9a2c-436ce2ea5389",2024-04-02T18:42:56Z,2024-04-02T18:42:56Z,"9a64f577-0ddb-46e6-86f2-3d30f8940777","F5.2","2d65cf6a-3dbf-4e9a-86c0-971fbf42a025","https://funktion-one.cdn.prismic.io/funktion-one/8b667291-85c3-4dd9-aa42-10cad2569c99_F5.2-F1-TD%3DT0035-01+.PDFf"
"Three Wide Flying System","2a75d0cd-2954-4e31-82a0-f36f0b7cfc8b",2024-04-02T18:42:57Z,2024-04-02T18:42:57Z,"9a64f577-0ddb-46e6-86f2-3d30f8940777","EVO 7TH","da671f36-eba9-4dab-acc1-f03549a08547","https://funktion-one.cdn.prismic.io/funktion-one/b47661a1-55bd-47df-8511-a07633ce1661_Evo+Flying+system+-+3+wide.pdf"
"Ground Stack System","2c1879f7-db9a-4f16-a29f-c3bc3d9365d0",2024-04-02T18:42:57Z,2024-04-02T18:42:57Z,"9a64f577-0ddb-46e6-86f2-3d30f8940777","RES 2","bde7e37b-e258-4e63-8faf-61592f7aa0aa","https://funktion-one.cdn.prismic.io/funktion-one/92213e87-36fe-4f7f-a696-aa6641a98aed_GroundStacks_April14-2.pdf"
"Ground Stack System","2c1d9794-fef3-4a5e-857a-1eb8aa8df7bc",2024-04-02T18:42:57Z,2024-04-02T18:42:57Z,"9a64f577-0ddb-46e6-86f2-3d30f8940777","EVO 7TH","da671f36-eba9-4dab-acc1-f03549a08547","https://funktion-one.cdn.prismic.io/funktion-one/fc712f5f-f051-42c3-9722-9505e6a2ed33_Evo+Ground+Stack+System.pdf"
"3D CAD","2c86e8d0-50a8-458d-8abf-035d36728db1",2024-04-02T18:42:56Z,2024-04-02T18:42:56Z,"9a64f577-0ddb-46e6-86f2-3d30f8940777","F215 MKII","691d852a-75fa-4110-831e-c5e4dfa65bd7","https://funktion-one.cdn.prismic.io/funktion-one/eb4e0de5-3da1-4635-a78d-359e6a0df801_F215-A-3D-DWG_2106.dwg"
"3D CAD","2dae0bf4-91a7-4301-a2a1-3d99e301f91f",2024-04-02T18:42:56Z,2024-04-02T18:42:56Z,"9a64f577-0ddb-46e6-86f2-3d30f8940777","DS15","1332fc8f-bad8-4c49-a8c4-25660427716c","https://funktion-one.cdn.prismic.io/funktion-one/ef0bfafa-1841-48e7-b511-447a163503de_DS15-A-Dummy.STEP"
"Specification Sheet","2dbb6b10-593c-48b8-a77d-4cd406cb34ed",2024-04-02T18:42:56Z,2024-04-02T18:42:56Z,"9a64f577-0ddb-46e6-86f2-3d30f8940777","BR132","689563cd-e6a0-4df6-ab26-73a2256fc831","https://funktion-one.cdn.prismic.io/funktion-one/43db8eb5-ceaa-4346-ba2e-4ad611301439_BR132A_2017.pdf"
"Brochure","3121c66e-c049-4df9-9a54-87dad6feae35",2024-04-02T18:42:57Z,2024-04-02T18:42:57Z,"9a64f577-0ddb-46e6-86f2-3d30f8940777","EVO 7SH Skeletal","95f4b55f-0aff-4439-a29f-9da92fdd8519","https://funktion-one.cdn.prismic.io/funktion-one/b3811688-12ae-4d08-8df9-a4536c94bfb4_Evo+Brochure+2022+HR.pdf"
"Wall Bracers","312dcc8b-9414-4bcf-899c-0a2072828761",2024-04-02T18:42:57Z,2024-04-02T18:42:57Z,"9a64f577-0ddb-46e6-86f2-3d30f8940777","RES 1","de2035f5-aad4-4e6c-8425-bded2885f37e","https://funktion-one.cdn.prismic.io/funktion-one/d80e9d1e-f2da-4721-8e4f-ded28a584f34_1307.pdf"
"DXF Elevation","31c64815-076c-4128-ba78-3dd652ced02e",2024-04-02T18:42:56Z,2024-04-02T18:42:56Z,"9a64f577-0ddb-46e6-86f2-3d30f8940777","F118 MKII","3e7c3ead-b19e-4945-beb6-076aa98bbf5e","https://funktion-one.cdn.prismic.io/funktion-one/189e1c2c-666f-46b8-84a1-14e75a5cf8e4_F118mk2-webdxf.dxf"
"Detailed Drawing","31c8405d-75af-4dae-ac75-df6814935fa7",2024-04-02T18:42:56Z,2024-04-02T18:42:56Z,"9a64f577-0ddb-46e6-86f2-3d30f8940777","F81.2","59f3e706-cac8-490d-ae6a-2087c1f73a5d","https://funktion-one.cdn.prismic.io/funktion-one/33642a6d-8e80-4395-8f1e-444987c05ded_F81.2-F1-DD%3DT0041-00.PDF"
"3D CAD","34688d8a-6acb-40a3-b4f9-24ff5fcb9ddd",2024-04-02T18:42:56Z,2024-04-02T18:42:56Z,"9a64f577-0ddb-46e6-86f2-3d30f8940777","F5.2","2d65cf6a-3dbf-4e9a-86c0-971fbf42a025","https://funktion-one.cdn.prismic.io/funktion-one/88c8c3b8-27a4-48b5-8cf9-2d84a68790a9_F5.2-F1-3DM%3DT0038-01.dwg"
"Ease Data","3488c23d-8a63-4f99-950f-44b77c6fe00d",2024-04-02T18:42:56Z,2024-04-02T18:42:56Z,"9a64f577-0ddb-46e6-86f2-3d30f8940777","F101.2","6d802606-973f-4ec3-a325-f1d596b436e5","https://funktion-one.cdn.prismic.io/funktion-one/ae1e3b7b-105e-4f9d-86a5-e3c1a8bd7d1b_Funktion-One+F101.2.gll"
"3D CAD","36bf8762-83bb-443c-b60c-ff405f01b411",2024-04-02T18:42:56Z,2024-04-02T18:42:56Z,"9a64f577-0ddb-46e6-86f2-3d30f8940777","RES 4E","2c009461-b83a-4f90-8311-eef1b281dd4d","https://funktion-one.cdn.prismic.io/funktion-one/2adea005-d00c-424e-b818-13953a82c218_R4E-A-3D-DWG_2106.dwg"
"3D CAD","37381ca0-3eb1-4c28-bfd5-091cdd6765e3",2024-04-02T18:42:56Z,2024-04-02T18:42:56Z,"9a64f577-0ddb-46e6-86f2-3d30f8940777","F121","51c8584a-5d46-41b1-85d0-9669637e7bde","https://funktion-one.cdn.prismic.io/funktion-one/8c100461-b836-4a68-ab47-e5065b9dd0d6_F121-A-3D-DWG_2106.dwg"
"DFX Elevation","38ed147e-594d-4cf0-a20b-fdb5aede07d8",2024-04-02T18:42:57Z,2024-04-02T18:42:57Z,"9a64f577-0ddb-46e6-86f2-3d30f8940777","MB112","d4a30c5c-7e46-41bc-8720-a73575ed936a","https://funktion-one.cdn.prismic.io/funktion-one/2b44bc52-28d0-4016-b5ef-61cee3fb74b5_MB112-webdxf.dxf"
"Specification Sheet","392e5eeb-5a16-4fc4-9050-a315e6ed18ad",2024-04-02T18:42:56Z,2024-04-02T18:42:56Z,"9a64f577-0ddb-46e6-86f2-3d30f8940777","F5.2","2d65cf6a-3dbf-4e9a-86c0-971fbf42a025","https://funktion-one.cdn.prismic.io/funktion-one/3be32049-a9a1-4654-b07b-ada9ac2fa254_F5.2-F1-DS%3DD0014-00.pdf"
"Brochure","3adcfd58-51b6-4754-b3fb-85aac401f1d4",2024-04-02T18:42:56Z,2024-04-02T18:42:56Z,"9a64f577-0ddb-46e6-86f2-3d30f8940777","EVO 6SH Skeletal","4341597a-afc6-4008-81a2-a40a62cef36e","https://funktion-one.cdn.prismic.io/funktion-one/b3811688-12ae-4d08-8df9-a4536c94bfb4_Evo+Brochure+2022+HR.pdf"
"Brochure","3deda094-fa06-4a82-bf82-017b3c0092fd",2024-04-02T18:42:57Z,2024-04-02T18:42:57Z,"9a64f577-0ddb-46e6-86f2-3d30f8940777","EVO 7TL","dac63c0b-073e-4058-8a12-dc51bfa9bffb","https://funktion-one.cdn.prismic.io/funktion-one/b3811688-12ae-4d08-8df9-a4536c94bfb4_Evo+Brochure+2022+HR.pdf"
"User Manual","3e420269-4fd7-4dc3-83fc-7045c07d2422",2024-04-02T18:42:57Z,2024-04-02T18:42:57Z,"9a64f577-0ddb-46e6-86f2-3d30f8940777","RES 1.5TT","b0a04f5c-9850-4ee5-8e08-8d244800baae","https://funktion-one.cdn.prismic.io/funktion-one/9f0832f3-5751-45c5-aa65-2b863edf2422_R1_UserManual_EN_1_0_0_1.pdf"
"Specification Sheet","3ea0a628-eb31-4720-9274-2c7e2184d4c0",2024-04-02T18:42:56Z,2024-04-02T18:42:56Z,"9a64f577-0ddb-46e6-86f2-3d30f8940777","F1201.2","780a225a-c5d8-4939-a570-90d40865f238","https://funktion-one.cdn.prismic.io/funktion-one/ecc67adb-9e05-4ebe-be6e-2f54bb56f121_F1201.2-F1-DS%3DD0017-00.pdf"
"3D CAD","40830460-e38c-49dc-963c-d0ed62c95794",2024-04-02T18:42:56Z,2024-04-02T18:42:56Z,"9a64f577-0ddb-46e6-86f2-3d30f8940777","F81.2","59f3e706-cac8-490d-ae6a-2087c1f73a5d","https://funktion-one.cdn.prismic.io/funktion-one/cc282400-9530-470e-92bf-211115df6871_F81.2-F1-3DM%3DT0044-00.dwg"
"YOKE","40983f89-27fa-4675-8e52-6876a519a048",2024-04-02T18:42:56Z,2024-04-02T18:42:56Z,"9a64f577-0ddb-46e6-86f2-3d30f8940777","F5.2","7aaa4847-fc37-46f0-b5cd-1c93d9f73378","https://funktion-one.cdn.prismic.io/funktion-one/13045fcb-94d4-49d7-a738-e4861bec353f_F5%2BYF5-F1-DD%3DT0056-00.PDF"
"DXF Elevation","42112d36-9e4c-4fb6-81a2-d36921385eec",2024-04-02T18:42:57Z,2024-04-02T18:42:57Z,"9a64f577-0ddb-46e6-86f2-3d30f8940777","AX8","c5b75d8d-9ce0-4a5a-bd03-01266c9c22ea","https://funktion-one.cdn.prismic.io/funktion-one/f50e461b-310d-4114-a0a0-c63b34fc59f3_AX8-webdxf.dxf"
"3D CAD","4291cd4e-8299-4704-86f4-5d4d3e3027b0",2024-04-02T18:42:56Z,2024-04-02T18:42:56Z,"9a64f577-0ddb-46e6-86f2-3d30f8940777","VERO VX V221","7fdaa0fb-b950-490d-8d60-19a130bf463a","https://funktion-one.cdn.prismic.io/funktion-one/10706e5a-7613-40c5-8737-f450d1b75245_VX-A-3D-DWG_2106.dwg"
"DXF Elevation","42ee90db-38ea-4985-8b66-d98434eab623",2024-04-02T18:42:56Z,2024-04-02T18:42:56Z,"9a64f577-0ddb-46e6-86f2-3d30f8940777","F215 MKII","691d852a-75fa-4110-831e-c5e4dfa65bd7","https://funktion-one.cdn.prismic.io/funktion-one/78e2db86-26fc-44ad-8743-e3155bbc9193_F215mk2-webdxf.dxf"
"Wall Mount","437e3539-0f27-4bbf-96ad-e3850302e31a",2024-04-02T18:42:56Z,2024-04-02T18:42:56Z,"9a64f577-0ddb-46e6-86f2-3d30f8940777","F101.2","6d802606-973f-4ec3-a325-f1d596b436e5","https://funktion-one.cdn.prismic.io/funktion-one/5dfbebfe-9416-445b-9828-6177329342c4_F101%2BWME100-F1-DD%3DT0061-00.PDF"
"Vero Brochure","467d4719-6987-447d-a451-0da10664d53c",2024-04-02T18:42:56Z,2024-04-02T18:42:56Z,"9a64f577-0ddb-46e6-86f2-3d30f8940777","VERO V221","7e72e73e-e941-4c4e-ad77-15fdee807d9c","https://funktion-one.cdn.prismic.io/funktion-one/9cd7f9da-b918-49f1-92f1-992a64a704d7_Vero+VX+Brochure.pdf"
"Specification Sheet","476a14dc-49cc-41c8-8cb7-53e694aafdfd",2024-04-02T18:42:57Z,2024-04-02T18:42:57Z,"9a64f577-0ddb-46e6-86f2-3d30f8940777","VERO V90","904044a9-6c1f-4197-9ff3-286e03777601","https://funktion-one.cdn.prismic.io/funktion-one/165d3fb1-a0b9-41a4-be27-e8f7a6683cac_V90-F1-DS%3DD0050-00.pdf"
"User Guide","479b3682-bd87-4809-a43b-115ac5ccc659",2024-04-02T18:42:57Z,2024-04-02T18:42:57Z,"9a64f577-0ddb-46e6-86f2-3d30f8940777","VERO V60","c665008e-a037-4f53-8adf-ff666768a757","https://funktion-one.cdn.prismic.io/funktion-one/a600e254-dc06-4264-a4ec-063e2409e628_Vero+User+Guide+29_04_2018+%28v0.96%29.pdf"
"3D CAD","488d3789-a2aa-4a1b-95b3-ca8b26e8729f",2024-04-02T18:42:57Z,2024-04-02T18:42:57Z,"9a64f577-0ddb-46e6-86f2-3d30f8940777","RES 1.5TT","b0a04f5c-9850-4ee5-8e08-8d244800baae","https://funktion-one.cdn.prismic.io/funktion-one/319268d3-f377-49ad-958d-b705dc9b40e1_R1.5TT-A-3D-DWG_2106.dwg"
"Brochure","49716f1d-73fa-4dd6-86b6-3c9c87576fcf",2024-04-02T18:42:56Z,2024-04-02T18:42:56Z,"9a64f577-0ddb-46e6-86f2-3d30f8940777","EVO 6EH","371f1bb8-b7cb-4d03-a349-592b13f19b66","https://funktion-one.cdn.prismic.io/funktion-one/b3811688-12ae-4d08-8df9-a4536c94bfb4_Evo+Brochure+2022+HR.pdf"
"Brochure","49bb0dd3-da0e-4f56-9ff5-6e5a5160a82f",2024-04-02T18:42:57Z,2024-04-02T18:42:57Z,"9a64f577-0ddb-46e6-86f2-3d30f8940777","EVO 7E","e5405d13-1d47-4311-82f2-30f13b63c004","https://funktion-one.cdn.prismic.io/funktion-one/b3811688-12ae-4d08-8df9-a4536c94bfb4_Evo+Brochure+2022+HR.pdf"
"3D CAD","4c206e42-68ca-4749-89dc-85a1022daba3",2024-04-02T18:42:57Z,2024-04-02T18:42:57Z,"9a64f577-0ddb-46e6-86f2-3d30f8940777","EVO 7SH Skeletal","95f4b55f-0aff-4439-a29f-9da92fdd8519","https://funktion-one.cdn.prismic.io/funktion-one/24a3ad8f-1478-4faf-8ac7-af42c91194e8_EVO7SH-A-3D-DWG_2106.dwg"
"Vero Brochure","4c2a9098-ad5a-4a96-9b6f-9cacd1893ad9",2024-04-02T18:42:56Z,2024-04-02T18:42:56Z,"9a64f577-0ddb-46e6-86f2-3d30f8940777","VERO V124","107d378d-eb13-419c-b8b9-70be6c69b127","https://funktion-one.cdn.prismic.io/funktion-one/43579517-3243-4a75-b002-859eda36af46_VERO+Brochure_Compressed.pdf"
"DXF Elevation","4c99caf7-0df1-4a74-b673-dc0c282b33ba",2024-04-02T18:42:56Z,2024-04-02T18:42:56Z,"9a64f577-0ddb-46e6-86f2-3d30f8940777","AX88","111c8df6-1532-4d4c-a9e2-465201be1cf0","https://funktion-one.cdn.prismic.io/funktion-one/d471d936-a2dc-4092-aace-712c29e60ce1_AX88-webdxf.dxf"
"Double Cluster Yoke Kit","4d3a50ca-4167-4a2a-bc74-bbe7473ddbb8",2024-04-02T18:42:56Z,2024-04-02T18:42:56Z,"9a64f577-0ddb-46e6-86f2-3d30f8940777","AX88","111c8df6-1532-4d4c-a9e2-465201be1cf0","https://funktion-one.cdn.prismic.io/funktion-one/43ad388b-d7c2-4086-b206-713197a42bc6_AX88DoubleClusterYokeKit.pdf"
"Yoke Technical Drawing","4d792e78-f618-43aa-8777-0fc212c36851",2024-04-02T18:42:56Z,2024-04-02T18:42:56Z,"9a64f577-0ddb-46e6-86f2-3d30f8940777","EVO X","367875ea-ebb7-47cf-9548-8b45d3c6679c","https://funktion-one.cdn.prismic.io/funktion-one/70ed0976-1973-4342-b931-2ed72293cca5_YSX-F1-TD%3DT0006-00.PDF"
"Two Wide Flying System","4e980741-4512-4440-b91b-d156fb2cb347",2024-04-02T18:42:57Z,2024-04-02T18:42:57Z,"9a64f577-0ddb-46e6-86f2-3d30f8940777","EVO 7TL","dac63c0b-073e-4058-8a12-dc51bfa9bffb","https://funktion-one.cdn.prismic.io/funktion-one/2ea12a70-280d-498b-820d-2bf130e9691b_Evo+Flying+System+-+2+wide.pdf"
"Square Bracketing","4ec74110-bd37-4d36-951b-9f7539c8e0ae",2024-04-02T18:42:57Z,2024-04-02T18:42:57Z,"9a64f577-0ddb-46e6-86f2-3d30f8940777","RES 1","de2035f5-aad4-4e6c-8425-bded2885f37e","https://funktion-one.cdn.prismic.io/funktion-one/23633dda-a3d1-4541-b810-912324f40736_1306.pdf"
"Accessories","4ed7cbb8-0c6f-43f4-adfd-c8a7d0db647b",2024-04-02T18:42:57Z,2024-04-02T18:42:57Z,"9a64f577-0ddb-46e6-86f2-3d30f8940777","F88","ccbaeb9b-8c02-4182-b6ae-481f1f9cd35c","https://funktion-one.cdn.prismic.io/funktion-one/44275ef7-535e-455e-9512-2e6bb72ee87b_WME100_f88.pdf"
"Brochure","4f0304ea-bda4-4dc3-91bd-4d994b9c6c2d",2024-04-02T18:42:57Z,2024-04-02T18:42:57Z,"9a64f577-0ddb-46e6-86f2-3d30f8940777","EVO 6E","f9a3e3e1-1def-4cf2-8d82-c670ca7c6366","https://funktion-one.cdn.prismic.io/funktion-one/b3811688-12ae-4d08-8df9-a4536c94bfb4_Evo+Brochure+2022+HR.pdf"
"Specification Sheet","500b901e-6376-4651-933c-26d652e8f4ab",2024-04-02T18:42:57Z,2024-04-02T18:42:57Z,"9a64f577-0ddb-46e6-86f2-3d30f8940777","PSM318","e3e1da97-3eb2-42f8-b80e-f5ec18089609","https://funktion-one.cdn.prismic.io/funktion-one/b2753958-de97-42b9-996c-02545e2d333c_PSM318-F1-DS%3DD0049-00.pdf"
"Three Wide Flying System","50b8e7c3-3ecd-4732-af15-2698cef49d1a",2024-04-02T18:42:57Z,2024-04-02T18:42:57Z,"9a64f577-0ddb-46e6-86f2-3d30f8940777","EVO 7TL","dac63c0b-073e-4058-8a12-dc51bfa9bffb","https://funktion-one.cdn.prismic.io/funktion-one/b47661a1-55bd-47df-8511-a07633ce1661_Evo+Flying+system+-+3+wide.pdf"
"Detailed Drawing","51beabfd-933f-45cb-a760-438a662b842a",2024-04-02T18:42:56Z,2024-04-02T18:42:56Z,"9a64f577-0ddb-46e6-86f2-3d30f8940777","EVO X","367875ea-ebb7-47cf-9548-8b45d3c6679c","https://funktion-one.cdn.prismic.io/funktion-one/33f01879-1d83-4f00-9ec4-d1682e7aed35_EvoX-F1-DD%3DT0002-00.PDF"
"Specification Sheet","51d5d3ee-4224-40a6-83c5-b833d7d5a0fd",2024-04-02T18:42:56Z,2024-04-02T18:42:56Z,"9a64f577-0ddb-46e6-86f2-3d30f8940777","F55","364071e8-e818-479b-9688-1f358eebb130","https://funktion-one.cdn.prismic.io/funktion-one/18ad5968-7e0b-4c28-8490-f353378763f6_F55-F1-DS%3DD0018-00.pdf"
"Specification Sheet","54c961cc-213b-4501-8ce2-c1a45544a457",2024-04-02T18:42:57Z,2024-04-02T18:42:57Z,"9a64f577-0ddb-46e6-86f2-3d30f8940777","AX8","c5b75d8d-9ce0-4a5a-bd03-01266c9c22ea","https://funktion-one.cdn.prismic.io/funktion-one/ffd94326-9ca5-4b04-9eb0-0bd0d6f2f82e_AX8-F1-DS%3DD0057-00.pdf"
"Specification Sheet","5672503b-3810-45c3-96c1-13e4c8ad39f7",2024-04-02T18:42:56Z,2024-04-02T18:42:56Z,"9a64f577-0ddb-46e6-86f2-3d30f8940777","BR221","3fbce079-f7db-4b07-a082-31ab88947fdb","https://funktion-one.cdn.prismic.io/funktion-one/56adb453-71f1-43ce-9829-d5d3ab2ae1c5_BR221-F1-DS%3DD0042-01.pdf"
"User Guide","5779d781-a246-4927-92a6-76eac7408416",2024-04-02T18:42:56Z,2024-04-02T18:42:56Z,"9a64f577-0ddb-46e6-86f2-3d30f8940777","EVO X","367875ea-ebb7-47cf-9548-8b45d3c6679c","https://funktion-one.cdn.prismic.io/funktion-one/ff6aabe9-dccb-4c9b-97be-0834ab0b1df7_Evo_X_User_Guide_V1.2.pdf"
"Specification Sheet","5876b3a1-1555-49b7-a9c2-044b35c44a97",2024-04-02T18:42:57Z,2024-04-02T18:42:57Z,"9a64f577-0ddb-46e6-86f2-3d30f8940777","EVO 7SH Skeletal","95f4b55f-0aff-4439-a29f-9da92fdd8519","https://funktion-one.cdn.prismic.io/funktion-one/25bbd22a-cb14-4a53-b2cd-e05d6acff13e_Evo7SH-F1-DS%3DD0009-01.pdf"
"DXF Elevation","58d1ce45-7765-4bab-b7fd-f1a1ce8c254c",2024-04-02T18:42:57Z,2024-04-02T18:42:57Z,"9a64f577-0ddb-46e6-86f2-3d30f8940777","PSM18","af28ecf0-6b89-404d-96de-761460ba4c39","https://funktion-one.cdn.prismic.io/funktion-one/f2e65d09-9aab-4b65-b88e-6aca387ad66f_PSM18-webdxf.dxf"
"Technical Drawing","5934e6de-18cb-43bf-acda-59405fa14b63",2024-04-02T18:42:56Z,2024-04-02T18:42:56Z,"9a64f577-0ddb-46e6-86f2-3d30f8940777","EVO X","367875ea-ebb7-47cf-9548-8b45d3c6679c","https://funktion-one.cdn.prismic.io/funktion-one/bc139aed-3b97-4801-8300-e5e508f3825a_EvoX-F1-TD%3DT0001-00.PDF"
"Simple/Universal Yoke Kit","594ac78d-a86d-43d0-913f-12137889a657",2024-04-02T18:42:57Z,2024-04-02T18:42:57Z,"9a64f577-0ddb-46e6-86f2-3d30f8940777","RES 1","de2035f5-aad4-4e6c-8425-bded2885f37e","https://funktion-one.cdn.prismic.io/funktion-one/19d63810-1210-4d9b-99ee-add3688d3900_1312.pdf"
"Specification Sheet","59f06088-a749-4053-9ec7-2c28dad8310e",2024-04-02T18:42:57Z,2024-04-02T18:42:57Z,"9a64f577-0ddb-46e6-86f2-3d30f8940777","EVO 7TL","dac63c0b-073e-4058-8a12-dc51bfa9bffb","https://funktion-one.cdn.prismic.io/funktion-one/cfe90b18-029c-4b41-b851-238b24d3df5c_Evo7TL-F1-DS%3DD0013-01.pdf"
"Specification Sheet","5a0ca135-806c-4373-b818-6639882a4e68",2024-04-02T18:42:56Z,2024-04-02T18:42:56Z,"9a64f577-0ddb-46e6-86f2-3d30f8940777","F215 MKII","691d852a-75fa-4110-831e-c5e4dfa65bd7","https://funktion-one.cdn.prismic.io/funktion-one/ddc07d38-51c5-4859-b2d7-69a3b5f860b7_F215_MkII-F1-DS%3DD0031-01.pdf"
"Ground Stack Tilt Strap","5b1c8bc2-0d17-4d27-bff4-7c19aa97d098",2024-04-02T18:42:57Z,2024-04-02T18:42:57Z,"9a64f577-0ddb-46e6-86f2-3d30f8940777","RES 5E","ac5a3611-d1d3-4edf-8800-f65ee3d103b1","https://funktion-one.cdn.prismic.io/funktion-one/c6a23843-1411-4c7a-8114-d60ba4ba0af2_GSS.pdf"
"3D CAD (PSM318L)","5b67c2c0-e1ab-4bd0-afef-c009226be418",2024-04-02T18:42:57Z,2024-04-02T18:42:57Z,"9a64f577-0ddb-46e6-86f2-3d30f8940777","PSM318","e3e1da97-3eb2-42f8-b80e-f5ec18089609","https://funktion-one.cdn.prismic.io/funktion-one/8abfa398-ee1c-4470-a33f-ba550c994f3f_PSM318L-A-3D-DWG_2106.dwg"
"2D CAD","5c7719f4-2286-465b-b8ee-641cba17e390",2024-04-02T18:42:56Z,2024-04-02T18:42:56Z,"9a64f577-0ddb-46e6-86f2-3d30f8940777","F1201.2","780a225a-c5d8-4939-a570-90d40865f238","https://funktion-one.cdn.prismic.io/funktion-one/e0d9dbe3-a096-403e-a5b1-cb2a11a74735_F1201.2-F1-2DM%3DF0082-00.dwg"
"Two Wide Flying System","5cf366e0-f0f4-494b-a8db-1d2e6623083d",2024-04-02T18:42:57Z,2024-04-02T18:42:57Z,"9a64f577-0ddb-46e6-86f2-3d30f8940777","EVO 7T","d835f41e-8fec-4744-b19b-f59e719d780f","https://funktion-one.cdn.prismic.io/funktion-one/2ea12a70-280d-498b-820d-2bf130e9691b_Evo+Flying+System+-+2+wide.pdf"
"3D CAD","62324d0c-f2ef-428a-acef-026f2a2bab1c",2024-04-02T18:42:57Z,2024-04-02T18:42:57Z,"9a64f577-0ddb-46e6-86f2-3d30f8940777","SB8","f858c5e8-7e7d-44b1-9258-2fb37f7e584e","https://funktion-one.cdn.prismic.io/funktion-one/d8ecdd2f-31a4-41d0-804c-1e87378da493_SB8-A-3D-DWG_2106.dwg"
"3D CAD","635694cc-f6b5-48d9-9e7b-643641abdcae",2024-04-02T18:42:57Z,2024-04-02T18:42:57Z,"9a64f577-0ddb-46e6-86f2-3d30f8940777","BR118","94c79e91-f522-4d0b-a94e-17cf354c7f62","https://funktion-one.cdn.prismic.io/funktion-one/9cd8f147-e082-49a9-a013-b1e8361bb587_BR118-A-Dummy.STEP"
"T-Bar","63fbbfb4-268e-4f67-a1bf-c49b77707206",2024-04-02T18:42:57Z,2024-04-02T18:42:57Z,"9a64f577-0ddb-46e6-86f2-3d30f8940777","RES 1","de2035f5-aad4-4e6c-8425-bded2885f37e","https://funktion-one.cdn.prismic.io/funktion-one/ef455d56-631d-4c8b-97b6-147e744e80e2_1302-2.pdf"
"Specification Sheet","65e2ebf6-c2c4-4d0f-a572-4c66c74eff7c",2024-04-02T18:42:56Z,2024-04-02T18:42:56Z,"9a64f577-0ddb-46e6-86f2-3d30f8940777","DS15","4e7b78fa-1cd5-4bfd-b4cf-64775fb3427f","https://funktion-one.cdn.prismic.io/funktion-one/88ece7b3-100c-4748-9f93-dca44e01ddff_DS15-F1-DS%3DD0043-01.pdf"
"DXF Elevation","66b7cc91-772f-4148-873b-f4232692dee7",2024-04-02T18:42:57Z,2024-04-02T18:42:57Z,"9a64f577-0ddb-46e6-86f2-3d30f8940777","PSM12","8db839d1-78ba-404d-bf46-50dae4cb9c40","https://funktion-one.cdn.prismic.io/funktion-one/f315f656-1aed-4644-931d-9faa57522f6e_PSM12-webdxf.dxf"
"3D CAD","674e84bd-fe44-4743-8bc9-d390024d5751",2024-04-02T18:42:57Z,2024-04-02T18:42:57Z,"9a64f577-0ddb-46e6-86f2-3d30f8940777","MB112","d4a30c5c-7e46-41bc-8720-a73575ed936a","https://funktion-one.cdn.prismic.io/funktion-one/12f31099-6321-41e3-90f1-bd854e87f2cd_MB112-A-3D-DWG_2106.dwg"
"2D CAD (DWG)","67749b4d-f7b1-4b57-ba9a-4466001ca08b",2024-04-02T18:42:56Z,2024-04-02T18:42:56Z,"9a64f577-0ddb-46e6-86f2-3d30f8940777","EVO X","367875ea-ebb7-47cf-9548-8b45d3c6679c","https://funktion-one.cdn.prismic.io/funktion-one/89260b12-23b3-403d-b7cd-74ac3388e2a1_EvoX-F1-2DM%3DT0003-00.dwg"
"DXF Elevation","687452f2-f08e-4f75-a25f-0404a517f8ca",2024-04-02T18:42:57Z,2024-04-02T18:42:57Z,"9a64f577-0ddb-46e6-86f2-3d30f8940777","PSM318","e3e1da97-3eb2-42f8-b80e-f5ec18089609","https://funktion-one.cdn.prismic.io/funktion-one/c512e641-6366-40b7-9e2a-0d22f30d04c3_PSM318-webdxf.dxf"
"Specification Sheet","688bda08-374a-42b5-befb-a121db6948d7",2024-04-02T18:42:57Z,2024-04-02T18:42:57Z,"9a64f577-0ddb-46e6-86f2-3d30f8940777","RES 1.5TT","b0a04f5c-9850-4ee5-8e08-8d244800baae","https://funktion-one.cdn.prismic.io/funktion-one/3542330d-db84-49af-928a-5a41d0c9045f_Res1.5TT-F1-DS%3DD0026-00.pdf"
"Yoke","6a0489c7-b135-4909-820b-4fedc87db971",2024-04-02T18:42:56Z,2024-04-02T18:42:56Z,"9a64f577-0ddb-46e6-86f2-3d30f8940777","F101.2","6d802606-973f-4ec3-a325-f1d596b436e5","https://funktion-one.cdn.prismic.io/funktion-one/4b705139-3223-4776-bf0f-93d5876dd23a_F101%2BYF101-F1-DD%3DT0058-00.PDF"
"Yoke Detailed Drawing","6a0dfa1e-a627-445d-b0da-147179a8db92",2024-04-02T18:42:56Z,2024-04-02T18:42:56Z,"9a64f577-0ddb-46e6-86f2-3d30f8940777","EVO X","367875ea-ebb7-47cf-9548-8b45d3c6679c","https://funktion-one.cdn.prismic.io/funktion-one/4858ab4c-2263-4bb2-87b9-b1acff15089a_EvoX%2BYSX%2BSB6-F1-DD%3DT0008-00.PDF"
"3D CAD","6a2fa905-da19-4fb0-800a-c41526d71713",2024-04-02T18:42:56Z,2024-04-02T18:42:56Z,"9a64f577-0ddb-46e6-86f2-3d30f8940777","F101.2","6d802606-973f-4ec3-a325-f1d596b436e5","https://funktion-one.cdn.prismic.io/funktion-one/85bd6170-a360-4340-988c-d9f56a82ae6b_F101.2-F1-3DM%3DT0049-00.dwg"
"Specification Sheet","6aaa549d-cd93-42cf-a075-84d00bd8a32d",2024-04-02T18:42:56Z,2024-04-02T18:42:56Z,"9a64f577-0ddb-46e6-86f2-3d30f8940777","RES 2SH","54e12a1d-570d-4151-a40a-94de61ab52a0","https://funktion-one.cdn.prismic.io/funktion-one/88164cab-217e-4dbd-baa9-79800ec01424_Res2SH-F1-DS%3DD0028-01.pdf"
"Specification Sheet","6d0e54d5-21c4-4740-8fce-1afc4a810616",2024-04-02T18:42:57Z,2024-04-02T18:42:57Z,"9a64f577-0ddb-46e6-86f2-3d30f8940777","PSM12","8db839d1-78ba-404d-bf46-50dae4cb9c40","https://funktion-one.cdn.prismic.io/funktion-one/5e65afab-5a74-47f8-91e1-1a4b200024b4_PSM12-F1-DS%3DD0047-00.pdf"
"Technical Drawing","6d167fb9-be9c-444a-a060-22d61f17e5c7",2024-04-02T18:42:56Z,2024-04-02T18:42:56Z,"9a64f577-0ddb-46e6-86f2-3d30f8940777","F81.2","59f3e706-cac8-490d-ae6a-2087c1f73a5d","https://funktion-one.cdn.prismic.io/funktion-one/ef8a4a2d-44f3-4e80-b9db-c982eff40ede_F81.2-F1-TD%3DT0040-00.PDF"
"Vero Brochure","6d26cae0-591d-4d9e-be91-ac5cc25cefb0",2024-04-02T18:42:57Z,2024-04-02T18:42:57Z,"9a64f577-0ddb-46e6-86f2-3d30f8940777","VERO V315","f5ec735c-7ba0-4e52-b207-465bab52e491","https://funktion-one.cdn.prismic.io/funktion-one/43579517-3243-4a75-b002-859eda36af46_VERO+Brochure_Compressed.pdf"
"User Manual","700176b5-f51f-44af-a227-deae4c8980dc",2024-04-02T18:42:57Z,2024-04-02T18:42:57Z,"9a64f577-0ddb-46e6-86f2-3d30f8940777","RES 1","de2035f5-aad4-4e6c-8425-bded2885f37e","https://funktion-one.cdn.prismic.io/funktion-one/29882e8e-0600-42d1-adb2-776af18921d0_R1_UserManual_EN_1_0_0_1.pdf"
"Detail Drawing","727a912a-985d-4fea-a5d8-d8cb5c8ef8b1",2024-04-02T18:42:56Z,2024-04-02T18:42:56Z,"9a64f577-0ddb-46e6-86f2-3d30f8940777","F101.2","6d802606-973f-4ec3-a325-f1d596b436e5","https://funktion-one.cdn.prismic.io/funktion-one/e6221219-b7f1-4987-b5b9-80828e749670_F101.2-F1-DD%3DT0046-00.PDF"
"Specification Sheet","73584755-eacf-49e6-bcc8-12b1d45767a0",2024-04-02T18:42:56Z,2024-04-02T18:42:56Z,"9a64f577-0ddb-46e6-86f2-3d30f8940777","F101.2","6d802606-973f-4ec3-a325-f1d596b436e5","https://funktion-one.cdn.prismic.io/funktion-one/4b5767ab-1aaf-44b7-9e71-9bda31f0cae7_F101.2-F1-DS%3DD0016-00.pdf"
"DXF Elevation","76470a45-b164-4f3e-89ba-c69d41444678",2024-04-02T18:42:57Z,2024-04-02T18:42:57Z,"9a64f577-0ddb-46e6-86f2-3d30f8940777","RES 1","de2035f5-aad4-4e6c-8425-bded2885f37e","https://funktion-one.cdn.prismic.io/funktion-one/0d505ac0-095c-4552-b976-905c637fd39c_R1-webdxf.dxf"
"Ground Stack System","77714d00-d50b-40bf-a3e9-446473b4f766",2024-04-02T18:42:56Z,2024-04-02T18:42:56Z,"9a64f577-0ddb-46e6-86f2-3d30f8940777","EVO 6EH","371f1bb8-b7cb-4d03-a349-592b13f19b66","https://funktion-one.cdn.prismic.io/funktion-one/fc712f5f-f051-42c3-9722-9505e6a2ed33_Evo+Ground+Stack+System.pdf"
"Specification Sheet","77fe9b50-404b-42ea-8348-f66040eebc73",2024-04-02T18:42:56Z,2024-04-02T18:42:56Z,"9a64f577-0ddb-46e6-86f2-3d30f8940777","F115 MKII","3a30e712-fc9e-438b-b75c-4c797adf0d8a","https://funktion-one.cdn.prismic.io/funktion-one/3a72df79-a632-4e4f-bc73-94c25420e5df_F115_MkII-F1-DS%3DD0030-00.pdf"
"DFX Elevation","7988a91b-a5c6-4c74-ad5b-6a4dd7d3d5fa",2024-04-02T18:42:56Z,2024-04-02T18:42:56Z,"9a64f577-0ddb-46e6-86f2-3d30f8940777","MB212","422cbe91-1e83-46a7-8d09-9688a390e317","https://funktion-one.cdn.prismic.io/funktion-one/83f4260f-c51b-441f-8ed1-9dda289ab5ee_MB212-webdxf.dxf"
"Yoke","799d69da-0e48-4f5c-a1cb-95357d7955a9",2024-04-02T18:42:56Z,2024-04-02T18:42:56Z,"9a64f577-0ddb-46e6-86f2-3d30f8940777","F81.2","59f3e706-cac8-490d-ae6a-2087c1f73a5d","https://funktion-one.cdn.prismic.io/funktion-one/1814c816-5e86-4d58-ac00-372d880cf209_F81%2BYF81-F1-DD%3DT0057-00.PDF"
"3D CAD","79f61705-1eee-4922-9a3c-91f806d0c6ed",2024-04-02T18:42:57Z,2024-04-02T18:42:57Z,"9a64f577-0ddb-46e6-86f2-3d30f8940777","F221","fb0c27dc-ed86-4756-8192-fb02269af178","https://funktion-one.cdn.prismic.io/funktion-one/900acce3-521b-4fe9-b6a8-7a177490f38f_F221-A-3D-DWG_2106.dwg"
"Ease Data","7b98ed0a-7983-4af8-9b07-2c093e46651b",2024-04-02T18:42:56Z,2024-04-02T18:42:56Z,"9a64f577-0ddb-46e6-86f2-3d30f8940777","EVO 6EH","371f1bb8-b7cb-4d03-a349-592b13f19b66","https://funktion-one.cdn.prismic.io/funktion-one/41805f7a-6150-4657-a229-97808ec7e646_EVO6EH-V10.gll.zip"
"DXF Elevation","7c6bee6e-33a4-4a4a-bbbb-43a03af85c44",2024-04-02T18:42:56Z,2024-04-02T18:42:56Z,"9a64f577-0ddb-46e6-86f2-3d30f8940777","RES 1.5","3778639a-4b4f-4e03-aaf7-8e1d40ddc5e4","https://funktion-one.cdn.prismic.io/funktion-one/33a231cb-19af-4afc-bb91-4a0a5d4d341b_R1point5-webdxf.dxf"
"Specification Sheet","7e46a23c-ed76-4a15-9341-c3f8c70b5aa6",2024-04-02T18:42:57Z,2024-04-02T18:42:57Z,"9a64f577-0ddb-46e6-86f2-3d30f8940777","VERO V60","c665008e-a037-4f53-8adf-ff666768a757","https://funktion-one.cdn.prismic.io/funktion-one/6b269c0a-0b06-44df-8acc-7c064bda30f8_V60-F1-DS%3DD0051-00.pdf"
"Specification Sheet","7ed7a1ea-d4ec-4173-a2d7-6351bf7035cc",2024-04-02T18:42:57Z,2024-04-02T18:42:57Z,"9a64f577-0ddb-46e6-86f2-3d30f8940777","Infrahorn","96688231-c6de-412a-941e-84c125d7e054","https://funktion-one.cdn.prismic.io/funktion-one/b4491af3-6eb1-42dc-9a3a-2b9bfa4445ac_Infrahorn-F1-DS%3DD0060-00.pdf"
"3D CAD","7f1afe5c-6856-4b6c-af4c-50a27be61bb5",2024-04-02T18:42:56Z,2024-04-02T18:42:56Z,"9a64f577-0ddb-46e6-86f2-3d30f8940777","BR221","3fbce079-f7db-4b07-a082-31ab88947fdb","https://funktion-one.cdn.prismic.io/funktion-one/56adb453-71f1-43ce-9829-d5d3ab2ae1c5_BR221-F1-DS%3DD0042-01.pdf"
"Specification Sheet","7f984b82-4af4-4678-8274-d92b33a781c5",2024-04-02T18:42:56Z,2024-04-02T18:42:56Z,"9a64f577-0ddb-46e6-86f2-3d30f8940777","EVO 6SH Skeletal","4341597a-afc6-4008-81a2-a40a62cef36e","https://funktion-one.cdn.prismic.io/funktion-one/75ae63c6-28a9-4bbb-8460-638d27e0886b_Evo6SH-F1-DS%3DD0005-01.pdf"
"3D CAD","7fb6b664-b184-4c36-9476-4f6fb1a1bba8",2024-04-02T18:42:57Z,2024-04-02T18:42:57Z,"9a64f577-0ddb-46e6-86f2-3d30f8940777","PSM12","8db839d1-78ba-404d-bf46-50dae4cb9c40","https://funktion-one.cdn.prismic.io/funktion-one/2d556ab0-9c91-40ed-9741-a52c59b7a976_PSM12-A-3D-DWG_2106.dwg"
"3D CAD","7fdc3e8c-2a24-4a09-a454-eb987efcc27f",2024-04-02T18:42:56Z,2024-04-02T18:42:56Z,"9a64f577-0ddb-46e6-86f2-3d30f8940777","EVO 6SH Skeletal","4341597a-afc6-4008-81a2-a40a62cef36e","https://funktion-one.cdn.prismic.io/funktion-one/913a0bbe-7e33-4d95-b3e6-bbbc0bf0626e_EVO6SH-A-3D-DWG_2106.dwg"
"3D CAD","80f4c164-2b6b-44b0-b7e7-bd4f210dff77",2024-04-02T18:42:56Z,2024-04-02T18:42:56Z,"9a64f577-0ddb-46e6-86f2-3d30f8940777","F55","364071e8-e818-479b-9688-1f358eebb130","https://funktion-one.cdn.prismic.io/funktion-one/837f9391-fcfb-448c-a4d7-469d631209ef_F55-A-3D-DWG_2106.dwg"
"Specification Sheet","822f819a-874d-4b31-a08d-68ffafa07e14",2024-04-02T18:42:57Z,2024-04-02T18:42:57Z,"9a64f577-0ddb-46e6-86f2-3d30f8940777","EVO 7E","e5405d13-1d47-4311-82f2-30f13b63c004","https://funktion-one.cdn.prismic.io/funktion-one/9309c439-984f-4466-b091-b5bfa0bcefdb_Evo7E-F1-DS%3DD0007-01.pdf"
"3D CAD","84004c4a-4f12-4eb0-8eaf-c675e15b779f",2024-04-02T18:42:56Z,2024-04-02T18:42:56Z,"9a64f577-0ddb-46e6-86f2-3d30f8940777","Infrabass 218","4739addc-f7c2-4be1-a11f-4fd00e5221de","https://funktion-one.cdn.prismic.io/funktion-one/c11e6c56-2361-4b49-8981-c035fe577bbc_IB218-webdxf.dxf"
"Specification Sheet","85108424-0a24-47ef-8f9e-c9d05d7d6a1e",2024-04-02T18:42:56Z,2024-04-02T18:42:56Z,"9a64f577-0ddb-46e6-86f2-3d30f8940777","VERO V124","107d378d-eb13-419c-b8b9-70be6c69b127","https://funktion-one.cdn.prismic.io/funktion-one/26b64387-2211-44ab-936a-8b838ec2d3ea_F124-F1-DS%3DD0037-01.pdf"
"Ground Stack System","851dcb2f-b26a-4978-9790-af347c5edbac",2024-04-02T18:42:57Z,2024-04-02T18:42:57Z,"9a64f577-0ddb-46e6-86f2-3d30f8940777","EVO 7TL","dac63c0b-073e-4058-8a12-dc51bfa9bffb","https://funktion-one.cdn.prismic.io/funktion-one/fc712f5f-f051-42c3-9722-9505e6a2ed33_Evo+Ground+Stack+System.pdf"
"Specification Sheet","85514961-21b4-4eea-9b1a-cc7cf9c177a5",2024-04-02T18:42:57Z,2024-04-02T18:42:57Z,"9a64f577-0ddb-46e6-86f2-3d30f8940777","F218 MKII","b93d36b5-7845-4150-917c-73fd00948940","https://funktion-one.cdn.prismic.io/funktion-one/7ff40a06-2f52-4c50-ab04-56755011108a_F218_MkII-F1-DS%3DD0034-01.pdf"
"3D CAD","8755b5ad-182f-41d3-b79a-9d735152c13a",2024-04-02T18:42:56Z,2024-04-02T18:42:56Z,"9a64f577-0ddb-46e6-86f2-3d30f8940777","BR121","14cb2a97-774f-4037-97a6-5b336d0f2738","https://funktion-one.cdn.prismic.io/funktion-one/31ae07ab-48aa-493e-a2a3-008e6f5c4b68_BR121-A-3D-DWG_2106.dwg"
"DXF Elevation","877c13c0-4c67-4a76-af82-83bb50e5f52c",2024-04-02T18:42:57Z,2024-04-02T18:42:57Z,"9a64f577-0ddb-46e6-86f2-3d30f8940777","F88","ccbaeb9b-8c02-4182-b6ae-481f1f9cd35c","https://funktion-one.cdn.prismic.io/funktion-one/c89e8172-784c-40e1-bf1d-0ef973affa73_F88-webdxf.dxf"
"3D CAD","8815dfeb-dd2c-4d29-a164-9553ad1017e2",2024-04-02T18:42:57Z,2024-04-02T18:42:57Z,"9a64f577-0ddb-46e6-86f2-3d30f8940777","BR115","b2e1a64b-d05e-4b7a-adbe-5ba107aa486f","https://funktion-one.cdn.prismic.io/funktion-one/121e467b-c861-48d9-a69e-1b0475b228d2_BR115-A-3D-DWG_2106.dwg"
"Rigging Manual","89648685-fe77-4c6c-a9b3-bd7af5bb98df",2024-04-02T18:42:57Z,2024-04-02T18:42:57Z,"9a64f577-0ddb-46e6-86f2-3d30f8940777","VERO VX V124","c5c6cce8-d28b-482b-8f59-64d556aa7388","https://funktion-one.cdn.prismic.io/funktion-one/b232089e-ac7e-43de-a049-41c8cb4e8306_VX+Rigging+Manual_V1_32.pdf"
"Specification Sheet","8adaad99-a8f6-4cab-bc3a-278c8fd5373f",2024-04-02T18:42:57Z,2024-04-02T18:42:57Z,"9a64f577-0ddb-46e6-86f2-3d30f8940777","VERO VX V124","c5c6cce8-d28b-482b-8f59-64d556aa7388","https://funktion-one.cdn.prismic.io/funktion-one/26b64387-2211-44ab-936a-8b838ec2d3ea_F124-F1-DS%3DD0037-01.pdf"
"Detail Drawing","8adac96e-c3e1-4e4d-8e05-90a4271545d3",2024-04-02T18:42:56Z,2024-04-02T18:42:56Z,"9a64f577-0ddb-46e6-86f2-3d30f8940777","F1201.2","780a225a-c5d8-4939-a570-90d40865f238","https://funktion-one.cdn.prismic.io/funktion-one/2b03c9da-cd59-41f5-87ab-19d4c6022afa_F1201.2-F1-DD%3DT0081-00.PDF"
"Metalwork Assembly","8b494e72-48cc-4c12-8537-f3b6694a14cb",2024-04-02T18:42:56Z,2024-04-02T18:42:56Z,"9a64f577-0ddb-46e6-86f2-3d30f8940777","DS210","483067ea-c881-449f-a49b-4680a402be3d","https://funktion-one.cdn.prismic.io/funktion-one/8d3fed56-193c-4f02-b46d-4db703fbc2be_DS210F+%2B+2+DS15F+Metalwork+Assembly.pdf"
"3D CAD","8b554d40-9e0e-42c1-b374-414f96617291",2024-04-02T18:42:56Z,2024-04-02T18:42:56Z,"9a64f577-0ddb-46e6-86f2-3d30f8940777","EVO 6EL","19aea7d2-c13e-44d8-9ec6-7f2fb117d8b1","https://funktion-one.cdn.prismic.io/funktion-one/cac56772-bbd1-44af-8d9f-3e4be49daea6_EVO6EL-A-3D-DWG_2106.dwg"
"Specification Sheet","8e555f50-ffd9-492d-b60d-e44ff392fd5a",2024-04-02T18:42:57Z,2024-04-02T18:42:57Z,"9a64f577-0ddb-46e6-86f2-3d30f8940777","EVO 6E","f9a3e3e1-1def-4cf2-8d82-c670ca7c6366","https://funktion-one.cdn.prismic.io/funktion-one/f48a9703-45cf-4712-9492-4857385ea89b_Evo6E-F1-DS%3DD0003-01.pdf"
"Horizontal Yoke Kit","8eebf4b7-a53b-4141-a6da-5e9f159983e6",2024-04-02T18:42:57Z,2024-04-02T18:42:57Z,"9a64f577-0ddb-46e6-86f2-3d30f8940777","RES 1","de2035f5-aad4-4e6c-8425-bded2885f37e","https://funktion-one.cdn.prismic.io/funktion-one/49d8e953-50db-4cf5-807e-62e17918365f_1310.pdf"
"DXF Elevation","8f5c92fa-bffc-4e83-8435-d47580f36553",2024-04-02T18:42:56Z,2024-04-02T18:42:56Z,"9a64f577-0ddb-46e6-86f2-3d30f8940777","RES 2SH","54e12a1d-570d-4151-a40a-94de61ab52a0","https://funktion-one.cdn.prismic.io/funktion-one/c6a05615-5047-42c9-8923-af24ba2e1827_R2SH-webdxf.dxf"
"3D CAD","90174413-51d4-4198-baa9-287ccbe3a472",2024-04-02T18:42:57Z,2024-04-02T18:42:57Z,"9a64f577-0ddb-46e6-86f2-3d30f8940777","EVO 6E","f9a3e3e1-1def-4cf2-8d82-c670ca7c6366","https://funktion-one.cdn.prismic.io/funktion-one/7aaf877d-aa67-4fa0-bc82-adcf20b6c9d2_EVO6E-A-3D-DWG_2106.dwg"
"DXF Elevation","903024fa-8bc6-45d6-8128-baf95aad6b5b",2024-04-02T18:42:57Z,2024-04-02T18:42:57Z,"9a64f577-0ddb-46e6-86f2-3d30f8940777","BR118","94c79e91-f522-4d0b-a94e-17cf354c7f62","https://funktion-one.cdn.prismic.io/funktion-one/9c5e3146-9a93-4881-a291-1ba0fddb5dca_BR_Range-webdxf.dxf"
"Specification Sheet","9037bd1e-7b1f-440b-8a1d-fad2a721c3f2",2024-04-02T18:42:56Z,2024-04-02T18:42:56Z,"9a64f577-0ddb-46e6-86f2-3d30f8940777","MB212","422cbe91-1e83-46a7-8d09-9688a390e317","https://funktion-one.cdn.prismic.io/funktion-one/58ea787a-4cdc-49df-be87-24c0387db26d_MB212-F1-DS%3DD0023-01.pdf"
"3D CAD","90408a45-ed60-439f-83c6-bf9beeec6102",2024-04-02T18:42:56Z,2024-04-02T18:42:56Z,"9a64f577-0ddb-46e6-86f2-3d30f8940777","F118 MKII","3e7c3ead-b19e-4945-beb6-076aa98bbf5e","https://funktion-one.cdn.prismic.io/funktion-one/66c9c22a-4c02-4035-98fa-08e76d3cae8f_F118-A-3D-DWG_2106.dwg"
"Flying Hardware","92e07648-bb64-43a0-8290-8b4717f51da5",2024-04-02T18:42:56Z,2024-04-02T18:42:56Z,"9a64f577-0ddb-46e6-86f2-3d30f8940777","DS210","483067ea-c881-449f-a49b-4680a402be3d","https://funktion-one.cdn.prismic.io/funktion-one/4b8bbcbc-9745-44cd-beb4-cba941aea5b4_2+x+DS210F+%2B+4+x+DS15F+Flyware.PDF"
"3D CAD","93f050b9-c0f5-467f-82cf-dcf6acc3c5cb",2024-04-02T18:42:57Z,2024-04-02T18:42:57Z,"9a64f577-0ddb-46e6-86f2-3d30f8940777","EVO 7E","e5405d13-1d47-4311-82f2-30f13b63c004","https://funktion-one.cdn.prismic.io/funktion-one/8061c847-6b82-4c29-92f9-218fc5bd4eae_EVO7E-A-3D-DWG_2106.dwg"
"Fabric Scrim","957c7c99-6765-4c61-aa85-50000b58d367",2024-04-02T18:42:56Z,2024-04-02T18:42:56Z,"9a64f577-0ddb-46e6-86f2-3d30f8940777","AX88","111c8df6-1532-4d4c-a9e2-465201be1cf0","https://funktion-one.cdn.prismic.io/funktion-one/a7a2512b-26e3-42cc-a343-62dc60c71d9f_AX88FabricScrim.pdf"
"Specification Sheet","96369a0b-ca17-4347-8a52-0c1b5d1a171e",2024-04-02T18:42:56Z,2024-04-02T18:42:56Z,"9a64f577-0ddb-46e6-86f2-3d30f8940777","AX88","111c8df6-1532-4d4c-a9e2-465201be1cf0","https://funktion-one.cdn.prismic.io/funktion-one/44192097-59c6-4b9d-9242-d17066d9a685_AX88-F1-DS%3DD0058-00.pdf"
"Brochure","966d8172-32f0-450c-9f2b-115cedaf990f",2024-04-02T18:42:57Z,2024-04-02T18:42:57Z,"9a64f577-0ddb-46e6-86f2-3d30f8940777","EVO 7T","d835f41e-8fec-4744-b19b-f59e719d780f","https://funktion-one.cdn.prismic.io/funktion-one/b3811688-12ae-4d08-8df9-a4536c94bfb4_Evo+Brochure+2022+HR.pdf"
"Bass Linking Joiner Kit","96d20be0-168a-4369-8219-c48f4894d41e",2024-04-02T18:42:56Z,2024-04-02T18:42:56Z,"9a64f577-0ddb-46e6-86f2-3d30f8940777","F118 MKII","3e7c3ead-b19e-4945-beb6-076aa98bbf5e","https://funktion-one.cdn.prismic.io/funktion-one/be606dc9-b7a4-4b20-b1ad-6300a1ca4d62_1300.pdf"
"Technical Drawing","97bbc98c-8b0d-4109-b919-96fd8f72bb68",2024-04-02T18:42:56Z,2024-04-02T18:42:56Z,"9a64f577-0ddb-46e6-86f2-3d30f8940777","F101.2","6d802606-973f-4ec3-a325-f1d596b436e5","https://funktion-one.cdn.prismic.io/funktion-one/caa4c9d6-b0dd-480e-aa85-c23daa75dad3_F101.2-F1-TD%3DT0045-00.PDF"
"Ground Stack Tilt Straps","980f9cc7-c411-4207-8f2c-aa17d29ad852",2024-04-02T18:42:57Z,2024-04-02T18:42:57Z,"9a64f577-0ddb-46e6-86f2-3d30f8940777","EVO 7E","e5405d13-1d47-4311-82f2-30f13b63c004","https://funktion-one.cdn.prismic.io/funktion-one/2a0e358f-788c-42d1-90f4-bcd0ee0a5b1f_New+Ground+Stack+Straps-2.pdf"
"3D CAD","9819fdfe-862d-44ef-80c4-3a8068b29d2c",2024-04-02T18:42:56Z,2024-04-02T18:42:56Z,"9a64f577-0ddb-46e6-86f2-3d30f8940777","DS210","483067ea-c881-449f-a49b-4680a402be3d","https://funktion-one.cdn.prismic.io/funktion-one/dff7b58e-39ed-4794-add6-766fa50dd64e_DS210-A-Dummy.STEP"
"Rigging Manual","981f4d35-93a8-43bd-97eb-5a8465c42a4d",2024-04-02T18:42:56Z,2024-04-02T18:42:56Z,"9a64f577-0ddb-46e6-86f2-3d30f8940777","VERO V221","7e72e73e-e941-4c4e-ad77-15fdee807d9c","https://funktion-one.cdn.prismic.io/funktion-one/b232089e-ac7e-43de-a049-41c8cb4e8306_VX+Rigging+Manual_V1_32.pdf"
"3D CAD","9a59eaba-3d30-4fda-8236-fcf8b23af0f5",2024-04-02T18:42:56Z,2024-04-02T18:42:56Z,"9a64f577-0ddb-46e6-86f2-3d30f8940777","F5.2","7aaa4847-fc37-46f0-b5cd-1c93d9f73378","https://funktion-one.cdn.prismic.io/funktion-one/88c8c3b8-27a4-48b5-8cf9-2d84a68790a9_F5.2-F1-3DM%3DT0038-01.dwg"
"3D CAD","9b0146a5-360c-44dd-a247-92894757d6ea",2024-04-02T18:42:56Z,2024-04-02T18:42:56Z,"9a64f577-0ddb-46e6-86f2-3d30f8940777","F1201.2","780a225a-c5d8-4939-a570-90d40865f238","https://funktion-one.cdn.prismic.io/funktion-one/20c5293f-997d-4aeb-a6f6-be05c12f907c_F1201.2-F1-3DM%3DT0083-00.dwg"
"3D CAD (DWG)","9b0ee33f-b484-46a1-9434-3daac2fe3745",2024-04-02T18:42:56Z,2024-04-02T18:42:56Z,"9a64f577-0ddb-46e6-86f2-3d30f8940777","EVO X","367875ea-ebb7-47cf-9548-8b45d3c6679c","https://funktion-one.cdn.prismic.io/funktion-one/991a5c85-a126-436d-a6ef-e1e0ac08dcb3_EvoX-F1-3DM%3DT0004-00.dwg"
"Specification Sheet","9b6a7a51-d5f5-4efc-9b5a-dcbdcc786dc2",2024-04-02T18:42:57Z,2024-04-02T18:42:57Z,"9a64f577-0ddb-46e6-86f2-3d30f8940777","BR115","b2e1a64b-d05e-4b7a-adbe-5ba107aa486f","https://funktion-one.cdn.prismic.io/funktion-one/83e5e084-15e4-480e-ab29-0c642ef16725_BR115-F1-DS%3DD0038-01.pdf"
"Ground Stack Tilt Straps","9c214c62-c7ec-4632-96c2-b71a5f59d9e7",2024-04-02T18:42:56Z,2024-04-02T18:42:56Z,"9a64f577-0ddb-46e6-86f2-3d30f8940777","EVO 6EH","371f1bb8-b7cb-4d03-a349-592b13f19b66","https://funktion-one.cdn.prismic.io/funktion-one/2a0e358f-788c-42d1-90f4-bcd0ee0a5b1f_New+Ground+Stack+Straps-2.pdf"
"DXF Elevation","9c3d5fe6-28ea-42d8-8f38-63cbca172e8e",2024-04-02T18:42:56Z,2024-04-02T18:42:56Z,"9a64f577-0ddb-46e6-86f2-3d30f8940777","BR218","6fbf6787-9826-4bd6-acbd-07bd378c6271","https://funktion-one.cdn.prismic.io/funktion-one/9c5e3146-9a93-4881-a291-1ba0fddb5dca_BR_Range-webdxf.dxf"
"3D CAD","9c8d93e7-6657-4c75-8953-aacecd757659",2024-04-02T18:42:57Z,2024-04-02T18:42:57Z,"9a64f577-0ddb-46e6-86f2-3d30f8940777","EVO 7TL","dac63c0b-073e-4058-8a12-dc51bfa9bffb","https://funktion-one.cdn.prismic.io/funktion-one/237aef28-4b57-4237-952b-ef808567f3e4_Evo7TL-A-3D-DWG_2106.dwg"
"2D CAD","9d03da80-2ac2-423e-8012-41e8fb55517b",2024-04-02T18:42:56Z,2024-04-02T18:42:56Z,"9a64f577-0ddb-46e6-86f2-3d30f8940777","F5.2","2d65cf6a-3dbf-4e9a-86c0-971fbf42a025","https://funktion-one.cdn.prismic.io/funktion-one/feaeb95e-f5a7-4a2a-9aec-c6dcbd5b0589_F5.2-F1-2DM%3DT0037-01.dwg"
"Specification Sheet","9d16a128-63ec-4462-a936-102d25ec62d7",2024-04-02T18:42:57Z,2024-04-02T18:42:57Z,"9a64f577-0ddb-46e6-86f2-3d30f8940777","RES 5E","ac5a3611-d1d3-4edf-8800-f65ee3d103b1","https://funktion-one.cdn.prismic.io/funktion-one/ab35bc9e-0592-4e7d-b9d6-476b884d3c95_Res5E-F1-DS%3DD0056-00.pdf"
"DXF Elevation","9dc1c93c-f2d6-4beb-90aa-fa8c1c4da0e1",2024-04-02T18:42:56Z,2024-04-02T18:42:56Z,"9a64f577-0ddb-46e6-86f2-3d30f8940777","DS210","483067ea-c881-449f-a49b-4680a402be3d","https://funktion-one.cdn.prismic.io/funktion-one/a41b0ccf-b4c5-416d-9eb9-cd97eebf4192_DS210-webdxf.dxf"
"Specification Sheet","9e2d5914-565b-4009-b2b6-dba5489e23ec",2024-04-02T18:42:56Z,2024-04-02T18:42:56Z,"9a64f577-0ddb-46e6-86f2-3d30f8940777","VERO VX90","35f5e069-dd57-4190-b1ef-903bd7107c66","https://funktion-one.cdn.prismic.io/funktion-one/10fb23bb-8813-4180-897a-58a2b0ee1356_VX90-F1-DS%3DD0053-01.pdf"
"Ease Data","9e351625-930a-4903-94dc-40bf70952c28",2024-04-02T18:42:56Z,2024-04-02T18:42:56Z,"9a64f577-0ddb-46e6-86f2-3d30f8940777","EVO 6SH Skeletal","4341597a-afc6-4008-81a2-a40a62cef36e","https://funktion-one.cdn.prismic.io/funktion-one/80ee867c-3864-4236-912d-ad921ba16214_EVO6SH.gll.zip"
"User Guide","9edd6e4b-e8a3-4357-baaa-f05a973d66a3",2024-04-02T18:42:57Z,2024-04-02T18:42:57Z,"9a64f577-0ddb-46e6-86f2-3d30f8940777","VERO V90","904044a9-6c1f-4197-9ff3-286e03777601","https://funktion-one.cdn.prismic.io/funktion-one/a600e254-dc06-4264-a4ec-063e2409e628_Vero+User+Guide+29_04_2018+%28v0.96%29.pdf"
"Ground Stack System","9eeba936-a556-44f2-b7cf-17f92c20bfed",2024-04-02T18:42:56Z,2024-04-02T18:42:56Z,"9a64f577-0ddb-46e6-86f2-3d30f8940777","RES 4E","2c009461-b83a-4f90-8311-eef1b281dd4d","https://funktion-one.cdn.prismic.io/funktion-one/c6a23843-1411-4c7a-8114-d60ba4ba0af2_GSS.pdf"
"Specification Sheet","a077870f-1d2b-4d18-b35b-b3e5f4afa7b8",2024-04-02T18:42:56Z,2024-04-02T18:42:56Z,"9a64f577-0ddb-46e6-86f2-3d30f8940777","BR218","6fbf6787-9826-4bd6-acbd-07bd378c6271","https://funktion-one.cdn.prismic.io/funktion-one/9a0fec59-c49d-48f7-86a2-72145f8a0edf_BR218-F1-DS%3DD0040-01.pdf"
"Double Pole Mount","a33f2a8c-2538-46f7-a099-1a5770ddfba0",2024-04-02T18:42:57Z,2024-04-02T18:42:57Z,"9a64f577-0ddb-46e6-86f2-3d30f8940777","RES 1","de2035f5-aad4-4e6c-8425-bded2885f37e","https://funktion-one.cdn.prismic.io/funktion-one/8e9e4d7c-3f18-4b5c-9d50-50969b08b86f_1301.pdf"
"Triple Cluster Yoke","a35b7c38-e4db-459c-91c3-c0fb02af7f08",2024-04-02T18:42:56Z,2024-04-02T18:42:56Z,"9a64f577-0ddb-46e6-86f2-3d30f8940777","AX88","111c8df6-1532-4d4c-a9e2-465201be1cf0","https://funktion-one.cdn.prismic.io/funktion-one/27ef527a-d380-4d8e-a81c-daa2b5adea17_AX88TripleClusterYoke.pdf"
"Coupling Bar","a546e567-a289-4568-b7e7-0c9084a5b1da",2024-04-02T18:42:56Z,2024-04-02T18:42:56Z,"9a64f577-0ddb-46e6-86f2-3d30f8940777","AX88","111c8df6-1532-4d4c-a9e2-465201be1cf0","https://funktion-one.cdn.prismic.io/funktion-one/8a084e95-71c2-4f02-bdbf-6a4be245aeb2_AX88CouplingBar.pdf"
"Detailed Drawing","a59bb664-419b-4138-b530-1b341baac0f2",2024-04-02T18:42:56Z,2024-04-02T18:42:56Z,"9a64f577-0ddb-46e6-86f2-3d30f8940777","F5.2","2d65cf6a-3dbf-4e9a-86c0-971fbf42a025","https://funktion-one.cdn.prismic.io/funktion-one/c9e3a4e5-1b58-400c-8b57-39253f834aff_F5.2-F1-DD%3DT0036-01.pdf"
"Specification Sheet","a78facfe-51f1-4a04-97f6-ec5489de8557",2024-04-02T18:42:57Z,2024-04-02T18:42:57Z,"9a64f577-0ddb-46e6-86f2-3d30f8940777","SB8","f858c5e8-7e7d-44b1-9258-2fb37f7e584e","https://funktion-one.cdn.prismic.io/funktion-one/46a4e4d3-697f-48aa-88ff-e656c532a379_SB8-F1-DS%3DD0020-01.pdf"
"3D CAD","a7ad1345-8651-4235-ae97-bd7c80e86852",2024-04-02T18:42:57Z,2024-04-02T18:42:57Z,"9a64f577-0ddb-46e6-86f2-3d30f8940777","VERO VX V124","c5c6cce8-d28b-482b-8f59-64d556aa7388","https://funktion-one.cdn.prismic.io/funktion-one/10706e5a-7613-40c5-8737-f450d1b75245_VX-A-3D-DWG_2106.dwg"
"Ground Stack System","a7d92bed-c59c-498b-8cab-8baadd3e8b99",2024-04-02T18:42:57Z,2024-04-02T18:42:57Z,"9a64f577-0ddb-46e6-86f2-3d30f8940777","EVO 7T","d835f41e-8fec-4744-b19b-f59e719d780f","https://funktion-one.cdn.prismic.io/funktion-one/fc712f5f-f051-42c3-9722-9505e6a2ed33_Evo+Ground+Stack+System.pdf"
"3D CAD","a8d7def7-21ec-41d3-9dac-fcf12417a1ea",2024-04-02T18:42:57Z,2024-04-02T18:42:57Z,"9a64f577-0ddb-46e6-86f2-3d30f8940777","F124","8cbd897b-c3aa-458a-b301-79c268153ac3","https://funktion-one.cdn.prismic.io/funktion-one/e994d1b8-af64-4ab9-9607-af7253707185_F124-A-3D-DWG_2106.dwg"
"Detailed Drawing","aa76bc08-98b2-46da-ad98-f5f067a40420",2024-04-02T18:42:56Z,2024-04-02T18:42:56Z,"9a64f577-0ddb-46e6-86f2-3d30f8940777","F5.2","7aaa4847-fc37-46f0-b5cd-1c93d9f73378","https://funktion-one.cdn.prismic.io/funktion-one/c9e3a4e5-1b58-400c-8b57-39253f834aff_F5.2-F1-DD%3DT0036-01.pdf"
"Flyplate Kit","aafa2a4f-bb8c-4159-806c-17ec5da3e84f",2024-04-02T18:42:56Z,2024-04-02T18:42:56Z,"9a64f577-0ddb-46e6-86f2-3d30f8940777","RES 4E","2c009461-b83a-4f90-8311-eef1b281dd4d","https://funktion-one.cdn.prismic.io/funktion-one/7a16392d-1f2b-4401-9262-8f45f923e90e_FP42-K1.pdf"
"DXF Elevation","ab4f19a0-8559-4df2-b6f1-95ff63f2f1e7",2024-04-02T18:42:56Z,2024-04-02T18:42:56Z,"9a64f577-0ddb-46e6-86f2-3d30f8940777","BR121","14cb2a97-774f-4037-97a6-5b336d0f2738","https://funktion-one.cdn.prismic.io/funktion-one/9c5e3146-9a93-4881-a291-1ba0fddb5dca_BR_Range-webdxf.dxf"
"Specification Sheet","ac02bad6-e960-4c4b-9f91-2fcd3797e84c",2024-04-02T18:42:56Z,2024-04-02T18:42:56Z,"9a64f577-0ddb-46e6-86f2-3d30f8940777","Infrabass 218","4739addc-f7c2-4be1-a11f-4fd00e5221de","https://funktion-one.cdn.prismic.io/funktion-one/d6c9161e-618b-439d-882c-bba82ac13500_IB218-F1-DS%3DD0059-00.pdf"
"3D CAD","ac5736f8-3dc8-4cb7-9697-c1bef2197b24",2024-04-02T18:42:56Z,2024-04-02T18:42:56Z,"9a64f577-0ddb-46e6-86f2-3d30f8940777","VERO V221","7e72e73e-e941-4c4e-ad77-15fdee807d9c","https://funktion-one.cdn.prismic.io/funktion-one/10706e5a-7613-40c5-8737-f450d1b75245_VX-A-3D-DWG_2106.dwg"
"Specification Sheet","ace29b26-c905-414a-92af-38805cd8613e",2024-04-02T18:42:57Z,2024-04-02T18:42:57Z,"9a64f577-0ddb-46e6-86f2-3d30f8940777","RES 2","bde7e37b-e258-4e63-8faf-61592f7aa0aa","https://funktion-one.cdn.prismic.io/funktion-one/de9ba145-0cdf-4bc7-862a-7e2b1da95a4f_Res2-F1-DS%3DD0027-02.pdf"
"Ground Stack System","ad609387-9d56-4e18-bd43-7b2c1c8e1bdc",2024-04-02T18:42:57Z,2024-04-02T18:42:57Z,"9a64f577-0ddb-46e6-86f2-3d30f8940777","EVO 7E","e5405d13-1d47-4311-82f2-30f13b63c004","https://funktion-one.cdn.prismic.io/funktion-one/fc712f5f-f051-42c3-9722-9505e6a2ed33_Evo+Ground+Stack+System.pdf"
"Ease Data","ad8b496e-a706-4cd0-bf2e-aac24e64d9c8",2024-04-02T18:42:56Z,2024-04-02T18:42:56Z,"9a64f577-0ddb-46e6-86f2-3d30f8940777","VERO VX90","35f5e069-dd57-4190-b1ef-903bd7107c66","https://funktion-one.cdn.prismic.io/funktion-one/85382029-f3f3-4336-a934-81b4af038d0b_Funktion+One+Vero+VX90+v2.1.gll"
"3D CAD","adde41a2-71e0-4da5-9dd5-263498b0fe95",2024-04-02T18:42:56Z,2024-04-02T18:42:56Z,"9a64f577-0ddb-46e6-86f2-3d30f8940777","VERO VX90","35f5e069-dd57-4190-b1ef-903bd7107c66","https://funktion-one.cdn.prismic.io/funktion-one/10706e5a-7613-40c5-8737-f450d1b75245_VX-A-3D-DWG_2106.dwg"
"3D CAD","af2a34f4-2509-433c-81a2-514a276a44f3",2024-04-02T18:42:57Z,2024-04-02T18:42:57Z,"9a64f577-0ddb-46e6-86f2-3d30f8940777","F218 MKII","b93d36b5-7845-4150-917c-73fd00948940","https://funktion-one.cdn.prismic.io/funktion-one/0c8b7292-a412-4856-bdaf-15c4dc7b1531_F218-A-3D-DWG_2106.dwg"
"Rigging Manual","b0ae332d-ba40-42bc-80d8-507785a2539e",2024-04-02T18:42:56Z,2024-04-02T18:42:56Z,"9a64f577-0ddb-46e6-86f2-3d30f8940777","VERO VX90","35f5e069-dd57-4190-b1ef-903bd7107c66","https://funktion-one.cdn.prismic.io/funktion-one/b232089e-ac7e-43de-a049-41c8cb4e8306_VX+Rigging+Manual_V1_32.pdf"
"Squaring Bracket Technical Drawing","b0fd394e-c355-4468-9ef1-f823c7f33e76",2024-04-02T18:42:56Z,2024-04-02T18:42:56Z,"9a64f577-0ddb-46e6-86f2-3d30f8940777","EVO X","367875ea-ebb7-47cf-9548-8b45d3c6679c","https://funktion-one.cdn.prismic.io/funktion-one/86cfa4d3-8707-4f3e-985c-d708f93dd341_SB6-F1-TD%3DT0007-00.PDF"
"3D CAD Yoke","b310701f-e201-466f-8794-135691ba5b22",2024-04-02T18:42:56Z,2024-04-02T18:42:56Z,"9a64f577-0ddb-46e6-86f2-3d30f8940777","RES 2SH","54e12a1d-570d-4151-a40a-94de61ab52a0","https://funktion-one.cdn.prismic.io/funktion-one/4b0b62a7-3799-4764-a005-bde06e515dad_R2SH-M-Yoke-3D-DWG_2106.dwg"
"Threaded Inserts","b3b5e260-9560-4c02-b182-ceb5aa99dc84",2024-04-02T18:42:56Z,2024-04-02T18:42:56Z,"9a64f577-0ddb-46e6-86f2-3d30f8940777","F215 MKII","691d852a-75fa-4110-831e-c5e4dfa65bd7","https://funktion-one.cdn.prismic.io/funktion-one/317ad88f-01f5-4c53-8571-4d1844bdb213_F215mk2+M10+threaded+inserts.pdf"
"Ground Stack Tilt Straps","b4cb1dcf-b0c1-4f8c-932d-dc986585854b",2024-04-02T18:42:57Z,2024-04-02T18:42:57Z,"9a64f577-0ddb-46e6-86f2-3d30f8940777","EVO 7T","d835f41e-8fec-4744-b19b-f59e719d780f","https://funktion-one.cdn.prismic.io/funktion-one/2a0e358f-788c-42d1-90f4-bcd0ee0a5b1f_New+Ground+Stack+Straps-2.pdf"
"DXF Elevation","b81aae4e-54d1-4307-a2f0-8b70ef4b8566",2024-04-02T18:42:56Z,2024-04-02T18:42:56Z,"9a64f577-0ddb-46e6-86f2-3d30f8940777","Infrabass 218","4739addc-f7c2-4be1-a11f-4fd00e5221de","https://funktion-one.cdn.prismic.io/funktion-one/1b298602-767e-45ab-9596-b40fa22d24de_IB218-webdxf.dxf"
"Flying Grids and Bridles","b868685c-ba5a-4bab-89d8-0bbed0bd77ad",2024-04-02T18:42:57Z,2024-04-02T18:42:57Z,"9a64f577-0ddb-46e6-86f2-3d30f8940777","RES 2","bde7e37b-e258-4e63-8faf-61592f7aa0aa","https://funktion-one.cdn.prismic.io/funktion-one/d7293636-78db-4013-a5b8-fe971c4b134e_R2+Flying+Grids+and+Bridles.pdf"
"Ease Data","b9b49271-3198-4cd7-824f-9cce1a90954c",2024-04-02T18:42:56Z,2024-04-02T18:42:56Z,"9a64f577-0ddb-46e6-86f2-3d30f8940777","F81.2","59f3e706-cac8-490d-ae6a-2087c1f73a5d","https://funktion-one.cdn.prismic.io/funktion-one/421368ce-54b4-4eaf-8ce5-7fac40dd37e2_Funktion-One+F81.2.gll"
"DXF Elevation","b9ed2649-7d16-4b62-a376-58d87a0be3ea",2024-04-02T18:42:57Z,2024-04-02T18:42:57Z,"9a64f577-0ddb-46e6-86f2-3d30f8940777","RES 1.5TT","b0a04f5c-9850-4ee5-8e08-8d244800baae","https://funktion-one.cdn.prismic.io/funktion-one/b0a10fc0-b1d1-4b9d-8040-efb1d2799fd0_R1point5TT-webdxf.dxf"
"Specification Sheet","bb9e614c-5917-40dd-8407-b092f1ed5114",2024-04-02T18:42:56Z,2024-04-02T18:42:56Z,"9a64f577-0ddb-46e6-86f2-3d30f8940777","EVO 6EH","371f1bb8-b7cb-4d03-a349-592b13f19b66","https://funktion-one.cdn.prismic.io/funktion-one/8e0651e3-2261-4a2b-916a-11c2ac75552b_Evo6EH-F1-DS%3DD0004-01.pdf"
"Ease Data","bbaa12d2-7f0b-4d50-9c44-30131ac8f818",2024-04-02T18:42:56Z,2024-04-02T18:42:56Z,"9a64f577-0ddb-46e6-86f2-3d30f8940777","EVO X","367875ea-ebb7-47cf-9548-8b45d3c6679c","https://funktion-one.cdn.prismic.io/funktion-one/e0256d25-3a2d-4274-ae2d-1f45890d8d4e_Funktion-One+Evo+X.gll"
"Specification Sheet","bd2d5856-e04f-43ef-98c6-37804c969091",2024-04-02T18:42:57Z,2024-04-02T18:42:57Z,"9a64f577-0ddb-46e6-86f2-3d30f8940777","EVO 7TH","da671f36-eba9-4dab-acc1-f03549a08547","https://funktion-one.cdn.prismic.io/funktion-one/6dfdf5c9-955a-4822-896f-ded4b6a7c5fc_Evo7TH-F1-DS%3DD0012-01.pdf"
"Specification Sheet","be62242f-0360-4baf-9ba5-07eb6b30adeb",2024-04-02T18:42:56Z,2024-04-02T18:42:56Z,"9a64f577-0ddb-46e6-86f2-3d30f8940777","BR121","14cb2a97-774f-4037-97a6-5b336d0f2738","https://funktion-one.cdn.prismic.io/funktion-one/f23fe9b4-22e4-4497-b21f-b3a955eb9da3_BR121-F1-DS%3DD0041-01.pdf"
"Ground Stack Tilt Straps","bec01686-a5cd-4510-a041-28cdd6e44d10",2024-04-02T18:42:57Z,2024-04-02T18:42:57Z,"9a64f577-0ddb-46e6-86f2-3d30f8940777","EVO 7TL","dac63c0b-073e-4058-8a12-dc51bfa9bffb","https://funktion-one.cdn.prismic.io/funktion-one/2a0e358f-788c-42d1-90f4-bcd0ee0a5b1f_New+Ground+Stack+Straps-2.pdf"
"Ground Stack Tilt Straps","c0d19a05-dffe-4d10-a015-d63a0c262f30",2024-04-02T18:42:57Z,2024-04-02T18:42:57Z,"9a64f577-0ddb-46e6-86f2-3d30f8940777","EVO 7TH","da671f36-eba9-4dab-acc1-f03549a08547","https://funktion-one.cdn.prismic.io/funktion-one/2a0e358f-788c-42d1-90f4-bcd0ee0a5b1f_New+Ground+Stack+Straps-2.pdf"
"Wall Mount","c140261e-049e-4b2c-b54e-48e1c92cfa14",2024-04-02T18:42:56Z,2024-04-02T18:42:56Z,"9a64f577-0ddb-46e6-86f2-3d30f8940777","F81.2","59f3e706-cac8-490d-ae6a-2087c1f73a5d","https://funktion-one.cdn.prismic.io/funktion-one/9d63b2c9-182e-4d4d-9293-57b7103957d5_F81%2BWMS50-F1-DD%3DT0060-00.PDF"
"Vero VX Brochure","c19ccc86-04b2-4160-a297-e0b9520dd8b1",2024-04-02T18:42:56Z,2024-04-02T18:42:56Z,"9a64f577-0ddb-46e6-86f2-3d30f8940777","VERO VX90","35f5e069-dd57-4190-b1ef-903bd7107c66","https://funktion-one.cdn.prismic.io/funktion-one/2461fb46-840f-4be1-abcf-4f91aff7d8e2_Vero+VX+Nov_2022_+webHR.pdf"
"Specification Sheet","c2b65a09-2306-4866-a4f2-314e3c7801b6",2024-04-02T18:42:57Z,2024-04-02T18:42:57Z,"9a64f577-0ddb-46e6-86f2-3d30f8940777","MB112","d4a30c5c-7e46-41bc-8720-a73575ed936a","https://funktion-one.cdn.prismic.io/funktion-one/6fc2e164-0812-4e56-bd7e-9cefcd40215e_MB112-F1-DS%3DD0022-01.pdf"
"DXF Elevation","c3f506ab-d2f8-4d20-9cb7-48bdfe96507d",2024-04-02T18:42:56Z,2024-04-02T18:42:56Z,"9a64f577-0ddb-46e6-86f2-3d30f8940777","DS15","4e7b78fa-1cd5-4bfd-b4cf-64775fb3427f","https://funktion-one.cdn.prismic.io/funktion-one/67d121c6-2426-4f85-97b9-1da7ae79e879_DS15-webdxf.dxf"
"WALL MOUNT","c64d24c0-54bf-45c4-8bb8-924346156369",2024-04-02T18:42:56Z,2024-04-02T18:42:56Z,"9a64f577-0ddb-46e6-86f2-3d30f8940777","F5.2","2d65cf6a-3dbf-4e9a-86c0-971fbf42a025","https://funktion-one.cdn.prismic.io/funktion-one/13045fcb-94d4-49d7-a738-e4861bec353f_F5%2BYF5-F1-DD%3DT0056-00.PDF"
"3D CAD","c6be4f94-5407-4b78-81e4-db44abdbd30e",2024-04-02T18:42:56Z,2024-04-02T18:42:56Z,"9a64f577-0ddb-46e6-86f2-3d30f8940777","Infrahorn","8aa87940-3616-483f-8390-0e9a92c7c6c3","https://funktion-one.cdn.prismic.io/funktion-one/ad391688-03a2-4da3-af30-15892852f54d_IH-D-webdxf.dxf"
"Specification Sheet","c6cc835f-0782-43e5-8c58-d8409f96bde0",2024-04-02T18:42:57Z,2024-04-02T18:42:57Z,"9a64f577-0ddb-46e6-86f2-3d30f8940777","F88","ccbaeb9b-8c02-4182-b6ae-481f1f9cd35c","https://funktion-one.cdn.prismic.io/funktion-one/6ec57046-7457-4cb8-952b-b33859d92676_F88-F1-DS%3DD0019-00.pdf"
"Specification Sheet","c8e944b6-5828-4206-b953-c97db8795eb3",2024-04-02T18:42:56Z,2024-04-02T18:42:56Z,"9a64f577-0ddb-46e6-86f2-3d30f8940777","DS15","1332fc8f-bad8-4c49-a8c4-25660427716c","https://funktion-one.cdn.prismic.io/funktion-one/88ece7b3-100c-4748-9f93-dca44e01ddff_DS15-F1-DS%3DD0043-01.pdf"
"Vero Brochure","c9482bb8-251e-4d53-990c-bbb4e2047b7e",2024-04-02T18:42:57Z,2024-04-02T18:42:57Z,"9a64f577-0ddb-46e6-86f2-3d30f8940777","VERO V132","92c078ce-a3f2-4a0f-8f73-6f66fd7b7d64","https://funktion-one.cdn.prismic.io/funktion-one/43579517-3243-4a75-b002-859eda36af46_VERO+Brochure_Compressed.pdf"
"Specification Sheet","cb46520a-b5bd-4421-bf16-7937deb7c2d1",2024-04-02T18:42:57Z,2024-04-02T18:42:57Z,"9a64f577-0ddb-46e6-86f2-3d30f8940777","PSM18","af28ecf0-6b89-404d-96de-761460ba4c39","https://funktion-one.cdn.prismic.io/funktion-one/1c40c2f4-72aa-407e-8c13-2e5a38eabf35_PSM18-F1-DS%3DD0048-01.pdf"
"Whiteboard and Scrim","cd343645-5dbf-4cc5-8533-7e2f9d87218a",2024-04-02T18:42:56Z,2024-04-02T18:42:56Z,"9a64f577-0ddb-46e6-86f2-3d30f8940777","RES 4E","2c009461-b83a-4f90-8311-eef1b281dd4d","https://funktion-one.cdn.prismic.io/funktion-one/fb2acdf7-6003-4488-a74c-bb38e6cb793c_Wheelboard-and-Scrim_web.pdf"
"DXF Elevation","cd9bba9c-1fb8-4337-9a31-461f28e83c11",2024-04-02T18:42:56Z,2024-04-02T18:42:56Z,"9a64f577-0ddb-46e6-86f2-3d30f8940777","F55","364071e8-e818-479b-9688-1f358eebb130","https://funktion-one.cdn.prismic.io/funktion-one/0b46db66-d84e-4afe-af2f-54b6fbd2e7c8_F55-webdxf.dxf"
"Ease Data","cdb38559-431e-441a-a74d-fac1f693c8ee",2024-04-02T18:42:57Z,2024-04-02T18:42:57Z,"9a64f577-0ddb-46e6-86f2-3d30f8940777","EVO 6E","f9a3e3e1-1def-4cf2-8d82-c670ca7c6366","https://funktion-one.cdn.prismic.io/funktion-one/77544d54-54a2-4389-9663-63a55da7f7c3_EVO6_3-way_PRELIM.gll.zip"
"Ground Stack Tilt Straps","ce82ea97-3cce-47a2-bba1-7792b3090b67",2024-04-02T18:42:57Z,2024-04-02T18:42:57Z,"9a64f577-0ddb-46e6-86f2-3d30f8940777","RES 2","bde7e37b-e258-4e63-8faf-61592f7aa0aa","https://funktion-one.cdn.prismic.io/funktion-one/1025ec1d-c60b-4dbd-bc81-1ffd5f4df132_GSS-2.pdf"
"Ground Stack System","d1063ea9-3737-4fc4-9cb7-4de27045d34e",2024-04-02T18:42:56Z,2024-04-02T18:42:56Z,"9a64f577-0ddb-46e6-86f2-3d30f8940777","EVO 6EL","19aea7d2-c13e-44d8-9ec6-7f2fb117d8b1","https://funktion-one.cdn.prismic.io/funktion-one/fc712f5f-f051-42c3-9722-9505e6a2ed33_Evo+Ground+Stack+System.pdf"
"DXF Elevation","d1297a43-da97-41a5-b4f2-28248c9436ee",2024-04-02T18:42:57Z,2024-04-02T18:42:57Z,"9a64f577-0ddb-46e6-86f2-3d30f8940777","BR115","b2e1a64b-d05e-4b7a-adbe-5ba107aa486f","https://funktion-one.cdn.prismic.io/funktion-one/9c5e3146-9a93-4881-a291-1ba0fddb5dca_BR_Range-webdxf.dxf"
"Ground Stack System","d2057b31-e902-4ee7-919e-793739213634",2024-04-02T18:42:57Z,2024-04-02T18:42:57Z,"9a64f577-0ddb-46e6-86f2-3d30f8940777","EVO 6E","f9a3e3e1-1def-4cf2-8d82-c670ca7c6366","https://funktion-one.cdn.prismic.io/funktion-one/fc712f5f-f051-42c3-9722-9505e6a2ed33_Evo+Ground+Stack+System.pdf"
"3D CAD","d35e9ddb-f078-4192-9b4f-c61f1308dc90",2024-04-02T18:42:56Z,2024-04-02T18:42:56Z,"9a64f577-0ddb-46e6-86f2-3d30f8940777","DS15","4e7b78fa-1cd5-4bfd-b4cf-64775fb3427f","https://funktion-one.cdn.prismic.io/funktion-one/ef0bfafa-1841-48e7-b511-447a163503de_DS15-A-Dummy.STEP"
"YOKE","d3f5254b-f4c4-4d5c-abd0-c00fddd881ab",2024-04-02T18:42:56Z,2024-04-02T18:42:56Z,"9a64f577-0ddb-46e6-86f2-3d30f8940777","F5.2","2d65cf6a-3dbf-4e9a-86c0-971fbf42a025","https://funktion-one.cdn.prismic.io/funktion-one/13045fcb-94d4-49d7-a738-e4861bec353f_F5%2BYF5-F1-DD%3DT0056-00.PDF"
"Fabric Scrim Grill","d3f7460b-17bc-4ced-b445-a1102c56b42c",2024-04-02T18:42:57Z,2024-04-02T18:42:57Z,"9a64f577-0ddb-46e6-86f2-3d30f8940777","RES 2","bde7e37b-e258-4e63-8faf-61592f7aa0aa","https://funktion-one.cdn.prismic.io/funktion-one/90f4dd47-8138-49a2-961c-68227e125000_1305.pdf"
"Rigging Examples","d4099ad1-ca45-47a9-96b4-6ed7582e82fd",2024-04-02T18:42:57Z,2024-04-02T18:42:57Z,"9a64f577-0ddb-46e6-86f2-3d30f8940777","EVO 6E","f9a3e3e1-1def-4cf2-8d82-c670ca7c6366","https://funktion-one.cdn.prismic.io/funktion-one/745c3d65-1722-4a87-ad95-12527b589334_Evo6E_Rigging_Examples.pdf"
"EASE DATA","d478e524-3e37-4a51-a18b-a7d3d80c2569",2024-04-02T18:42:56Z,2024-04-02T18:42:56Z,"9a64f577-0ddb-46e6-86f2-3d30f8940777","F55","364071e8-e818-479b-9688-1f358eebb130","https://funktion-one.cdn.prismic.io/funktion-one/3e7d90eb-3077-49f9-9cf1-5e19ea4eb53f_F55_EaseData.zip"
"DXF Elevation","d6aa5961-ce4f-4a40-89f7-59548c44e070",2024-04-02T18:42:57Z,2024-04-02T18:42:57Z,"9a64f577-0ddb-46e6-86f2-3d30f8940777","RES 2","bde7e37b-e258-4e63-8faf-61592f7aa0aa","https://funktion-one.cdn.prismic.io/funktion-one/4f09a93d-3aa1-499b-8500-7337c4a8b503_R2-webdxf.dxf"
"Grille Technical Drawing","d8d26717-6d99-49ea-8b22-0e67e716ac2c",2024-04-02T18:42:56Z,2024-04-02T18:42:56Z,"9a64f577-0ddb-46e6-86f2-3d30f8940777","EVO X","367875ea-ebb7-47cf-9548-8b45d3c6679c","https://funktion-one.cdn.prismic.io/funktion-one/43632d58-13f6-4050-ad6c-531033d1bcae_G-EvoX-F1-TD%3DT0010-00.PDF"
"Specification Sheet","daba25cf-13aa-4f1b-a9c1-01802856dc97",2024-04-02T18:42:56Z,2024-04-02T18:42:56Z,"9a64f577-0ddb-46e6-86f2-3d30f8940777","F5.2","7aaa4847-fc37-46f0-b5cd-1c93d9f73378","https://funktion-one.cdn.prismic.io/funktion-one/3be32049-a9a1-4654-b07b-ada9ac2fa254_F5.2-F1-DS%3DD0014-00.pdf"
"User Manual","db74ed9e-96e6-4020-9577-0951e1147396",2024-04-02T18:42:56Z,2024-04-02T18:42:56Z,"9a64f577-0ddb-46e6-86f2-3d30f8940777","RES 1.5","3778639a-4b4f-4e03-aaf7-8e1d40ddc5e4","https://funktion-one.cdn.prismic.io/funktion-one/9f0832f3-5751-45c5-aa65-2b863edf2422_R1_UserManual_EN_1_0_0_1.pdf"
"Vero VX Brochure","dbb8cf50-1cac-4886-a26e-cd4ed86949bd",2024-04-02T18:42:57Z,2024-04-02T18:42:57Z,"9a64f577-0ddb-46e6-86f2-3d30f8940777","VERO VX V124","c5c6cce8-d28b-482b-8f59-64d556aa7388","https://funktion-one.cdn.prismic.io/funktion-one/2461fb46-840f-4be1-abcf-4f91aff7d8e2_Vero+VX+Nov_2022_+webHR.pdf"
"Wheel Board Technical Drawing","dc9b39ba-7c08-4df5-9850-b42cbc2874ed",2024-04-02T18:42:56Z,2024-04-02T18:42:56Z,"9a64f577-0ddb-46e6-86f2-3d30f8940777","EVO X","367875ea-ebb7-47cf-9548-8b45d3c6679c","https://funktion-one.cdn.prismic.io/funktion-one/1e297e83-473b-43b1-87ac-749eb517ea31_WBX-F1-TD%3DT0009-00.PDF"
"3D CAD","decbc46a-6be7-485f-99c2-dce35a07872a",2024-04-02T18:42:57Z,2024-04-02T18:42:57Z,"9a64f577-0ddb-46e6-86f2-3d30f8940777","RES 1","de2035f5-aad4-4e6c-8425-bded2885f37e","https://funktion-one.cdn.prismic.io/funktion-one/9c7e5683-31fd-4431-bfc0-8b7df71b0f5c_R1-webdxf.dxf"
"Two Wide Flying System","df952706-0463-4377-ba38-227145b28517",2024-04-02T18:42:57Z,2024-04-02T18:42:57Z,"9a64f577-0ddb-46e6-86f2-3d30f8940777","EVO 7TH","da671f36-eba9-4dab-acc1-f03549a08547","https://funktion-one.cdn.prismic.io/funktion-one/2ea12a70-280d-498b-820d-2bf130e9691b_Evo+Flying+System+-+2+wide.pdf"
"Technical Drawing","e1d6818d-d0d8-415c-b8fc-76ced058fc19",2024-04-02T18:42:56Z,2024-04-02T18:42:56Z,"9a64f577-0ddb-46e6-86f2-3d30f8940777","F5.2","7aaa4847-fc37-46f0-b5cd-1c93d9f73378","https://funktion-one.cdn.prismic.io/funktion-one/8b667291-85c3-4dd9-aa42-10cad2569c99_F5.2-F1-TD%3DT0035-01+.PDFf"
"User Guide","e2c6d295-fd11-4a8e-89a1-7a54bdf9b911",2024-04-02T18:42:56Z,2024-04-02T18:42:56Z,"9a64f577-0ddb-46e6-86f2-3d30f8940777","F55","364071e8-e818-479b-9688-1f358eebb130","https://funktion-one.cdn.prismic.io/funktion-one/5e3d5a4c-8d64-4ea7-b4b8-b83e249b0407_F55+User+Guide+v1.1-2.pdf"
"3D CAD","e33cca9d-eec4-46b8-8ae0-b443d99bf133",2024-04-02T18:42:56Z,2024-04-02T18:42:56Z,"9a64f577-0ddb-46e6-86f2-3d30f8940777","BR132","689563cd-e6a0-4df6-ab26-73a2256fc831","https://funktion-one.cdn.prismic.io/funktion-one/d2c37fab-6c8a-4918-af6b-c7e3428a9d50_BR132-A-3D-DWG_2106.dwg"
"3D CAD","e34ecd3b-570e-4de4-8264-ac6e533dc6a5",2024-04-02T18:42:57Z,2024-04-02T18:42:57Z,"9a64f577-0ddb-46e6-86f2-3d30f8940777","Infrahorn","96688231-c6de-412a-941e-84c125d7e054","https://funktion-one.cdn.prismic.io/funktion-one/ad391688-03a2-4da3-af30-15892852f54d_IH-D-webdxf.dxf"
"Vero VX Brochure","e3a48c92-5a0d-4c5f-9617-37e732550448",2024-04-02T18:42:56Z,2024-04-02T18:42:56Z,"9a64f577-0ddb-46e6-86f2-3d30f8940777","VERO VX V221","7fdaa0fb-b950-490d-8d60-19a130bf463a","https://funktion-one.cdn.prismic.io/funktion-one/2461fb46-840f-4be1-abcf-4f91aff7d8e2_Vero+VX+Nov_2022_+webHR.pdf"
"Specification Sheet","e43d6cbc-a6a4-4710-8704-fdaf57b149f3",2024-04-02T18:42:57Z,2024-04-02T18:42:57Z,"9a64f577-0ddb-46e6-86f2-3d30f8940777","BR118","94c79e91-f522-4d0b-a94e-17cf354c7f62","https://funktion-one.cdn.prismic.io/funktion-one/e2cb03b2-8dd0-4da1-a426-681683ed5c90_BR118-F1-DS%3DD0039-01.pdf"
"Specification Sheet","e5d303a5-edb7-4c51-af5b-d448ee1d98b2",2024-04-02T18:42:56Z,2024-04-02T18:42:56Z,"9a64f577-0ddb-46e6-86f2-3d30f8940777","VERO V221","7e72e73e-e941-4c4e-ad77-15fdee807d9c","https://funktion-one.cdn.prismic.io/funktion-one/672f18d2-a3f5-4224-97f9-227b8da263a3_F221-F1-DS%3DD0036-01.pdf"
"Rigging Manual","e832589d-e8cd-4951-a935-061421874c64",2024-04-02T18:42:57Z,2024-04-02T18:42:57Z,"9a64f577-0ddb-46e6-86f2-3d30f8940777","EVO 6E","f9a3e3e1-1def-4cf2-8d82-c670ca7c6366","https://funktion-one.cdn.prismic.io/funktion-one/d9ab4836-1354-47a5-a4f0-2a8e4c693b7f_Evo6E%2BEvo6EL+Flyplate+Guide.pdf"
"Specification Sheet","e84626f8-bcca-497a-a1d3-efb364a765d4",2024-04-02T18:42:56Z,2024-04-02T18:42:56Z,"9a64f577-0ddb-46e6-86f2-3d30f8940777","F121","51c8584a-5d46-41b1-85d0-9669637e7bde","https://funktion-one.cdn.prismic.io/funktion-one/4c18189f-5773-430e-8dc3-47a00da7ad29_F121-F1-DS%3DD0035-01.pdf"
"Specification Sheet","ea377e26-7071-4fd4-8052-319784b09c3b",2024-04-02T18:42:56Z,2024-04-02T18:42:56Z,"9a64f577-0ddb-46e6-86f2-3d30f8940777","F118 MKII","3e7c3ead-b19e-4945-beb6-076aa98bbf5e","https://funktion-one.cdn.prismic.io/funktion-one/64601854-6f9d-4e3c-a076-ac5970a5017c_F118_MkII-F1-DS%3DD0033-01.pdf"
"3D CAD","ebf4391b-0ca8-4d35-9a22-207b45355db7",2024-04-02T18:42:57Z,2024-04-02T18:42:57Z,"9a64f577-0ddb-46e6-86f2-3d30f8940777","EVO 7T","d835f41e-8fec-4744-b19b-f59e719d780f","https://funktion-one.cdn.prismic.io/funktion-one/6ca51a7b-db2a-45e0-99d7-2d4a292185db_EVO7TCAD.zip"
"3D CAD","ee1b391d-5314-4c8a-8263-520f26820792",2024-04-02T18:42:56Z,2024-04-02T18:42:56Z,"9a64f577-0ddb-46e6-86f2-3d30f8940777","MB212","422cbe91-1e83-46a7-8d09-9688a390e317","https://funktion-one.cdn.prismic.io/funktion-one/132d000d-6e88-47fa-b361-7a47962a9295_MB212-A-3D-DWG_2106.dwg"
"DXF Elevation","ee423d7c-9c4b-4c86-9d27-de26aa37e2b1",2024-04-02T18:42:57Z,2024-04-02T18:42:57Z,"9a64f577-0ddb-46e6-86f2-3d30f8940777","F315","cba7a819-f0f3-4e1c-98b5-fa11dd878e17","https://funktion-one.cdn.prismic.io/funktion-one/ae3f67bb-5fed-47b0-9c8d-82f54ab84e5a_F315-webdxf.dxf"
"Specification Sheet","eea484f9-8554-4ebf-b719-c766670a10c3",2024-04-02T18:42:57Z,2024-04-02T18:42:57Z,"9a64f577-0ddb-46e6-86f2-3d30f8940777","RES 1","de2035f5-aad4-4e6c-8425-bded2885f37e","https://funktion-one.cdn.prismic.io/funktion-one/184a455d-1c5e-49f5-acf2-a7ab8a435a07_Res1-F1-DS%3DD0024-01.pdf"
"User Manual","eeda5956-0b59-4e81-816a-8932ec239e02",2024-04-02T18:42:56Z,2024-04-02T18:42:56Z,"9a64f577-0ddb-46e6-86f2-3d30f8940777","RES 4E","2c009461-b83a-4f90-8311-eef1b281dd4d","https://funktion-one.cdn.prismic.io/funktion-one/c11b8787-93fc-43d1-897c-009b4b9b2133_Res+4+series+UG+091213.pdf"
"Bass Linking Joiner Kit","ef2c0541-b6fe-4b93-a426-271b6f437a37",2024-04-02T18:42:57Z,2024-04-02T18:42:57Z,"9a64f577-0ddb-46e6-86f2-3d30f8940777","F221","fb0c27dc-ed86-4756-8192-fb02269af178","https://funktion-one.cdn.prismic.io/funktion-one/be606dc9-b7a4-4b20-b1ad-6300a1ca4d62_1300.pdf"
"Technical Drawing","ef629476-02b3-41ee-8da4-5609b67a5535",2024-04-02T18:42:56Z,2024-04-02T18:42:56Z,"9a64f577-0ddb-46e6-86f2-3d30f8940777","F1201.2","780a225a-c5d8-4939-a570-90d40865f238","https://funktion-one.cdn.prismic.io/funktion-one/a5f817ec-d4b1-4e46-af58-cc8e439c5b91_F1201.2-F1-TD%3DT0080-00.PDF"
"Flyplate Kit","f073be8a-4c0a-4f2b-86ef-cf34613718f5",2024-04-02T18:42:57Z,2024-04-02T18:42:57Z,"9a64f577-0ddb-46e6-86f2-3d30f8940777","RES 2","bde7e37b-e258-4e63-8faf-61592f7aa0aa","https://funktion-one.cdn.prismic.io/funktion-one/27b28c9a-a06d-4975-b7d8-584f562a17ec_FP22-K1.pdf"
"Specification Sheet","f1cb3e10-9cbd-4b4d-8f9d-8f79fc0a4dae",2024-04-02T18:42:56Z,2024-04-02T18:42:56Z,"9a64f577-0ddb-46e6-86f2-3d30f8940777","Infrahorn","8aa87940-3616-483f-8390-0e9a92c7c6c3","https://funktion-one.cdn.prismic.io/funktion-one/6718a0a0-73b5-405d-a33a-2351ba060d5a_Infrahorn-F1-DS%3DD0060-00.pdf"
"DXF Elevation","f2563017-c7ae-4bac-a9ab-6ce5d0069445",2024-04-02T18:42:56Z,2024-04-02T18:42:56Z,"9a64f577-0ddb-46e6-86f2-3d30f8940777","BR221","3fbce079-f7db-4b07-a082-31ab88947fdb","https://funktion-one.cdn.prismic.io/funktion-one/9c5e3146-9a93-4881-a291-1ba0fddb5dca_BR_Range-webdxf.dxf"
"Specification Sheet","f389698e-bf43-4f02-b3b5-b53ef5f4017b",2024-04-02T18:42:56Z,2024-04-02T18:42:56Z,"9a64f577-0ddb-46e6-86f2-3d30f8940777","EVO 6EL","19aea7d2-c13e-44d8-9ec6-7f2fb117d8b1","https://funktion-one.cdn.prismic.io/funktion-one/a032b33f-9a13-4023-a5d3-774e965a12cd_Evo6EL-F1-DS%3DD0006-01.pdf"
"Wheelboard and Scrim","f45b4296-2140-486e-8abc-a8aaea7b4b74",2024-04-02T18:42:57Z,2024-04-02T18:42:57Z,"9a64f577-0ddb-46e6-86f2-3d30f8940777","RES 5E","ac5a3611-d1d3-4edf-8800-f65ee3d103b1","https://funktion-one.cdn.prismic.io/funktion-one/fb2acdf7-6003-4488-a74c-bb38e6cb793c_Wheelboard-and-Scrim_web.pdf"
"Specification Sheet","f565c456-7739-4d21-847b-37789dc40d0f",2024-04-02T18:42:56Z,2024-04-02T18:42:56Z,"9a64f577-0ddb-46e6-86f2-3d30f8940777","VERO VX V221","7fdaa0fb-b950-490d-8d60-19a130bf463a","https://funktion-one.cdn.prismic.io/funktion-one/672f18d2-a3f5-4224-97f9-227b8da263a3_F221-F1-DS%3DD0036-01.pdf"
"3D CAD","f807d381-5609-4540-91e9-49ed6e0b3d13",2024-04-02T18:42:57Z,2024-04-02T18:42:57Z,"9a64f577-0ddb-46e6-86f2-3d30f8940777","EVO 7TH","da671f36-eba9-4dab-acc1-f03549a08547","https://funktion-one.cdn.prismic.io/funktion-one/40df5779-9a13-4ab7-92d4-ef023de134df_Evo7TH-A-3D-DWG_2106.dwg"
"Bass Linking Joiner Kit","f81b923c-e96a-4ea5-8ab8-faa0c822eee1",2024-04-02T18:42:56Z,2024-04-02T18:42:56Z,"9a64f577-0ddb-46e6-86f2-3d30f8940777","F121","51c8584a-5d46-41b1-85d0-9669637e7bde","https://funktion-one.cdn.prismic.io/funktion-one/be606dc9-b7a4-4b20-b1ad-6300a1ca4d62_1300.pdf"
"3D CAD","f85c4a7f-b255-4f19-b70b-9315980947e5",2024-04-02T18:42:56Z,2024-04-02T18:42:56Z,"9a64f577-0ddb-46e6-86f2-3d30f8940777","EVO 6EH","371f1bb8-b7cb-4d03-a349-592b13f19b66","https://funktion-one.cdn.prismic.io/funktion-one/b78fb65e-8d3d-4b0c-84ce-25ac7cce6e8c_EVO6EH-A-3D-DWG_2106.dwg"
"Configurations","fb549623-0915-4851-a84e-b36005b7ea9a",2024-04-02T18:42:56Z,2024-04-02T18:42:56Z,"9a64f577-0ddb-46e6-86f2-3d30f8940777","EVO 6EL","19aea7d2-c13e-44d8-9ec6-7f2fb117d8b1","https://funktion-one.cdn.prismic.io/funktion-one/85a99038-e603-4fd4-857e-b92b1c768228_Evo6E_Rigging_Examples.pdf"
"Specification Sheet","fcbb9362-d55e-4e96-bdab-16e4c4cdb223",2024-04-02T18:42:56Z,2024-04-02T18:42:56Z,"9a64f577-0ddb-46e6-86f2-3d30f8940777","DS210","483067ea-c881-449f-a49b-4680a402be3d","https://funktion-one.cdn.prismic.io/funktion-one/12dfccfb-dc2e-4e03-bfc5-a7d7067b2f01_DS210-F1-DS%3DD0044-01.pdf"
"Specification Sheet","fed2f578-22dd-4db3-b750-7ef9f1f0c9fd",2024-04-02T18:42:56Z,2024-04-02T18:42:56Z,"9a64f577-0ddb-46e6-86f2-3d30f8940777","EVO X","367875ea-ebb7-47cf-9548-8b45d3c6679c","https://funktion-one.cdn.prismic.io/funktion-one/6d1a04db-a801-4915-9e8f-fffa713b8ef7_EvoX-F1-DS%3DD0001-00.pdf"
