"ID","Created Date","Updated Date","Owner","code","category","product","file","icon"
"0739f7eb-a007-41db-a613-8cd1ae4c11a1",2024-04-14T17:21:23Z,2024-04-14T18:24:41Z,"9a64f577-0ddb-46e6-86f2-3d30f8940777","BR218","Bass Reflex","6fbf6787-9826-4bd6-acbd-07bd378c6271","wix:document://v1/archives/9a64f5_613f28c712e640e799f561a0d9ce789d.zip/BR218.zip","⬇"
"0afd0a7a-e2c2-40c1-8331-53005b07a58a",2024-04-14T17:21:23Z,2024-04-14T18:25:07Z,"9a64f577-0ddb-46e6-86f2-3d30f8940777","F101.2","Compact","6d802606-973f-4ec3-a325-f1d596b436e5","wix:document://v1/archives/9a64f5_864f1e6764f64b9f99fda6e4882472cc.zip/F101.2.zip","⬇"
"0eb7cf89-ed2f-4ac5-beb7-d9cce1009e12",2024-04-14T17:21:23Z,2024-04-14T18:25:07Z,"9a64f577-0ddb-46e6-86f2-3d30f8940777","F1201.2","Compact","780a225a-c5d8-4939-a570-90d40865f238","wix:document://v1/archives/9a64f5_2730b78655f7474984a30c13383100bd.zip/F1201.2.zip","⬇"
"120825e1-67ba-41fc-b3aa-97fa95538f11",2024-04-14T17:21:23Z,2024-04-14T18:25:07Z,"9a64f577-0ddb-46e6-86f2-3d30f8940777","F5.2","Compact","2d65cf6a-3dbf-4e9a-86c0-971fbf42a025","wix:document://v1/archives/9a64f5_efb053034c6f4df5a84ad386d11c63bd.zip/F5.2.zip","⬇"
"15c62703-2197-4851-9525-8d0ad531a76b",2024-04-14T17:21:23Z,2024-04-14T18:25:07Z,"9a64f577-0ddb-46e6-86f2-3d30f8940777","VERO VX V221","Vero VX","7fdaa0fb-b950-490d-8d60-19a130bf463a","wix:document://v1/archives/9a64f5_101390a3ec344660bb8c12842de3ae08.zip/VERO%20VX%20V221.zip","⬇"
"1974fa66-f9c7-4f60-a266-e2a813bc0537",2024-04-14T17:21:23Z,2024-04-14T18:25:07Z,"9a64f577-0ddb-46e6-86f2-3d30f8940777","VERO VX V124","Vero VX","c5c6cce8-d28b-482b-8f59-64d556aa7388","wix:document://v1/archives/9a64f5_ed6860e279fe46c29b1d936bbdf20f9f.zip/VERO%20VX%20V124.zip","⬇"
"1be409b3-7e20-4b82-b1c8-71115e994ccc",2024-04-14T17:21:23Z,2024-04-14T18:24:44Z,"9a64f577-0ddb-46e6-86f2-3d30f8940777","BR121","Bass Reflex","14cb2a97-774f-4037-97a6-5b336d0f2738","wix:document://v1/archives/9a64f5_d834dfcc53404bc3bfa97c9051b02fab.zip/BR121.zip","⬇"
"1c1792a7-51f4-4f91-bb6c-ff7f17ab8818",2024-04-14T17:21:23Z,2024-04-14T18:25:07Z,"9a64f577-0ddb-46e6-86f2-3d30f8940777","F221","Horn Loaded Bass","fb0c27dc-ed86-4756-8192-fb02269af178","wix:document://v1/archives/9a64f5_4114d85df1c0460da90de9fdfad4fe4b.zip/F221.zip","⬇"
"2895dec1-3eb3-4ce3-b7c5-f097e8163c79",2024-04-14T17:21:23Z,2024-04-14T18:25:07Z,"9a64f577-0ddb-46e6-86f2-3d30f8940777","SB8","Compact Bass","f858c5e8-7e7d-44b1-9258-2fb37f7e584e","wix:document://v1/archives/9a64f5_ea4a5aaea8dc4c859c97a2088041be54.zip/SB8.zip","⬇"
"2bf49461-415c-4df1-8a59-59213d4751cd",2024-04-14T17:21:23Z,2024-04-14T18:25:07Z,"9a64f577-0ddb-46e6-86f2-3d30f8940777","F215 MKII","Horn Loaded Bass","691d852a-75fa-4110-831e-c5e4dfa65bd7","wix:document://v1/archives/9a64f5_edd7a89ccd7f4700b7d49d2200d2837d.zip/F215%20MKII.zip","⬇"
"2c877024-e376-4141-9386-80c44f3a2321",2024-04-14T17:21:23Z,2024-04-14T18:25:07Z,"9a64f577-0ddb-46e6-86f2-3d30f8940777","F121","Horn Loaded Bass","51c8584a-5d46-41b1-85d0-9669637e7bde","wix:document://v1/archives/9a64f5_d57d5ae6b7c04f628c1a5244e7b2e9f3.zip/F121.zip","⬇"
"2cfd8e17-baaa-43f6-9210-4f76cd0cc04e",2024-04-14T17:21:23Z,2024-04-14T18:25:07Z,"9a64f577-0ddb-46e6-86f2-3d30f8940777","EVO 6SH Skeletal","Evolution","4341597a-afc6-4008-81a2-a40a62cef36e","wix:document://v1/archives/9a64f5_4bf59f69fa8f47eca53dd5118c968f8f.zip/EVO%206SH%20Skeletal.zip","⬇"
"3c247327-35c3-4166-9131-efe120b4b30d",2024-04-14T17:21:23Z,2024-04-14T18:24:37Z,"9a64f577-0ddb-46e6-86f2-3d30f8940777","BR221","Bass Reflex","3fbce079-f7db-4b07-a082-31ab88947fdb","wix:document://v1/archives/9a64f5_08e5571ca72c48a4876c78c76329afec.zip/BR221.zip","⬇"
"3edd903f-b3b2-4ea9-8f13-ea96a0e13bc2",2024-04-14T17:21:23Z,2024-04-14T18:25:07Z,"9a64f577-0ddb-46e6-86f2-3d30f8940777","F118 MKII","Horn Loaded Bass","3e7c3ead-b19e-4945-beb6-076aa98bbf5e","wix:document://v1/archives/9a64f5_2d461f10a3054f8ca0259422a7847a58.zip/F118%20MKII.zip","⬇"
"4232874f-9206-4f81-bd30-0fd2059c4a94",2024-04-14T17:21:23Z,2024-04-14T18:24:59Z,"9a64f577-0ddb-46e6-86f2-3d30f8940777","BR115","Bass Reflex","b2e1a64b-d05e-4b7a-adbe-5ba107aa486f","wix:document://v1/archives/9a64f5_5ada1f9966db495d9a762c95b1c3a7a0.zip/BR115.zip","⬇"
"48e1a3d7-0353-4f1c-8718-160e44ff565f",2024-04-14T17:21:23Z,2024-04-14T18:25:07Z,"9a64f577-0ddb-46e6-86f2-3d30f8940777","F218 MKII","Horn Loaded Bass","b93d36b5-7845-4150-917c-73fd00948940","wix:document://v1/archives/9a64f5_0a2e8b2053864032a1b14f50594d452d.zip/F218%20MKII.zip","⬇"
"504ec8d0-86a7-4f24-b809-d3ed4df4acf7",2024-04-14T17:21:23Z,2024-04-14T18:25:07Z,"9a64f577-0ddb-46e6-86f2-3d30f8940777","RES 1","Resolution","de2035f5-aad4-4e6c-8425-bded2885f37e","wix:document://v1/archives/9a64f5_82285d186da14f04a5dee42b143ccf6f.zip/RES%201.zip","⬇"
"5293f2ae-f3f7-4cbe-94c8-b6e64559f71e",2024-04-14T17:21:23Z,2024-04-14T18:25:01Z,"9a64f577-0ddb-46e6-86f2-3d30f8940777","AX8","Public Address","c5b75d8d-9ce0-4a5a-bd03-01266c9c22ea","wix:document://v1/archives/9a64f5_2487c49b537c4577a204c96a3935cd03.zip/AX8.zip","⬇"
"5d7e20ce-581f-48cb-bdd0-598c9806eb2e",2024-04-14T17:21:23Z,2024-04-14T18:25:07Z,"9a64f577-0ddb-46e6-86f2-3d30f8940777","MB112","Compact Bass","d4a30c5c-7e46-41bc-8720-a73575ed936a","wix:document://v1/archives/9a64f5_a21010ca6b834e9ab45ce3274526ecba.zip/MB112.zip","⬇"
"5fd98554-cf4a-4278-b19b-e57cea0162e8",2024-04-14T17:21:23Z,2024-04-14T18:25:07Z,"9a64f577-0ddb-46e6-86f2-3d30f8940777","VERO VX90","Vero VX","35f5e069-dd57-4190-b1ef-903bd7107c66","wix:document://v1/archives/9a64f5_547cb5423b0c475f9114903b3b8f459d.zip/VERO%20VX90.zip","⬇"
"66652ef7-9e59-4704-b8ce-1e2e159f6c56",2024-04-14T17:21:23Z,2024-04-14T18:25:07Z,"9a64f577-0ddb-46e6-86f2-3d30f8940777","VERO V221","Vero","7e72e73e-e941-4c4e-ad77-15fdee807d9c","wix:document://v1/archives/9a64f5_5defa4b317de418494db8d527523fe5e.zip/VERO%20V221.zip","⬇"
"695bf3f8-dfd3-46c6-83bc-ee008c53424f",2024-04-14T17:21:23Z,2024-04-14T18:25:07Z,"9a64f577-0ddb-46e6-86f2-3d30f8940777","EVO 6EH","Evolution","371f1bb8-b7cb-4d03-a349-592b13f19b66","wix:document://v1/archives/9a64f5_a778f7fe03e642dbb5e8a49ff85437e6.zip/EVO%206EH.zip","⬇"
"7166de7d-8af3-4761-bd83-5f880549faa9",2024-04-14T17:21:23Z,2024-04-14T18:24:41Z,"9a64f577-0ddb-46e6-86f2-3d30f8940777","DS15","Dance Stack","1332fc8f-bad8-4c49-a8c4-25660427716c","wix:document://v1/archives/9a64f5_d79986b7985744c482feb9fe2f23dc6a.zip/DS15.zip","⬇"
"733c55a0-89af-4070-a510-9883419fd813",2024-04-14T17:21:23Z,2024-04-14T18:25:07Z,"9a64f577-0ddb-46e6-86f2-3d30f8940777","Infrahorn","Horn Loaded Bass","8aa87940-3616-483f-8390-0e9a92c7c6c3","wix:document://v1/archives/9a64f5_ba5f0bff017f46d6b1137dd8d6459a83.zip/Infrahorn.zip","⬇"
"793dfb80-1a0f-4207-a41f-1e1e390ce23a",2024-04-14T17:21:23Z,2024-04-14T18:25:07Z,"9a64f577-0ddb-46e6-86f2-3d30f8940777","F115 MKII","Horn Loaded Bass","3a30e712-fc9e-438b-b75c-4c797adf0d8a","wix:document://v1/archives/9a64f5_c09eae797acf4c1481e25faea745629c.zip/F115%20MKII.zip","⬇"
"7bbc946c-f3c8-446e-b897-f1e94125ff80",2024-04-14T17:21:23Z,2024-04-14T18:25:07Z,"9a64f577-0ddb-46e6-86f2-3d30f8940777","F88","Compact","ccbaeb9b-8c02-4182-b6ae-481f1f9cd35c","wix:document://v1/archives/9a64f5_127419fd9651457fac0e58f6148c7d1c.zip/F88.zip","⬇"
"7d9e1b50-726b-44a4-8100-0f81ef68a131",2024-04-14T17:21:23Z,2024-04-14T18:25:07Z,"9a64f577-0ddb-46e6-86f2-3d30f8940777","VERO V90","Vero","904044a9-6c1f-4197-9ff3-286e03777601","wix:document://v1/archives/9a64f5_7d1530ea80534abf97eee739aadfe022.zip/VERO%20V90.zip","⬇"
"7e74ef5c-3d3c-4b0c-afba-3ba8b6f65750",2024-04-14T17:21:23Z,2024-04-14T18:25:07Z,"9a64f577-0ddb-46e6-86f2-3d30f8940777","RES 1.5TT","Resolution","b0a04f5c-9850-4ee5-8e08-8d244800baae","wix:document://v1/archives/9a64f5_adf21e828c354a1ab91b5ddd313ab8fe.zip/RES%201.5TT.zip","⬇"
"884532a8-2459-43d9-b00c-2de5e5ba4415",2024-04-14T17:21:23Z,2024-04-14T18:25:00Z,"9a64f577-0ddb-46e6-86f2-3d30f8940777","AX88","Public Address","111c8df6-1532-4d4c-a9e2-465201be1cf0","wix:document://v1/archives/9a64f5_2e82faf2e15744f0a05a6abe051fc215.zip/AX88.zip","⬇"
"897c6766-3f09-47ba-a419-28d14b469b3e",2024-04-14T17:21:23Z,2024-04-14T18:25:07Z,"9a64f577-0ddb-46e6-86f2-3d30f8940777","PSM318","Monitor","e3e1da97-3eb2-42f8-b80e-f5ec18089609","wix:document://v1/archives/9a64f5_18567f887e58489ea934cbc756ad8e21.zip/PSM318.zip","⬇"
"918b02e8-e4a9-416e-9ed0-cfba0823da50",2024-04-14T17:21:23Z,2024-04-14T18:25:07Z,"9a64f577-0ddb-46e6-86f2-3d30f8940777","EVO 7TL","Evolution","dac63c0b-073e-4058-8a12-dc51bfa9bffb","wix:document://v1/archives/9a64f5_b6c981d559064b1eb9c784704234b3c5.zip/EVO%207TL.zip","⬇"
"986997d4-82fe-42ef-ab3e-adcdc8978eb2",2024-04-14T17:21:23Z,2024-04-14T18:25:07Z,"9a64f577-0ddb-46e6-86f2-3d30f8940777","EVO 7T","Evolution","d835f41e-8fec-4744-b19b-f59e719d780f","wix:document://v1/archives/9a64f5_ade855fb0a37484c8a5d1b7e8d17b429.zip/EVO%207T.zip","⬇"
"9cc3c496-b85e-4e97-93ff-1fb10a0aa30c",2024-04-14T17:21:23Z,2024-04-14T18:25:07Z,"9a64f577-0ddb-46e6-86f2-3d30f8940777","RES 4E","Resolution","2c009461-b83a-4f90-8311-eef1b281dd4d","wix:document://v1/archives/9a64f5_92f1e79db7314392aa3cba56ba678dfa.zip/RES%204E.zip","⬇"
"9e3b5476-decb-491d-9c5f-5473c7aa8bd8",2024-04-14T17:21:23Z,2024-04-14T18:25:07Z,"9a64f577-0ddb-46e6-86f2-3d30f8940777","VERO V132","Vero","92c078ce-a3f2-4a0f-8f73-6f66fd7b7d64","wix:document://v1/archives/9a64f5_02bd8b977f9b48b787730bfa95dda06f.zip/VERO%20V132.zip","⬇"
"9f4c71bc-8a6d-4689-84cf-668143e244db",2024-04-14T17:21:23Z,2024-04-14T18:24:57Z,"9a64f577-0ddb-46e6-86f2-3d30f8940777","BR118","Bass Reflex","94c79e91-f522-4d0b-a94e-17cf354c7f62","wix:document://v1/archives/9a64f5_4a870f9ae8e04c9b82a68226dafae3c3.zip/BR118.zip","⬇"
"a0293a4d-958b-4dbe-8c37-362873793bf3",2024-04-14T17:21:23Z,2024-04-14T18:25:07Z,"9a64f577-0ddb-46e6-86f2-3d30f8940777","EVO X","Evolution","367875ea-ebb7-47cf-9548-8b45d3c6679c","wix:document://v1/archives/9a64f5_e0f12088a87b45d69541e02570d3c632.zip/EVO%20X.zip","⬇"
"a5708935-25f7-48ec-b876-f040d1b9838f",2024-04-14T17:21:23Z,2024-04-14T18:25:07Z,"9a64f577-0ddb-46e6-86f2-3d30f8940777","F315","Horn Loaded Bass","cba7a819-f0f3-4e1c-98b5-fa11dd878e17","wix:document://v1/archives/9a64f5_79a192426979460780dc67441eda41fb.zip/F315.zip","⬇"
"a96577be-35a6-4c59-bf18-88e82c3887b4",2024-04-14T17:21:23Z,2024-04-14T18:25:07Z,"9a64f577-0ddb-46e6-86f2-3d30f8940777","EVO 7SH Skeletal","Evolution","95f4b55f-0aff-4439-a29f-9da92fdd8519","wix:document://v1/archives/9a64f5_f18f6c67d980464ab80343d3814e85b0.zip/EVO%207SH%20Skeletal.zip","⬇"
"b5fa60db-ecec-46b5-92d3-0d093e91f043",2024-04-14T17:21:23Z,2024-04-14T18:25:07Z,"9a64f577-0ddb-46e6-86f2-3d30f8940777","F81.2","Compact","59f3e706-cac8-490d-ae6a-2087c1f73a5d","wix:document://v1/archives/9a64f5_60b0a3e176564a6f876386924fff9396.zip/F81.2.zip","⬇"
"b916c902-0074-4133-a576-b2212cc3c454",2024-04-14T17:21:23Z,2024-04-14T18:25:07Z,"9a64f577-0ddb-46e6-86f2-3d30f8940777","F132","Horn Loaded Bass","1188c912-8a3a-4ea3-82ab-bda50f827f36","wix:document://v1/archives/9a64f5_cec8eb1bdfb945ce8ecaf02d6f30d441.zip/F132.zip","⬇"
"b9d7add8-db59-4120-b5ae-9ffde69da1b1",2024-04-14T17:21:23Z,2024-04-14T18:25:07Z,"9a64f577-0ddb-46e6-86f2-3d30f8940777","RES 2","Resolution","bde7e37b-e258-4e63-8faf-61592f7aa0aa","wix:document://v1/archives/9a64f5_3f0dab1d3da344ec93315c373678506c.zip/RES%202.zip","⬇"
"bd5ae58c-b732-4834-ab8b-0a0f30cfa0ed",2024-04-14T17:21:23Z,2024-04-14T18:25:07Z,"9a64f577-0ddb-46e6-86f2-3d30f8940777","PSM18","Monitor","af28ecf0-6b89-404d-96de-761460ba4c39","wix:document://v1/archives/9a64f5_bb12982458ef4861ab8324154d5ee930.zip/PSM18.zip","⬇"
"c7292ea1-f639-46ab-bbeb-600267ebf276",2024-04-14T17:21:23Z,2024-04-14T18:25:07Z,"9a64f577-0ddb-46e6-86f2-3d30f8940777","EVO 6E","Evolution","f9a3e3e1-1def-4cf2-8d82-c670ca7c6366","wix:document://v1/archives/9a64f5_dcb94a2630894dd091d8938034a657b3.zip/EVO%206E.zip","⬇"
"d1802006-5793-4fc3-9460-d7a69e2dab5f",2024-04-14T17:21:23Z,2024-04-14T18:25:07Z,"9a64f577-0ddb-46e6-86f2-3d30f8940777","VERO V60","Vero","c665008e-a037-4f53-8adf-ff666768a757","wix:document://v1/archives/9a64f5_a5b2597985bf48ffa94ea6564d80cd96.zip/VERO%20V60.zip","⬇"
"d2a565a3-f21f-4a42-afab-e869e70d17de",2024-04-14T17:21:23Z,2024-04-14T18:25:07Z,"9a64f577-0ddb-46e6-86f2-3d30f8940777","F55","Compact","364071e8-e818-479b-9688-1f358eebb130","wix:document://v1/archives/9a64f5_93d7c7d7cb264ef0b97d523b2c5d410c.zip/F55.zip","⬇"
"d2e76384-cee1-473f-8e07-fccd3fe031f9",2024-04-14T17:21:23Z,2024-04-14T18:25:07Z,"9a64f577-0ddb-46e6-86f2-3d30f8940777","EVO 7TH","Evolution","da671f36-eba9-4dab-acc1-f03549a08547","wix:document://v1/archives/9a64f5_273a5ea6ffbc47ba86a46ffbcdc192c5.zip/EVO%207TH.zip","⬇"
"d8a4753a-1ea7-4e3f-a051-68e06303ba2d",2024-04-14T17:21:23Z,2024-04-14T18:25:07Z,"9a64f577-0ddb-46e6-86f2-3d30f8940777","RES 5E","Resolution","ac5a3611-d1d3-4edf-8800-f65ee3d103b1","wix:document://v1/archives/9a64f5_482e1eab0dae44f29d4738bf6b081b75.zip/RES%205E.zip","⬇"
"d92f0150-9937-4b6c-9b09-41bc1a670edd",2024-04-14T17:21:23Z,2024-04-14T18:25:07Z,"9a64f577-0ddb-46e6-86f2-3d30f8940777","Infrabass 218","Horn Loaded Bass","4739addc-f7c2-4be1-a11f-4fd00e5221de","wix:document://v1/archives/9a64f5_c9a7175e8e0d4110b3b3e7b861574ffc.zip/Infrabass%20218.zip","⬇"
"db513dde-6d67-4260-9dd6-c2814dab15dd",2024-04-14T17:21:23Z,2024-04-14T18:25:07Z,"9a64f577-0ddb-46e6-86f2-3d30f8940777","EVO 7E","Evolution","e5405d13-1d47-4311-82f2-30f13b63c004","wix:document://v1/archives/9a64f5_30b83c2120af4c2d9a2d466942927b48.zip/EVO%207E.zip","⬇"
"e2e03fe9-f399-4e12-8c20-ca68ce87f5f3",2024-04-14T17:21:23Z,2024-04-14T18:25:07Z,"9a64f577-0ddb-46e6-86f2-3d30f8940777","RES 1.5","Resolution","3778639a-4b4f-4e03-aaf7-8e1d40ddc5e4","wix:document://v1/archives/9a64f5_45a69b83f17e4076b1a3d0cf994666ac.zip/RES%201.5.zip","⬇"
"e42d7fe7-be9e-41d3-8765-90021a2dfce5",2024-04-14T17:21:23Z,2024-04-14T18:25:07Z,"9a64f577-0ddb-46e6-86f2-3d30f8940777","VERO V315","Vero","f5ec735c-7ba0-4e52-b207-465bab52e491","wix:document://v1/archives/9a64f5_da63fad6324049e19d94dbab784678c5.zip/VERO%20V315.zip","⬇"
"e837df68-cfb3-42cc-ae03-56dfb0030a82",2024-04-14T17:21:23Z,2024-04-14T18:25:07Z,"9a64f577-0ddb-46e6-86f2-3d30f8940777","MB212","Compact Bass","422cbe91-1e83-46a7-8d09-9688a390e317","wix:document://v1/archives/9a64f5_6d8ae7f929514fc781cf258903dcbb50.zip/MB212.zip","⬇"
"e8c07699-47d1-4fa1-9ab2-76a2e0bc1570",2024-04-14T17:21:23Z,2024-04-14T18:25:07Z,"9a64f577-0ddb-46e6-86f2-3d30f8940777","RES 2SH","Resolution","54e12a1d-570d-4151-a40a-94de61ab52a0","wix:document://v1/archives/9a64f5_a3c64d8fff244f72910cdc6b07da2ab6.zip/RES%202SH.zip","⬇"
"ec6827e6-932b-409b-aff6-9868fdd61e27",2024-04-14T17:21:23Z,2024-04-14T18:25:07Z,"9a64f577-0ddb-46e6-86f2-3d30f8940777","F124","Horn Loaded Bass","8cbd897b-c3aa-458a-b301-79c268153ac3","wix:document://v1/archives/9a64f5_69ac035985f04bed95dc6b193700ec29.zip/F124.zip","⬇"
"ee343b9a-029d-4b66-b372-aff09d00b8fa",2024-04-14T17:21:23Z,2024-04-14T18:25:07Z,"9a64f577-0ddb-46e6-86f2-3d30f8940777","VERO V124","Vero","107d378d-eb13-419c-b8b9-70be6c69b127","wix:document://v1/archives/9a64f5_fcaa4782b8004aedbc33f562717d0e8f.zip/VERO%20V124.zip","⬇"
"f021f559-63fb-4fd6-97f9-aaca0dc4907f",2024-04-14T17:21:23Z,2024-04-14T18:25:07Z,"9a64f577-0ddb-46e6-86f2-3d30f8940777","EVO 6EL","Evolution","19aea7d2-c13e-44d8-9ec6-7f2fb117d8b1","wix:document://v1/archives/9a64f5_8375ba95cfb9499cac3497e0f61a2690.zip/EVO%206EL.zip","⬇"
"f3b66363-c4c1-402e-b5f5-ae9f625acce0",2024-04-14T17:21:23Z,2024-04-14T18:25:07Z,"9a64f577-0ddb-46e6-86f2-3d30f8940777","DS210","Dance Stack","483067ea-c881-449f-a49b-4680a402be3d","wix:document://v1/archives/9a64f5_0ddb42d109c3481885ddae9a1a11a3e4.zip/DS210.zip","⬇"
"f70b6a90-25cc-4ba4-982b-3a915ca18f80",2024-04-14T17:21:23Z,2024-04-14T18:24:43Z,"9a64f577-0ddb-46e6-86f2-3d30f8940777","BR132","Bass Reflex","689563cd-e6a0-4df6-ab26-73a2256fc831","wix:document://v1/archives/9a64f5_7c81f7b0e2494f709e872a454bf1f705.zip/BR132.zip","⬇"
"fcf7f228-bfca-4dc1-967c-4347a673caba",2024-04-14T17:21:23Z,2024-04-14T18:25:07Z,"9a64f577-0ddb-46e6-86f2-3d30f8940777","PSM12","Monitor","8db839d1-78ba-404d-bf46-50dae4cb9c40","wix:document://v1/archives/9a64f5_15b88ea2632a4509ae5cf1692d60c7d3.zip/PSM12.zip","⬇"
