"ID","Created Date","Updated Date","Owner","description","longDescription","imagePath","product"
"016e14f7-4ee8-4295-91c8-1e4a87ffd215",2024-04-02T17:19:08Z,2024-04-02T17:19:08Z,"9a64f577-0ddb-46e6-86f2-3d30f8940777","F101.2 features Funktion-One's unique sound quality and purity of design in a compact format.","F101.2 provides Funktion-One’s renowned sonic performance in a compact and useful form factor. This, along with its outstanding acoustic efficiency, makes F101.2 a highly versatile and cost effective solution for applications including domestic listening, studio monitoring, retail, bars, restaurants and galleries as well as being a handy ‘go to’ for the rental user. Flared bass reflex ports minimise turbulence and maximise our refined cabinet tuning. A high resolution 1” HF device and Funktion-One designed waveguide delivers precise high frequencies to 20kHz. F101.2 benefits from our minimalist approach to passive crossover design, achieving very low distortion and excellent integration between drivers, to give a stable and engaging image. NL4 and Phoenix connector variants are combined into a common connector panel, simplifying purchasing and inventory management. Combine with SB212 or BR115 for compact full range use.","https://images.prismic.io/funktion-one/cf390a2a-8058-473d-8680-4aeecfd0127f_Funktion-One+F101.2.png?auto=compress,format&w=2304","6d802606-973f-4ec3-a325-f1d596b436e5"
"01b8bfef-d9cb-4d4f-b317-7c5c1e9c0abc",2024-04-02T17:19:08Z,2024-04-02T17:19:08Z,"9a64f577-0ddb-46e6-86f2-3d30f8940777","F5.2 is an ultra compact and extremely balanced loudspeaker, with a natural sound quality not typically found in loudspeakers of its size.","F5.2 is the smallest loudspeaker in our Compact Range, making it a valuable tool for the AV installer, bringing Funktion-One sound to distributed audio systems in bars, restaurants and retail applications. F5.2 is equally well suited to domestic listening, home theatre, spatial audio and home DJ monitoring applications. A Funktion-One specified high sensitivity 5” delivers excellent coherency and builds an impressive image when used in near field situations. NL4 and Phoenix connector variants are combined into a common connector panel. Pair with SB8 for discreet, high performance installation or choose SB8A for a very compact self powered Funktion-One system. Combination of 2 x F5.2 with 1 x SB8A makes for an outstanding, highly mobile, self-powered small party system.","https://images.prismic.io/funktion-one/2f582567-2287-472d-9503-503c9278172c_F5.2+Front+angled.jpg?auto=compress,format&w=2304","2d65cf6a-3dbf-4e9a-86c0-971fbf42a025"
"0f02a848-8b36-4081-984c-f2d6170e807c",2024-04-02T17:19:09Z,2024-04-02T17:19:09Z,"9a64f577-0ddb-46e6-86f2-3d30f8940777","Evo 7TL features two Evo 7T horn-loaded 15” drivers and integrated flying hardware., providing mid-bass reinforcement for flown and ground-stacked Evo configurations","The addition of the Evo 7TL and Evo 7TH to the Evo 7T series means that Evo configurations are now eminently scalable. The Evo 7T, 7TH and 7TL all share the same integrated flying system for fast, accurate and effective rigging. The increase in scalability that comes with the addition of the Evo 7TH and 7TL mean that Evo configurations can comfortably deliver precise and even coverage to audiences of up to 10,000 people.","https://images.prismic.io/funktion-one/7e995a44-c05a-497c-884c-1dad92e1edff_Evo+7TL-215.png?auto=compress,format&w=2304","dac63c0b-073e-4058-8a12-dc51bfa9bffb"
"12262d99-2ca2-48f6-9718-8787412e5310",2024-04-02T17:19:09Z,2024-04-02T17:19:09Z,"9a64f577-0ddb-46e6-86f2-3d30f8940777","Evo 6E is a high intensity point source loudspeaker with wide 50° horizontal dispersion.","It boasts class leading efficiency and performance, has 50° nominal horizontal dispersion and physically arrays at 40°, two wide giving smooth coverage over 90°. It is perfect for a wide variety of larger applications and all genres of music. Evolution 6E systems offer state-of-the-art Funktion-One sound quality. We recommend their use with F124, F121, F221 or BR221 bass enclosures.","https://images.prismic.io/funktion-one/787266de-1b1b-48a2-98e6-778612f26533_Evo+6E+New.png?auto=compress,format&w=2304","f9a3e3e1-1def-4cf2-8d82-c670ca7c6366"
"123e5a30-a156-4002-a9a7-23f9c7026032",2024-04-02T17:19:08Z,2024-04-02T17:19:08Z,"9a64f577-0ddb-46e6-86f2-3d30f8940777","Res 5E is a high intensity, three-way, mid-high loudspeaker with a unique and patented midrange Axhead loading device.","OVERVIEWRes 5E is a high intensity, three-way, mid-high loudspeaker with a unique and patented midrange Axhead loading device.It not only gives incredible efficiency and dispersion control, but also increases high frequency output from the 8"" cone driver. This means that the crossover point to the compression driver can be raised to around 6kHz for dramatically reduced distortion compared to conventional compression driver midrange. The Resolution 5E's highly controlled and focused dispersion enables precise tailoring of overall system coverage, simply through the geometry of the array. Unwanted room reflections are thereby substantially reduced, maintaining the enclosure's high intelligibility.Note: EP6 connector and Neodymium driver options are no longer available. Now fitted with Neutrik NL8 connectors.","https://images.prismic.io/funktion-one/016b4ced-db17-45a8-b9d5-74a9b136880b_Res+5.png?auto=compress,format&w=2304","ac5a3611-d1d3-4edf-8800-f65ee3d103b1"
"22478f69-8a14-4653-bc7e-8a1ff92ad621",2024-04-02T17:19:09Z,2024-04-02T17:19:09Z,"9a64f577-0ddb-46e6-86f2-3d30f8940777","Res 1 is a radical, 2-way loudspeaker enclosure, resulting from Tony Andrews’ 40 years pioneering research and development of high efficiency cone midrange.","Its unique Funktion-One 5” wide-range driver eliminates the need for a compression driver with the associated harshness and distortion. In conjunction with the dedicated Axhead loaded waveguide, the Res 1 smoothly reproduces both midrange and high frequencies with exceptional coherency and detail. The accuracy, projection and imaging detail of the Res 1 make it ideally suited to high intelligibility applications including theatrical use. It has a rear recess that can be fitted with the optional PX1 passive crossover module and the waveguide can be rotated for use in either vertical or horizontal formats.","https://images.prismic.io/funktion-one/29ad6212-9651-412a-b77b-b6d57823dae3_Res+1.png?auto=compress,format&w=2304","de2035f5-aad4-4e6c-8425-bded2885f37e"
"231d1cb6-da98-4902-86af-58c5562ac835",2024-04-02T17:19:08Z,2024-04-02T17:19:08Z,"9a64f577-0ddb-46e6-86f2-3d30f8940777","BR (Bass Reflex) range is recommended for indoor venues and smaller outdoor events, where Funktion-One's signature bass sound is required at close range.","BR121 provides excellent results when paired with the Evo 6E or Evo X for a medium club system.The M20 pole mount and optional wheels enable use as a powerful mobile system with F1201.2 or Res 1.","https://theoffice.fra1.cdn.digitaloceanspaces.com/funktion-one-logo.jpg","14cb2a97-774f-4037-97a6-5b336d0f2738"
"255e1109-2746-416d-91be-5cadf709d0cc",2024-04-02T17:19:08Z,2024-04-02T17:19:08Z,"9a64f577-0ddb-46e6-86f2-3d30f8940777","Evo 7SH is the skeletal mid-high section of the Evo 7, offering high output and controlled directivity from a very lightweight speaker.","It can be used in a wide range of applications from use in demanding voice reinforcement applications or as the high power mid-high section of multi-way entertainment PA systems (for example with F215s and F221s/F124s). The Evo 7SH has narrower dispersion with resulting higher intensity than the Evo 6SH. The two products can be effectively combined to present even coverage and excellent intelligibility for arena and stadia installations.","https://images.prismic.io/funktion-one/9770c7dd-c7b6-4ac5-a88b-bbc10aeeff20_Evo+7SH.png?auto=compress,format&w=2304","95f4b55f-0aff-4439-a29f-9da92fdd8519"
"26e31612-d249-46a8-bf25-97a889a6b25a",2024-04-02T17:19:08Z,2024-04-02T17:19:08Z,"9a64f577-0ddb-46e6-86f2-3d30f8940777","PSM12 addresses a need for an extremely powerful yet compact floor monitor with the qualities of the ground-breaking PSM18.","It features a custom designed 4” voice coil 12” driver for maximum power at low frequencies and a 1.4” compression driver for high frequencies. Our unique driver technology allows the compression driver crossover point to be nearly an octave higher than is typical, resulting in an extremely present but smooth sound particularly under pressure. The 70° high frequency conical waveguide is concentric with the 12” driver giving a point-source arrangement which is optimum for even coverage and minimising feedback.  The monitor is switchable between passive and active operation and is supplied with a 35mm integral stand mount.","https://images.prismic.io/funktion-one/d0963c95-391c-4305-bbdc-a32f54004f88_PSM12_PointSource_Website_Product.png?auto=compress,format&w=2304","8db839d1-78ba-404d-bf46-50dae4cb9c40"
"2776d1d2-770f-4494-ac7b-c535735a665e",2024-04-02T17:19:08Z,2024-04-02T17:19:08Z,"9a64f577-0ddb-46e6-86f2-3d30f8940777","Res 4E is an excellent loudspeaker for medium scale events and installations offering exceptional sound quality.","It is a three-way mid-high loudspeaker enclosure perfectly suited for use in medium sized applications. Dimensionally identical to the Res 5, this is a powerful and efficient mid-high enclosure which is designed to be operated as part of a four way system with addition of F-Series bass. The sonic quality of the Res 4 is exceptional. With simplified enclosure design, the Res 4E represents great value for money. Dedicated accessories also enable it to be flown and arrayed in fixed installations.Note: EP6 connector and Neodymium driver options are no longer available. Now fitted with Neutrik NL8 connectors.","https://images.prismic.io/funktion-one/e78e0458-8aaf-45da-9b18-998f5b2589a7_Res+4E+New.png?auto=compress,format&w=2304","2c009461-b83a-4f90-8311-eef1b281dd4d"
"2986c331-c593-46c4-a90a-4c7aa61e4023",2024-04-02T17:19:08Z,2024-04-02T17:19:08Z,"9a64f577-0ddb-46e6-86f2-3d30f8940777","F121 provides outstanding bass performance from a moderately sized enclosure making it the bass of choice for many diverse applications.","Similar in output power to an F218, this single 21” version of the F221 can be used with virtually all Funktion-One mid-high loudspeakers to great effect.  It comprises a horn-loaded and very robust Funktion-One designed 21” driver, with 6” voicecoil and Neodymium magnet. Available with optional wheels, throat grille and pole mount.","https://images.prismic.io/funktion-one/690b3ed6-84ca-4601-810a-ddf01ac7f8ea_F121_Website_Product.png?auto=compress,format&w=2304","51c8584a-5d46-41b1-85d0-9669637e7bde"
"29ef3989-7894-4e4a-82ce-09204e105fab",2024-04-02T17:19:08Z,2024-04-02T17:19:08Z,"9a64f577-0ddb-46e6-86f2-3d30f8940777","Res 2 is an entirely horn-loaded, full range loudspeaker enclosure.","It comprises a 15” driver for bass, an 8” for midrange and a 1” for high frequencies. Funktion-One’s waveguide and driver technology produces clear, involving and powerful sound. The Res 2’s unique combination of size, high efficiency and sonic excellence make it ideally suited to a wide range of uses. This loudspeaker resolves the requirement for quality, response and level from a relatively compact source. Res 2 systems can be supplemented with additional Funktion-One bass including Infrabass, BR Series or F Series. ","https://images.prismic.io/funktion-one/b9b0ed50-55b1-40ee-9554-8bdece6651e2_RES2_Website_Product.png?auto=compress,format&w=2304","bde7e37b-e258-4e63-8faf-61592f7aa0aa"
"3a5c34b9-ea00-4dc8-9369-95660c3b98c2",2024-04-02T17:19:09Z,2024-04-02T17:19:09Z,"9a64f577-0ddb-46e6-86f2-3d30f8940777","Vero V315 is the mid-bass element in the Vero system.","The horn loaded triple 15” design gives musical fundamentals the clarity and authority they deserve. Drums have “punch” and power, and bass has articulation and rhythm.The modular design of Vero gives the system designer an extra dimension of flexibility and control, alongside vertical angle settings. The sound field can be precisely tailored to the venue, and acoustically controlled without beam steering or DSP.","https://images.prismic.io/funktion-one/f4399087-09eb-44c3-bd99-0122bd0a5453_V315_Website_Product.png?auto=compress,format&w=2304","f5ec735c-7ba0-4e52-b207-465bab52e491"
"3adcdfd5-d9eb-4859-9c74-5a7280693882",2024-04-02T17:19:08Z,2024-04-02T17:19:08Z,"9a64f577-0ddb-46e6-86f2-3d30f8940777","The V90 is the wide dispersion mid-high element in the Vero system for near and medium distances.","The modular design of Vero gives the system designer an extra dimension of flexibility and control, alongside vertical angle settings. This means that the sound field can be precisely tailored to the venue, and acoustically controlled without beam steering or DSP.It has a nominal directivity of 90° horizontal and 12° vertical with a frequency response of 200Hz to 18kHz. It comprises two 10"" Neodymium mid drivers and two 1.4"" Neodymium HF drivers in a horizontally symmetric configuration.","https://images.prismic.io/funktion-one/e996fb3f-d239-4ced-90b9-a43b69738115_V90_Website_Product.png?auto=compress,format&w=2304","904044a9-6c1f-4197-9ff3-286e03777601"
"3c696b96-2d2a-46c1-9e12-c3063f62a86f",2024-04-02T17:19:08Z,2024-04-02T17:19:08Z,"9a64f577-0ddb-46e6-86f2-3d30f8940777","Res 1.5TT is a two-way enclosure specifically designed for mid sized venues with low ceiling heights. ","Combining twin 12” drivers as used in the Res 1 with the 90° dispersion 5“ from the Res 1.5, the Res 1.5TT can be neatly installed tight against a ceiling providing good coverage due to the built-in downward angle of the devices. Res 1.5TT's powerful bass response can be further extended with a wide range of Funktion-One bass enclosures, particularly the BR Range and F Series.","https://images.prismic.io/funktion-one/1845b853-e4f9-4934-92b4-21e96ed3500d_Res+1.5TT.png?auto=compress,format&w=2304","b0a04f5c-9850-4ee5-8e08-8d244800baae"
"55847d42-b745-44b0-b816-f62af7219076",2024-04-02T17:19:09Z,2024-04-02T17:19:09Z,"9a64f577-0ddb-46e6-86f2-3d30f8940777","Evo 7T is a very high intensity touring loudspeaker, fully horn-loaded with 15” mid-bass, 10” Funktion-One signature mid-range and a 1.4” compression driver featuring integrated flying hardware.","It has 40° nominal horizontal dispersion and physically arrays at 30°, three wide giving smooth coverage to 100°. The Evo 7T, 7TH and 7TL-215 enclosures all share the same integrated flying system for fast, accurate and effective rigging or ground-stack deployment. Perfect for both live and DJ, Evo 7T touring systems offer state-of-the-art Funktion-One sound quality.  ","https://images.prismic.io/funktion-one/2adafd79-d552-419b-a2f0-fe34c8ad951f_Evo7T_Website_FeatureProduct.png?auto=compress,format&w=2304","d835f41e-8fec-4744-b19b-f59e719d780f"
"616ce78a-682f-4ddb-9457-527640df6814",2024-04-02T17:19:08Z,2024-04-02T17:19:08Z,"9a64f577-0ddb-46e6-86f2-3d30f8940777","F124 features two voice coils and intense magnetic flux, which control the 24” cone with impressive accuracy.","This combination of mid-bass speed and impact with low-bass extension from a single enclosure makes the F124 the perfect bass partner for Evo systems and other Funktion-One mid-high products. The F124 delivers excellent transient response and extended depth to below 30Hz.","https://images.prismic.io/funktion-one/2dcf1918-45f7-4675-8e43-b59e2229b16f_F124.png?auto=compress,format&w=2304","8cbd897b-c3aa-458a-b301-79c268153ac3"
"6a41e326-ef58-4964-b3c4-0e488d954d9f",2024-04-02T17:19:08Z,2024-04-02T17:19:08Z,"9a64f577-0ddb-46e6-86f2-3d30f8940777","Evo X is a significant development of the full range, fully horn loaded cabinet concept. Utilising the latest Funktion-One waveguide technology, Evo X provides 90° dispersion and higher SPL.","Evo X's advanced driver technology delivers market leading resolution and detail. It is an unbeatable choice for live venues, small club spaces and theatres. Capable of high SPL from a relatively compact enclosure, use as a pair for small live music events or as a four point small club system. Combine with the F Series or BR Range of bass loudspeakers for increased low frequency energy.","https://images.prismic.io/funktion-one/6dd0ea8b-db3d-4fbd-bc36-22626c2ed050_Evo+X+Product+Page.png?auto=compress,format&w=2304","367875ea-ebb7-47cf-9548-8b45d3c6679c"
"6a4760fd-4b3d-46f4-85f6-0b1e63347850",2024-04-02T17:19:08Z,2024-04-02T17:19:08Z,"9a64f577-0ddb-46e6-86f2-3d30f8940777","BR (Bass Reflex) range is recommended for indoor venues and smaller outdoor events, where Funktion-One's signature bass sound is required at close range.","BR221 provides deep bass extension and high output.Excellent results when paired with the Evo 6E for a medium club system.","https://theoffice.fra1.cdn.digitaloceanspaces.com/funktion-one-logo.jpg","3fbce079-f7db-4b07-a082-31ab88947fdb"
"6a67aadb-8de3-4dde-9631-166561ef92fb",2024-04-02T17:19:08Z,2024-04-02T17:19:08Z,"9a64f577-0ddb-46e6-86f2-3d30f8940777","V221 is an exceptionally efficient high-intensity bass enclosure.","V221 is the proven choice for large scale events, with exceptionally high sensitivity and electroacoustic energy efficiency.V221 provides bass power and dynamics for large areas, typically requiring far fewer cabinets and amplifiers than an equivalent direct radiating bass array, resulting in significant reductions in power consumption and CO2 emissions.Equally suited to large mono bass stacks and broadside arrays, both conventional and cardioid. V221 cardioid arrays have up to 30dB rear rejection in optimal configurations.The ideal bass solution for Vero and VX systems.","https://images.prismic.io/funktion-one/e729d574-012d-4320-bb8b-a06ef3395a65_V221_Website_Product.png?auto=compress,format&w=2304","7e72e73e-e941-4c4e-ad77-15fdee807d9c"
"748ed94f-7f8a-42ab-8535-6a1da327084f",2024-04-02T17:19:08Z,2024-04-02T17:19:08Z,"9a64f577-0ddb-46e6-86f2-3d30f8940777","F115 MkII is a compact horn-loaded bass enclosure.","The single 15” version of the F215 MkII, the F115 MkII features refined loading, improved heat dissipation and an updated driver specification. The F115 MKII provides strong, well-defined, clean bass from a small and manageable package. ","https://images.prismic.io/funktion-one/66e27c96-4bff-45c1-8551-78dadee658b9_F115+2.png?auto=compress,format&w=2304","3a30e712-fc9e-438b-b75c-4c797adf0d8a"
"74b422b7-5cb3-4e58-aaf7-d01218976dd2",2024-04-02T17:19:08Z,2024-04-02T17:19:08Z,"9a64f577-0ddb-46e6-86f2-3d30f8940777","Infrahorn is a waveguide which can be used in conjunction with a pair of Infrabass 218s for applications with extreme low-frequency bass requirements. ","When bolted directly to the front of two Infrabass, the waveguide increases the output of the pair by up to 10dB at 33Hz. The additional loading provided by the Infrahorn significantly enhances both the efficiency and directivity of the Infrabass. Double Infrahorns can be used singly or stacked above each other in multiples to produce unprecedented low-bass performance. Where space permits, the Double Infrahorn represents a cost effective way of maximising Infrabass output, whether within the installed environment or for outdoor arenas.Typically used with F218, DS15 and DS210 in Dance Stack configurations.","https://images.prismic.io/funktion-one/299ec878-4742-4b55-98fa-d6745ca44ec5_Infrahorn.png?auto=compress,format&w=2304","8aa87940-3616-483f-8390-0e9a92c7c6c3"
"7d900ad2-8073-431d-90b8-d11944494160",2024-04-02T17:19:08Z,2024-04-02T17:19:08Z,"9a64f577-0ddb-46e6-86f2-3d30f8940777","F118 MkII is the single 18” version of the F218 offering a more compact horn-loaded enclosure. In common with the F218, the MKII version brings refined loading, improved heat dissipation and an updated driver specification.","It provides strong, well-defined, clean bass from a small and manageable package and can be supplied with an optional M20 threaded pole mount for use with a wide range of mid-high products including the F101, F1201, F88, R1 and R2SH. An installation version of the F118 MkII with flying points is also available, which can be used to provide bass extension to products such as the AX88.","https://images.prismic.io/funktion-one/cbac779c-a7ab-40fa-9400-4b5587c85de2_F118MKII_Website_Product.png?auto=compress,format&w=2304","3e7c3ead-b19e-4945-beb6-076aa98bbf5e"
"8854e13a-fcab-4597-b8bc-ba582974844c",2024-04-02T17:19:08Z,2024-04-02T17:19:08Z,"9a64f577-0ddb-46e6-86f2-3d30f8940777","F218 MkII is the latest iteration of Funktion-One’s long established and highly respected dual 18” bass enclosure.","It is the result of a holistic approach over many years of research and development into bass loading techniques. The evolved F218 MkII is highly regarded for its extreme robustness and delivery of tight, punchy, well defined clean bass from a relatively small and very manageable package. It has often been emulated but never equalled. The F218 brings refined loading, improved heat dissipation and an updated driver specification.","https://images.prismic.io/funktion-one/f296473d-2ce2-4d13-8e69-b56414805b46_F218+Mk2.png?auto=compress,format&w=2304","b93d36b5-7845-4150-917c-73fd00948940"
"8c22b2a7-78c4-49c7-a662-11c961e5f0ba",2024-04-02T17:19:09Z,2024-04-02T17:19:09Z,"9a64f577-0ddb-46e6-86f2-3d30f8940777","F221 delivers physicality with accuracy for truly involving musical experiences.","F221 is the proven choice for large scale events, with exceptionally high sensitivity and electroacoustic energy efficiency.F221 provides bass power and dynamics for large areas, typically requiring far fewer cabinets and amplifiers than an equivalent direct radiating bass array, resulting in significant reductions in power consumption and CO2 emissions.Equally suited to large mono bass stacks and broadside arrays, both conventional and cardioid. F221 cardioid arrays have up to 30dB rear rejection in optimal configurations.The ideal bass solution for Vero, VX and Evolution systems.","https://images.prismic.io/funktion-one/249c402a-accc-41b7-8f31-ef7c637d9f5b_F221.png?auto=compress,format&w=2304","fb0c27dc-ed86-4756-8192-fb02269af178"
"8c3ed87c-25cb-4feb-8fe4-f415dce4eae1",2024-04-02T17:19:09Z,2024-04-02T17:19:09Z,"9a64f577-0ddb-46e6-86f2-3d30f8940777","PSM318 DJ Monitor delivers outstanding full frequency output, accuracy and immediacy, setting a new benchmark for DJs looking for ultimate stage sound. ","It comprises a new double 18” bass reflex enclosure - providing very strong near-field sub-bass - with a separate triple concentric enclosure for the rest of the frequency spectrum. These two enclosures join with a clever quick-latch system to provide simple angle adjustment for different stage positions and DJ heights. The triple concentric arrangement of the bass reflex enclosure combines a very high power 18” driver with a coaxially mounted two-way compression driver. The natural materials used in the midrange section of the compression driver give previously unheard clarity and definition to the vocal range and the ultra-fast 18"" driver with its Neodymium magnet and 5” voice coil delivers excellent mid-bass definition. The overall design has been optimised to minimise sight line impact. These radical DJ monitors were first used at Space in Ibiza to widespread acclaim and have also recently been deployed in several ground-breaking clubs State-side as well as on the Ultra stage at the WMC in Miami and other leading Dance Events around the World.","https://images.prismic.io/funktion-one/e5f3fc8f-ad4d-412d-9ae9-915ac56cde3c_PS318_Website_ProductFeatured.png?auto=compress,format&w=2304","e3e1da97-3eb2-42f8-b80e-f5ec18089609"
"929f5d4d-2a0c-47b8-9c9a-c42c80052049",2024-04-02T17:19:08Z,2024-04-02T17:19:08Z,"9a64f577-0ddb-46e6-86f2-3d30f8940777","F55 is an ultra compact loudspeaker for applications requiring wide dispersion near field coverage including bars, theatre front fill, under balcony and domestic use.","This high sensitivity enclosure delivers good vocal intelligibility with excellent clarity and imaging detail; attributes not usually present in compact loudspeakers. Dual 5” drivers manufactured to Funktion-One specification have been carefully optimised with the enclosure tuning for use without processing or system equalisation for natural simplicity and high fidelity.  In common with the F81 and F101, out of operating band low frequency protection is incorporated. If additional bass reinforcement is required our smaller bass products including the MB112, MB210LP and  BR115 enclosures make the perfect complement.","https://images.prismic.io/funktion-one/ad2d26d0-1581-41fd-a3ca-efbe17ab6974_F55.png?auto=compress,format&rect=0,39,1450,1450&w=2304&h=600","364071e8-e818-479b-9688-1f358eebb130"
"93ff48c8-0cf5-4214-8327-af01084e7d71",2024-04-02T17:19:08Z,2024-04-02T17:19:08Z,"9a64f577-0ddb-46e6-86f2-3d30f8940777","This horn loaded 15'' device delivers punchy, well defined upper-bass and low-mid frequencies. ","Within a Dance Stack®, this impressive component delivers the low-mid speed and kick necessary for fulfilling dance music reproduction. Typically used in combination with DS210 or Evo SH mid-high loudspeakers.","https://images.prismic.io/funktion-one/d0b49990-42c6-495c-bef2-739bf292ae53_Dance+Stack+DS15+Focus.jpg?auto=compress,format&w=2304","1332fc8f-bad8-4c49-a8c4-25660427716c"
"99983526-a02a-4095-ae58-0d19fe07c0ea",2024-04-02T17:19:08Z,2024-04-02T17:19:08Z,"9a64f577-0ddb-46e6-86f2-3d30f8940777","Evo 6EL supplements Evo 6E cabinets to provide additional mid bass headroom – especially useful for flown Evo 6E installations.","It shares the same footprint as the Evo 6E, and is attached via the vertical or side M10 mounting points. The joined assembly can then be ground stacked or flown using the appropriate hardware. Pairs well with F121s or F124s to form a complete system.","https://images.prismic.io/funktion-one/c492e8fb-b14f-46b6-9c59-abc35dd08b22_Evo+6EL.png?auto=compress,format&w=2304","19aea7d2-c13e-44d8-9ec6-7f2fb117d8b1"
"9b91473b-3f19-49ed-a3f4-1c20f4efdcad",2024-04-02T17:19:08Z,2024-04-02T17:19:08Z,"9a64f577-0ddb-46e6-86f2-3d30f8940777","The double Infrahorn is a waveguide which can be used in conjunction with a pair of Infrabass 218s for applications with extreme low-frequency bass requirements. ","When bolted directly to the front of two Infrabass, the waveguide increases the output of the pair by up to 10dB at 33Hz.  The additional loading provided by the Infrahorn significantly enhances both the efficiency and directivity of the Infrabass. Double Infrahorns can be used singly or stacked above each other in multiples to produce unprecedented low-bass performance. Where space permits, the double Infrahorn represents a cost effective way of maximising Infrabass output, whether it be for use within the club environment or for outdoor arenas.","https://images.prismic.io/funktion-one/0e982fa6-5146-4a01-ae79-4dc36668c334_Infrahorn_Website_Product.png?auto=compress,format&w=2304","96688231-c6de-412a-941e-84c125d7e054"
"9c78c951-e5ad-4f0f-8050-a15bb5c6174e",2024-04-02T17:19:08Z,2024-04-02T17:19:08Z,"9a64f577-0ddb-46e6-86f2-3d30f8940777","The patented Infrabass 218 is a bass loudspeaker enclosure covering the octave from 30Hz to 60Hz.  It delivers smooth, deep bass for a powerful sonic experience. ","It's proficiency through the lowest bass octave can be used to extend the bass delivery of any Funktion-One system. The optional Double Infrahorn, can provide significant additional loading for a pair of Infrabass 218s in applications with extreme bass requirements.Typically used with Double Infrahorn, F218, DS15 and DS210 in Dance Stack configurations.","https://images.prismic.io/funktion-one/128ae903-ad26-4d26-85b5-f5935c2d2f1c_Infrabass.png?auto=compress,format&w=2304","4739addc-f7c2-4be1-a11f-4fd00e5221de"
"9cc208b2-3b08-4806-8bac-0a39ad674d32",2024-04-02T17:19:09Z,2024-04-02T17:19:09Z,"9a64f577-0ddb-46e6-86f2-3d30f8940777","F88 is a compact yet high output loudspeaker with wide horizontal dispersion, comprising two Funktion-One designed, wide bandwidth 8” drivers with a passive slot tweeter.","Particular attention has been paid to the arrangement of the drive units to optimise coherency. The F88’s 110° dispersion and 99dB sensitivity (from 70Hz to 18kHz) allow it to be used in numerous applications including under balcony, theatre, bar, nightclub, cinema surround sound and integrated AV. The F88 delivers full-range sound and can be given more authority with the addition of Funktion-One bass enclosures - including MB212, F118 or BR118.","https://images.prismic.io/funktion-one/cdaf9e59-8047-42c2-85d6-21b02bd11649_F88.png?auto=compress,format&w=2304","ccbaeb9b-8c02-4182-b6ae-481f1f9cd35c"
"9d3489e4-e573-4154-8b65-dccb2bbb01a1",2024-04-02T17:19:08Z,2024-04-02T17:19:08Z,"9a64f577-0ddb-46e6-86f2-3d30f8940777","V132 is an extraordinarily powerful, horn-loaded bass enclosure, featuring a single 32” driver, operating from 20Hz to 50Hz.","The combination of M-ForceTM technology with Funktion-One’s decades of expertise in cabinet and driver design enables reproduction of the 20-50Hz band with unprecedented and astonishing intensity. Suitable for infrabass extension to large touring systems, or for special effects. Pairs especially well with V221s.","https://images.prismic.io/funktion-one/85e84260-239e-41f8-ae4b-eb8112715349_F132_Website_Product.png?auto=compress,format&w=2304","92c078ce-a3f2-4a0f-8f73-6f66fd7b7d64"
"a397166f-e411-4221-b534-1f4df7e25b6f",2024-04-02T17:19:08Z,2024-04-02T17:19:08Z,"9a64f577-0ddb-46e6-86f2-3d30f8940777","MB212 features Funktion-One’s patented infrabass technology.","It provides great bass extension to our Compact Range loudspeakers in applications such as bars, restaurants and home studios. The MB212 comprises a double 12"" loudspeaker, handling 600 Watts and averaging an impressive 104dB sensitivity between 35Hz and 125Hz. ","https://images.prismic.io/funktion-one/dd0da9dd-0ee2-492c-b57b-73eebd282cff_MB212.png?auto=compress,format","422cbe91-1e83-46a7-8d09-9688a390e317"
"a5544199-eadf-49fd-9e8a-c73fa7a4ddfd",2024-04-02T17:19:08Z,2024-04-02T17:19:08Z,"9a64f577-0ddb-46e6-86f2-3d30f8940777","VX90 is a three-way, vertically arrayable loudspeaker with four Funktion-One designed Neodymium drivers in a horizontally symmetric configuration.","It features two reflex loaded, high efficiency 12″ mid bass drivers, one Axhead loaded wide bandwidth 8″ cone midrange driver, and one 1″ compression driver on a proprietary isophase diffraction waveguide.The Vero VX system comprises VX90 full-range vertically arrayable loudspeakers, V124 or V221 bass enclosures, amp racks, fly bars, transport dollies, ground stack hardware, cabling and Projection system design software.","https://images.prismic.io/funktion-one/97ed6d87-abd4-432b-9326-eae8401c1e97_Vero+VX90+Angle.png?auto=compress,format&w=2304","35f5e069-dd57-4190-b1ef-903bd7107c66"
"a83bea8a-d92e-48c7-af54-14dd829a1690",2024-04-02T17:19:08Z,2024-04-02T17:19:08Z,"9a64f577-0ddb-46e6-86f2-3d30f8940777","This horn loaded 15'' DS15 delivers punchy, well defined upper-bass and low-mid frequencies. ","Within a Dance Stack®, this impressive component delivers the low-mid speed and kick necessary for fulfilling dance music reproduction. Typically used in combination with DS210 or Evo SH mid-high loudspeakers.","https://images.prismic.io/funktion-one/d0b49990-42c6-495c-bef2-739bf292ae53_Dance+Stack+DS15+Focus.jpg?auto=compress,format&w=2304","4e7b78fa-1cd5-4bfd-b4cf-64775fb3427f"
"a8a309bb-b87b-43b2-a9ac-7f3059b77185",2024-04-02T17:19:08Z,2024-04-02T17:19:08Z,"9a64f577-0ddb-46e6-86f2-3d30f8940777","BR (Bass Reflex) range is recommended for indoor venues and smaller outdoor events, where Funktion-One's signature bass sound is required at close range.","Funktion-One’s take on the classic 2 x 18” bass reflex focuses on punch, dynamics and efficiency.Highly suitable for clubs and venues requiring a powerful bass experience in a smaller audience area or dancefloor.","https://images.prismic.io/funktion-one/06d75be0-6866-4704-9f6a-72a26a48c06e_BR218+Front+Upright.jpg?auto=compress,format&w=2304","6fbf6787-9826-4bd6-acbd-07bd378c6271"
"a8c5a3c7-42db-4442-8d8d-70c19fea4c76",2024-04-02T17:19:08Z,2024-04-02T17:19:08Z,"9a64f577-0ddb-46e6-86f2-3d30f8940777","Building on the success of the innovative Res 1, the Res 1.5 is a 2-way loudspeaker enclosure with 90° dispersion, high-fidelity and good low frequency output for its size.","Our unique axhead-loaded 5” wide-range driver is combined with a substantial 18” bass driver to present a highly capable two way enclosure. In common with the Res 1, the 5” driver eliminates the need for a compression driver. Our bass loading technology enables use of an 18” driver in an enclosure size where previously only a 15” could have been used. As is typical with Funktion-One loudspeakers, there is no system EQ and the resulting sound is extremely involving. The Res 1.5 is well suited to applications needing a single enclosure per side, including theatres, entertainment venues and worship spaces.","https://images.prismic.io/funktion-one/fce4adec-8232-4a1c-bacf-a6eaef593504_Res+1.5+Side.png?auto=compress,format&w=2304","3778639a-4b4f-4e03-aaf7-8e1d40ddc5e4"
"aca1b049-3abb-42d7-ab98-c56387d2c3bd",2024-04-02T17:19:08Z,2024-04-02T17:19:08Z,"9a64f577-0ddb-46e6-86f2-3d30f8940777","BR (Bass Reflex) range is recommended for indoor venues and smaller outdoor events, where Funktion-One’s signature bass sound is required at close range.","BR115 provides surprising output from a small and manageable cabinet.The Neodymium magnet reduces the weight to just 33kg. Ideal for mobile systems with F81.2. Also useful for small installations such as bars and restaurants.","https://theoffice.fra1.cdn.digitaloceanspaces.com/funktion-one-logo.jpg","b2e1a64b-d05e-4b7a-adbe-5ba107aa486f"
"aca596d8-7732-467f-a95b-188f44bac3bd",2024-04-02T17:19:09Z,2024-04-02T17:19:09Z,"9a64f577-0ddb-46e6-86f2-3d30f8940777","SB8 is an extremely compact, yet powerful and convincing bass loudspeaker.","It is perfect for applications where a conventionally sized subwoofer is too large and obtrusive, such as bars, restaurants, retail outlets and galleries. The small size and high output of the SB8 also makes it suitable for consumer applications, such as a dynamic and precise low frequency channel in a home theatre system or as bass extension for the F5, F55 or F81.2 in a 2.1 listening or monitoring system.The SB8A version features a three channel amplifier with satellite outputs, fully analogue signal path, and universal (100-240V) power supply.","https://images.prismic.io/funktion-one/b0eab8a2-8f36-4702-a33f-fc42b0a8f257_SB8+New.png?auto=compress,format&w=2304","f858c5e8-7e7d-44b1-9258-2fb37f7e584e"
"b587916c-9854-4131-ba56-c552966c1b09",2024-04-02T17:19:09Z,2024-04-02T17:19:09Z,"9a64f577-0ddb-46e6-86f2-3d30f8940777","MB112 is one of Funktion-One’s most compact bass enclosures.","Comprising a single 12"" loudspeaker, handling 250 Watts and averaging an impressive 104dB sensitivity between 60Hz and 160Hz, the MB112 provides great bass extension to Funktion-One Compact Range loudspeakers in applications such as bars, restaurants and home studios.","https://images.prismic.io/funktion-one/223e63db-2258-4b1c-ab04-e69d31cf971e_Funktion-One+MB112+Featured.jpg?auto=compress,format&w=2304","d4a30c5c-7e46-41bc-8720-a73575ed936a"
"b9fb4fee-80db-4219-8cb5-cdf33c5dee28",2024-04-02T17:19:08Z,2024-04-02T17:19:08Z,"9a64f577-0ddb-46e6-86f2-3d30f8940777","Evo 6EH is the mid-high section of an Evo 6 enclosed in a neat birch ply cabinet, offering high output and controlled directivity.","Most frequently used as the high power mid-high section of a modular system, in combination with F215 mkII and bass (F124, F221 or BR221). Also useful for front fills in larger systems.","https://images.prismic.io/funktion-one/fb57d5bd-cef7-446b-811e-5b9043552df9_Evo+6EH.png?auto=compress,format&w=2304","371f1bb8-b7cb-4d03-a349-592b13f19b66"
"bed84234-8e49-4762-9368-8c7115bb6a60",2024-04-02T17:19:08Z,2024-04-02T17:19:08Z,"9a64f577-0ddb-46e6-86f2-3d30f8940777","AX8 is a powerful and effective combination of high performance, lightweight design and natural simplicity.","This high bandwidth, high efficiency, horn loaded 8'' loudspeaker is the perfect choice for demanding speech applications where quality of vocal intelligibility is paramount. This loudspeaker is highly durable and weather resistant and is supplied complete with a versatile mounting bracket and stainless steel grille.","https://images.prismic.io/funktion-one/a23c42f1-8e6f-46ec-a022-f9d99e6a144a_AX8_Website_Product.png?auto=compress,format&w=2304","c5b75d8d-9ce0-4a5a-bd03-01266c9c22ea"
"c4c94343-3a5e-4191-8ad7-b8b2b1ecd86b",2024-04-02T17:19:08Z,2024-04-02T17:19:08Z,"9a64f577-0ddb-46e6-86f2-3d30f8940777","F132 is an extraordinarily powerful, horn-loaded bass enclosure, featuring a single 32” driver, operating from 20Hz to 50Hz.","The combination of M-Force™ technology with Funktion-One’s decades of expertise in cabinet and driver design enables reproduction of the 20-50Hz band with unprecedented and astonishing intensity. Suitable for infrabass extension to large touring systems, or for special effects. Pairs especially well with F221s.","https://images.prismic.io/funktion-one/578c3b4d-593b-4255-bd4d-3de778b1c881_F132.png?auto=compress,format&w=2304","1188c912-8a3a-4ea3-82ab-bda50f827f36"
"c9544f41-a473-4979-bb8d-9f0ba2b6a485",2024-04-02T17:19:08Z,2024-04-02T17:19:08Z,"9a64f577-0ddb-46e6-86f2-3d30f8940777","V124 takes Funktion-One’s bass loading and driver technology to the next level.","This combination of mid-bass speed and impact with low-bass extension from a single enclosure makes the V124 the perfect bass partner for Vero and VX systems. The V124 delivers excellent transient response and extended depth to below 30Hz.","https://images.prismic.io/funktion-one/bfe3519b-633c-4c0c-bccb-9df2d386e07c_V124_Website_Product.png","107d378d-eb13-419c-b8b9-70be6c69b127"
"ce24cc17-c12e-408d-82bc-2c5d4714b46b",2024-04-02T17:19:08Z,2024-04-02T17:19:08Z,"9a64f577-0ddb-46e6-86f2-3d30f8940777","F1201.2 features Funktion-One sound in an extremely versatile 12” and horn-loaded 1” configuration.","F1201.2 offers the potential for use as a full range cabinet, providing balanced low frequency down to 80Hz. Equally at home as part of a small front of house system or as fills in larger systems, F1201.2 is a versatile tool for both installers and rental users. An integrated flared bass reflex port minimises turbulence and maximises our refined cabinet tuning. A high resolution 1” HF device and Funktion-One designed waveguide delivers precise high frequencies to 20kHz. F1201.2 benefits from our minimalist approach to passive crossover design, achieving very low distortion and excellent integration between drivers, to give a stable and engaging image. NL4 and Phoenix connector variants are combined into a common connector panel, simplifying purchasing and inventory management. Combine with BR118 for a powerful and compact mobile system.","https://images.prismic.io/funktion-one/30904df4-da97-434d-930b-9b2e7b58e2a7_Funktion-One+F1201.2.jpg?auto=compress,format&w=2304","780a225a-c5d8-4939-a570-90d40865f238"
"cf993006-2805-4d58-b1b1-a06ed3da3a25",2024-04-02T17:19:08Z,2024-04-02T17:19:08Z,"9a64f577-0ddb-46e6-86f2-3d30f8940777","F215 MKII delivers mid-bass power and definition for modular Evo systems and Dance Stacks.","F215 Utilising similar bass loading technology to Funktion-One’s highly regarded F218, with Funktion-One high performance drivers and an overall tuning for strong and accurate impact, the F215 delivers outstanding upper bass performance. It can be used as a main stand alone bass enclosure for smaller systems or combined with other Funktion-One bass enclosures to form the beating heart of larger systems. The vertically stacked arrangement of the two horns, birch ply construction and optional robust wheels make for a durable, convenient and high performance package.","https://images.prismic.io/funktion-one/c1862014-e093-4953-8d6f-6df2480d30cc_F215_Website_Feature.png?auto=compress,format&w=2304","691d852a-75fa-4110-831e-c5e4dfa65bd7"
"d2596eaa-e869-41bc-bf07-4e27f3b8801c",2024-04-02T17:19:08Z,2024-04-02T17:19:08Z,"9a64f577-0ddb-46e6-86f2-3d30f8940777","F5.2 is an ultra compact and extremely balanced loudspeaker, with a natural sound quality not typically found in loudspeakers of its size.","F5.2 is the smallest loudspeaker in our Compact Range, making it a valuable tool for the AV installer, bringing Funktion-One sound to distributed audio systems in bars, restaurants and retail applications. F5.2 is equally well suited to domestic listening, home theatre, spatial audio and home DJ monitoring applications. A Funktion-One specified high sensitivity 5” delivers excellent coherency and builds an impressive image when used in near field situations. NL4 and Phoenix connector variants are combined into a common connector panel. Pair with SB8 for discreet, high performance installation or choose SB8A for a very compact self powered Funktion-One system. Combination of 2 x F5.2 with 1 x SB8A makes for an outstanding, highly mobile, self-powered small party system.","https://images.prismic.io/funktion-one/2f582567-2287-472d-9503-503c9278172c_F5.2+Front+angled.jpg?auto=compress,format&w=2304","7aaa4847-fc37-46f0-b5cd-1c93d9f73378"
"d5efc677-fb93-4e88-910b-fce4176afb2e",2024-04-02T17:19:09Z,2024-04-02T17:19:09Z,"9a64f577-0ddb-46e6-86f2-3d30f8940777","Evo 7TH is the mid-high section of the Evo 7T. It features 10” mid-range and a 1.4” compression driver for high frequencies featuring integrated flying hardware.","It is significantly smaller than the Evo 7T, making it extremely flexible and adaptable to a number of configurations. The Evo 7TH has an inverted waveguide, meaning the high frequencies and mids mirror perfectly with those of an Evo 7T, which enables mutual self-reinforcement for increased reach and audience capacity. The Evo7T, 7TH and 7TL-215 all share the same integrated flying system for fast, accurate and effective rigging. The increase in scalability that comes with the addition of the Evo 7TH and 7TL-215 mean that Evo configurations can comfortably deliver precise and even coverage to audiences of up to 10,000 people.","https://images.prismic.io/funktion-one/15b9dc83-b4f1-48d8-8398-9d4056bf1cef_EVO7TH_Website_Product.png?auto=compress,format&w=2304","da671f36-eba9-4dab-acc1-f03549a08547"
"dd11ee96-c053-4f65-9f76-897dd8ecc6a3",2024-04-02T17:19:08Z,2024-04-02T17:19:08Z,"9a64f577-0ddb-46e6-86f2-3d30f8940777","F315 offers extremely well defined mid-bass from a slimline enclosure; bringing new power, clarity and output to an important yet often neglected area of the frequency spectrum.","Utilising similar bass loading technology to Funktion-One’s highly regarded F215 and F218 MKIIs, with a high performance driver specification and an overall tuning for more impact; the F315 delivers outstanding mid/upper bass performance. Adding the extra 15” driver, compared to a standard F215 MKII, not only gives 50% more power but the unique complement of 3 drivers to 2 horns unifies this power in an extremely cohesive and coherent manner.  The F315 can be ideally combined with other Funktion-One bass enclosures such as the F221, BR221 or BR218 and mid-high enclosures such at the DS210 or Evo range.","https://images.prismic.io/funktion-one/f13847bd-b29d-48de-b475-d93840164e4c_F315_Website_Product.png?auto=compress,format&w=2304","cba7a819-f0f3-4e1c-98b5-fa11dd878e17"
"e3693919-738a-4dfd-a1e0-04fa96e2ce6f",2024-04-02T17:19:08Z,2024-04-02T17:19:08Z,"9a64f577-0ddb-46e6-86f2-3d30f8940777","PSM18 point source stage monitor is a radical departure from the standard 15"" and compression-driver configuration, delivering a significant performance advantage over conventional monitors.","The PSM18's triple concentric arrangement comprises a very high power 18” driver with a coaxially mounted two-way compression driver. The natural materials used in the midrange section of the  compression driver combined with its 700Hz -18kHz bandwidth give previously unheard clarity and definition to the vocal range. The ultra-fast 18"" driver with its Neodymium magnet and 5” voice coil is optimised for low frequency definition making the monitor also well suited to use for Bass and Drums. The PSM18 has a 70° Funktion-One conical waveguide for high efficiency and control, and the point-source arrangement is optimum for smooth coverage and minimising feedback. As usual with Funktion-One's design approach, corrective EQ is unnecessary leaving the enclosure phase coherent with plenty of headroom.","https://images.prismic.io/funktion-one/9a62cc70-8a30-4795-8e57-3aaea38e1ed5_PSM18_Website_ProductImage.png?auto=compress,format&w=2304","af28ecf0-6b89-404d-96de-761460ba4c39"
"e4bf5890-5d26-4470-93d3-084d6ea6989f",2024-04-02T17:19:08Z,2024-04-02T17:19:08Z,"9a64f577-0ddb-46e6-86f2-3d30f8940777","Vero V60 is the narrow dispersion mid-high element in the Vero system for far field coverage.","The signature Funktion-One wide bandwidth midrange and three 1.4” compression drivers provide exceptional audio quality to beyond 100m.It has a nominal directivity of 60° horizontal and 6° vertical with a frequency response of 200Hz to 18kHz. It comprises two 10"" Neodymium mid drivers and three 1.4"" Neodymium HF drivers in a horizontally symmetric configuration.","https://images.prismic.io/funktion-one/898478fe-f2dd-4360-9b20-a82d05406717_V60_Website_Product.png?auto=compress,format&w=2304","c665008e-a037-4f53-8adf-ff666768a757"
"e8aa468b-9830-476e-a3a4-f59851ae48e7",2024-04-02T17:19:08Z,2024-04-02T17:19:08Z,"9a64f577-0ddb-46e6-86f2-3d30f8940777","V221 is an exceptionally efficient high-intensity bass enclosure.","V221 is the proven choice for large scale events, with exceptionally high sensitivity and electroacoustic energy efficiency.V221 provides bass power and dynamics for large areas, typically requiring far fewer cabinets and amplifiers than an equivalent direct radiating bass array, resulting in significant reductions in power consumption and CO2 emissions.Equally suited to large mono bass stacks and broadside arrays, both conventional and cardioid. V221 cardioid arrays have up to 30dB rear rejection in optimal configurations.The ideal bass solution for Vero and VX systems.","https://images.prismic.io/funktion-one/bbe73614-8074-4617-a474-43b936a7e5cc_V221.png?auto=compress,format&w=2304","7fdaa0fb-b950-490d-8d60-19a130bf463a"
"ef910db7-0fec-4a84-aa5e-82356c412dd1",2024-04-02T17:19:08Z,2024-04-02T17:19:08Z,"9a64f577-0ddb-46e6-86f2-3d30f8940777","AX88 is an extremely useful two-way, passive mid-high loudspeaker with a 60° by 55° dispersion. ","It provides a cost effective, high quality solution for many diverse and demanding audio applications including arena, stadia, theatrical and entertainment applications. Its high efficiency, wide frequency range and low distortion delivers particularly clear and intelligible speech. AX88s are often selected for acoustically challenging environments such as Ice Arenas and other large venues with a lot of hard surfaces, where the AX88's controlled dispersion keeps reflections to a minimum. With the addition of Funktion-One bass speakers, AX88s can also be used as a highly effective music system.","https://images.prismic.io/funktion-one/634dc633-c8a6-45f0-a090-e71b6b671d49_AX88+New.png?auto=compress,format&w=2304","111c8df6-1532-4d4c-a9e2-465201be1cf0"
"f025ab32-102d-4d03-a5e9-5a241eb5b0b1",2024-04-02T17:19:09Z,2024-04-02T17:19:09Z,"9a64f577-0ddb-46e6-86f2-3d30f8940777","Evo 7E is a very high intensity point source loudspeaker with narrow 40° horizontal dispersion.","It is fully horn-loaded with 15” mid-bass, 10” Funktion One signature mid-range and a 1.4” compression driver. The Evolution 7E has 40° nominal horizontal dispersion and physically arrays at 30°, three wide giving smooth coverage to 100°, suitable for crowd sizes of around 2,500 people. Evo 7E systems deliver state-of-the-art Funktion-One sound quality for both live and DJ applications.  ","https://images.prismic.io/funktion-one/bd5077ff-b073-48ae-8c35-d280407c932d_Evo+7E.png?auto=compress,format&w=2304","e5405d13-1d47-4311-82f2-30f13b63c004"
"f0c10c24-312c-46b6-b1ca-f0674c0f2406",2024-04-02T17:19:08Z,2024-04-02T17:19:08Z,"9a64f577-0ddb-46e6-86f2-3d30f8940777","The DS210 loudspeaker enclosure comprises dual Axhead-loaded 10'' mid-high drivers and dual 1.4'' compression drivers (with Funktion-One's signature high HF crossover point for minimised distortion).","Typically used in Dance Stack® with DS15 low-mid loudspeakers and Funktion-One high efficiency bass designs. This main Dance Stack® element produces unrivaled clarity and efficiency bringing the music closer than ever before. The DS210 is equivalent to two Evo 6EHs in a single enclosure. Specific ground-stacking accessories simplify the process of creating custom Dance Stacks, please contact us to design the optimum Dance Stack® configuration for your venue.","https://images.prismic.io/funktion-one/363c16f5-3d81-4d80-aa1b-8eaa08a8db37_DS210_Website_Product.png?auto=compress,format&w=2304","483067ea-c881-449f-a49b-4680a402be3d"
"f35f77f3-e9c7-412e-a06c-3f3851e28e9d",2024-04-02T17:19:08Z,2024-04-02T17:19:08Z,"9a64f577-0ddb-46e6-86f2-3d30f8940777","V124 takes Funktion-One’s bass loading and driver technology to the next level.","This combination of mid-bass speed and impact with low-bass extension from a single enclosure makes the V124 the perfect bass partner for Vero and VX systems. The V124 delivers excellent transient response and extended depth to below 30Hz.","https://images.prismic.io/funktion-one/58e11b3b-b790-45e0-ab11-3de99d8fc20a_V124+v2.png?auto=compress,format&w=2304","c5c6cce8-d28b-482b-8f59-64d556aa7388"
"f44a4e4e-cfe2-4fbe-b9d6-5b1d39f16a0f",2024-04-02T17:19:08Z,2024-04-02T17:19:08Z,"9a64f577-0ddb-46e6-86f2-3d30f8940777","BR (Bass Reflex) range is recommended for indoor venues and smaller outdoor events, where Funktion-One's signature bass sound is required at close range.","Funktion-One’s take on the classic 18” bass reflex focuses on punch, dynamics and efficiency.Pairing exceptionally well with a wide range of Funktion-One loudspeakers, the BR118 is equally useful in a more powerful mobile system, or installations.","https://theoffice.fra1.cdn.digitaloceanspaces.com/funktion-one-logo.jpg","94c79e91-f522-4d0b-a94e-17cf354c7f62"
"f8406693-ced7-4600-8b1e-d6c534181579",2024-04-02T17:19:08Z,2024-04-02T17:19:08Z,"9a64f577-0ddb-46e6-86f2-3d30f8940777","The BR132, is the largest, deepest and most powerful of Funktion-One's bass reflex series of bass loudspeakers.","It utilises Powersoft’s high power M-Force linear transducer with Funktion-One’s own cone, surround and enclosure technology. The BR132A self powered with the integrated M-Drive amplifier. It is around 40% smaller than its horn-loaded F132 counterpart and delivers plush elastic bass and super-low frequency extension. It is particularly effective in applications requiring deep, strong and well defined sub-bass at close range.","https://images.prismic.io/funktion-one/bd66e8c3-8904-448e-aa85-74b81035b34f_BR132+front3-resize.jpg?auto=compress,format&w=2304","689563cd-e6a0-4df6-ab26-73a2256fc831"
"f8f55b11-27a0-46d5-8672-575da61947f5",2024-04-02T17:19:08Z,2024-04-02T17:19:08Z,"9a64f577-0ddb-46e6-86f2-3d30f8940777","Evo 6SH skeletal loudspeaker is the mid-high section of an Evo 6, offering high output and controlled directivity from a very lightweight speaker.","It can be used in a wide range of applications which include providing additional coverage to an Evo 6 system, as the high power mid-high section of a multi-way PA system or in demanding speech based applications such as theatrical voice reinforcement.","https://images.prismic.io/funktion-one/7e5f840d-8029-48b7-99f5-9ba82d853d22_Evo+6SH+copy.png?auto=compress,format&w=2304","4341597a-afc6-4008-81a2-a40a62cef36e"
"fc69ad0f-482c-4830-a664-43aade7850be",2024-04-02T17:19:08Z,2024-04-02T17:19:08Z,"9a64f577-0ddb-46e6-86f2-3d30f8940777","R2SH skeletal loudspeaker is the mid-high section of a Res 2, producing high output for its compact size.","Operating upwards from 250Hz it can either be used in conjunction with Funktion-One bass enclosures such as the F118, F215 or BR118 as a main system in its own right, or used effectively as in-fill or delays in larger systems.","https://images.prismic.io/funktion-one/6ad91a8e-ad51-4b10-8b0b-30099337fa95_RES2SH_Website_Product.png?auto=compress,format&w=2304","54e12a1d-570d-4151-a40a-94de61ab52a0"
"fdb410fd-dcad-4447-9626-35e7d574653a",2024-04-02T17:19:08Z,2024-04-02T17:19:08Z,"9a64f577-0ddb-46e6-86f2-3d30f8940777","F81.2 delivers Funktion-One's signature sound and performance from a compact 2-way design","F81.2 brings the definition, vocal intelligibility and overall clarity that Funktion-One is known for to a small scale cabinet size, making it a highly versatile and cost effective solution for applications including domestic listening, studio monitoring, retail, bars, restaurants and galleries.Flared bass reflex ports minimise turbulence and maximise our refined cabinet tuning. A high resolution 1” HF device and Funktion-One designed waveguide delivers precise high frequencies to 20kHz.F81.2 benefits from our minimalist approach to passive crossover design, achieving very low distortion and excellent integration between drivers, to give a stable and engaging image.NL4 and Phoenix connector variants are combined into a common connector panel, simplifying purchasing and inventory management. Combine with SB10/SB10A or BR115 for compact full range use.2 x F81.2 with 1 x SB10A makes for an outstanding, highly mobile, self-powered small party system.","https://images.prismic.io/funktion-one/86597f8a-57b8-4eca-aa94-c5c550310532_F81.2.png?auto=compress,format&w=2304&h=600","59f3e706-cac8-490d-ae6a-2087c1f73a5d"
