"ID","Created Date","Updated Date","Owner","description","product"
"029c332f-ac11-48f4-b4f7-8f10789b4533",2024-04-02T17:33:21Z,2024-04-02T17:33:21Z,"9a64f577-0ddb-46e6-86f2-3d30f8940777","Flown 90° mid-high Vero loudspeaker","904044a9-6c1f-4197-9ff3-286e03777601"
"05fd1a86-406a-4230-9fdc-6693e2b17fc7",2024-04-02T17:33:22Z,2024-04-02T17:33:22Z,"9a64f577-0ddb-46e6-86f2-3d30f8940777","Innovative cone driver technology","de2035f5-aad4-4e6c-8425-bded2885f37e"
"0859b14b-d14f-4ac6-9e20-73ea4c0028c7",2024-04-02T17:33:21Z,2024-04-02T17:33:21Z,"9a64f577-0ddb-46e6-86f2-3d30f8940777","High output, compact size, excellent audio performance","54e12a1d-570d-4151-a40a-94de61ab52a0"
"08c94283-b1b5-4b6f-8a4b-cb415e224823",2024-04-02T17:33:21Z,2024-04-02T17:33:21Z,"9a64f577-0ddb-46e6-86f2-3d30f8940777","Extremely well defined bass from a compact enclosure","691d852a-75fa-4110-831e-c5e4dfa65bd7"
"0d1b6bf7-3c28-49a1-9c8e-183bce32e151",2024-04-02T17:33:21Z,2024-04-02T17:33:21Z,"9a64f577-0ddb-46e6-86f2-3d30f8940777","Powerful and efficient mid-high enclosure","2c009461-b83a-4f90-8311-eef1b281dd4d"
"1fa40b7b-0c07-49cd-82b4-a50f1aaed8cb",2024-04-02T17:33:21Z,2024-04-02T17:33:21Z,"9a64f577-0ddb-46e6-86f2-3d30f8940777","The F81.2 is a small loudspeaker with Funktion-One sound quality","59f3e706-cac8-490d-ae6a-2087c1f73a5d"
"2429a46a-50e8-4653-ab14-784a2fc900d2",2024-04-02T17:33:22Z,2024-04-02T17:33:22Z,"9a64f577-0ddb-46e6-86f2-3d30f8940777","Incredible upper bass speed and accuracy","fb0c27dc-ed86-4756-8192-fb02269af178"
"26a9ed9d-e93f-4550-a950-ae147f1027df",2024-04-02T17:33:21Z,2024-04-02T17:33:21Z,"9a64f577-0ddb-46e6-86f2-3d30f8940777","The F5.2 is an ultra compact loudspeaker with Funktion-One's signature audio quality","2d65cf6a-3dbf-4e9a-86c0-971fbf42a025"
"291c265f-26ee-43e7-ab8c-8ee043f74ca2",2024-04-02T17:33:21Z,2024-04-02T17:33:21Z,"9a64f577-0ddb-46e6-86f2-3d30f8940777","Impressive bass reflex performance","94c79e91-f522-4d0b-a94e-17cf354c7f62"
"294b9644-a271-405f-9978-f596cfbf6c69",2024-04-02T17:33:21Z,2024-04-02T17:33:21Z,"9a64f577-0ddb-46e6-86f2-3d30f8940777","Deep, very powerful, bass reflex performance","689563cd-e6a0-4df6-ab26-73a2256fc831"
"30414058-b90e-46ee-9c4b-9674eed6ba37",2024-04-02T17:33:21Z,2024-04-02T17:33:21Z,"9a64f577-0ddb-46e6-86f2-3d30f8940777","Skeletal high intensity mid-high loudspeaker","95f4b55f-0aff-4439-a29f-9da92fdd8519"
"3dd1643a-3374-44fe-89fe-48c8167020bf",2024-04-02T17:33:21Z,2024-04-02T17:33:21Z,"9a64f577-0ddb-46e6-86f2-3d30f8940777",,"7fdaa0fb-b950-490d-8d60-19a130bf463a"
"425c4ed5-cd28-4792-aa67-30d6e8691bdb",2024-04-02T17:33:21Z,2024-04-02T17:33:21Z,"9a64f577-0ddb-46e6-86f2-3d30f8940777","Big bass performance from a relatively compact enclosure","6fbf6787-9826-4bd6-acbd-07bd378c6271"
"4e42a04d-0033-43c2-8c2c-b44c30442a4d",2024-04-02T17:33:22Z,2024-04-02T17:33:22Z,"9a64f577-0ddb-46e6-86f2-3d30f8940777","Class leading efficiency and performance","f9a3e3e1-1def-4cf2-8d82-c670ca7c6366"
"4ef0ab5b-cc65-401f-862b-93fbce42fa9e",2024-04-02T17:33:21Z,2024-04-02T17:33:21Z,"9a64f577-0ddb-46e6-86f2-3d30f8940777","Mid-high section of an Evo 6, offering high output and controlled directivity","371f1bb8-b7cb-4d03-a349-592b13f19b66"
"4f502ccf-f30a-4d1b-9685-4918489fb391",2024-04-02T17:33:21Z,2024-04-02T17:33:21Z,"9a64f577-0ddb-46e6-86f2-3d30f8940777","Smooth and deep bass extension from a compact enclosure","422cbe91-1e83-46a7-8d09-9688a390e317"
"53864004-4a41-49fa-bc1f-ef71d7e3fd63",2024-04-02T17:33:21Z,2024-04-02T17:33:21Z,"9a64f577-0ddb-46e6-86f2-3d30f8940777","Entirely horn-loaded","bde7e37b-e258-4e63-8faf-61592f7aa0aa"
"5598292f-89e0-4f16-9cd0-20f994e78402",2024-04-02T17:33:21Z,2024-04-02T17:33:21Z,"9a64f577-0ddb-46e6-86f2-3d30f8940777","State of the art Funktion-One sound quality","367875ea-ebb7-47cf-9548-8b45d3c6679c"
"57eb776d-f43d-4d40-8e4c-2bbd2d20ec1b",2024-04-02T17:33:22Z,2024-04-02T17:33:22Z,"9a64f577-0ddb-46e6-86f2-3d30f8940777","Funktion-One bass performance from a compact enclosure","d4a30c5c-7e46-41bc-8720-a73575ed936a"
"5a7dda88-3e1e-42ae-9b1c-2e728f050374",2024-04-02T17:33:22Z,2024-04-02T17:33:22Z,"9a64f577-0ddb-46e6-86f2-3d30f8940777","Wide dispersion loudspeaker with excellent vocal intelligibility","ccbaeb9b-8c02-4182-b6ae-481f1f9cd35c"
"5ddd4291-a46a-4e46-92dc-282995149447",2024-04-02T17:33:21Z,2024-04-02T17:33:21Z,"9a64f577-0ddb-46e6-86f2-3d30f8940777","High intelligibility speech loudspeaker","c5b75d8d-9ce0-4a5a-bd03-01266c9c22ea"
"634cc833-e3b8-4efa-86e7-6479244bedfa",2024-04-02T17:33:22Z,2024-04-02T17:33:22Z,"9a64f577-0ddb-46e6-86f2-3d30f8940777","Extremely compact and powerful bass speaker. Passive and self-powered options.","f858c5e8-7e7d-44b1-9258-2fb37f7e584e"
"6d5767b1-2d83-47e8-9c59-bd38cee4eb07",2024-04-02T17:33:21Z,2024-04-02T17:33:21Z,"9a64f577-0ddb-46e6-86f2-3d30f8940777","High intensity three-way, mid-high loudspeaker","ac5a3611-d1d3-4edf-8800-f65ee3d103b1"
"6db53c8a-4923-443f-8590-0b51538cf70f",2024-04-02T17:33:21Z,2024-04-02T17:33:21Z,"9a64f577-0ddb-46e6-86f2-3d30f8940777","Dance Stack low-mid section","4e7b78fa-1cd5-4bfd-b4cf-64775fb3427f"
"6f9bc5e8-57c3-4b83-9396-0af5329cb9f0",2024-04-02T17:33:21Z,2024-04-02T17:33:21Z,"9a64f577-0ddb-46e6-86f2-3d30f8940777","Deep, powerful bass reflex performance","3fbce079-f7db-4b07-a082-31ab88947fdb"
"70816c8e-9ba3-4035-93ea-39f1751f6c82",2024-04-02T17:33:21Z,2024-04-02T17:33:21Z,"9a64f577-0ddb-46e6-86f2-3d30f8940777","A revolution in stage sound","af28ecf0-6b89-404d-96de-761460ba4c39"
"7982bcd5-a9c7-447e-b18c-eeb521eb9b7e",2024-04-02T17:33:21Z,2024-04-02T17:33:21Z,"9a64f577-0ddb-46e6-86f2-3d30f8940777",,"c5c6cce8-d28b-482b-8f59-64d556aa7388"
"7abd34a0-bab7-4354-b07f-0e473dfa3190",2024-04-02T17:33:21Z,2024-04-02T17:33:21Z,"9a64f577-0ddb-46e6-86f2-3d30f8940777","Adds dramatically to the efficiency of two Infrabass.","96688231-c6de-412a-941e-84c125d7e054"
"7dad19c3-7e47-4aa2-a59f-d6ec07dc3637",2024-04-02T17:33:21Z,2024-04-02T17:33:21Z,"9a64f577-0ddb-46e6-86f2-3d30f8940777","Well defined horn-loaded bass performance","3e7c3ead-b19e-4945-beb6-076aa98bbf5e"
"84f0f494-0ce0-4e1c-842d-dff7c907d1f9",2024-04-02T17:33:22Z,2024-04-02T17:33:22Z,"9a64f577-0ddb-46e6-86f2-3d30f8940777","Flown mid-bass Vero loudspeaker","f5ec735c-7ba0-4e52-b207-465bab52e491"
"868d4f0b-a128-43a0-b972-e66187ad4ab1",2024-04-02T17:33:21Z,2024-04-02T17:33:21Z,"9a64f577-0ddb-46e6-86f2-3d30f8940777",,"7e72e73e-e941-4c4e-ad77-15fdee807d9c"
"8e8bdd23-8123-4360-8350-42d152d28b5a",2024-04-02T17:33:21Z,2024-04-02T17:33:21Z,"9a64f577-0ddb-46e6-86f2-3d30f8940777","Smooth, deep bass for a powerful sonic experience","4739addc-f7c2-4be1-a11f-4fd00e5221de"
"90fb264f-89b5-4e40-8f3c-bf2c0bf279b2",2024-04-02T17:33:21Z,2024-04-02T17:33:21Z,"9a64f577-0ddb-46e6-86f2-3d30f8940777",,"107d378d-eb13-419c-b8b9-70be6c69b127"
"9d8c36ef-5269-422f-a28b-eb5b1b817e19",2024-04-02T17:33:21Z,2024-04-02T17:33:21Z,"9a64f577-0ddb-46e6-86f2-3d30f8940777","Extraordinarily powerful bass enclosure","1188c912-8a3a-4ea3-82ab-bda50f827f36"
"9db95679-8e38-4d67-b83f-af26c80e987d",2024-04-02T17:33:21Z,2024-04-02T17:33:21Z,"9a64f577-0ddb-46e6-86f2-3d30f8940777","Mid/high clarity, efficiency and resolution","483067ea-c881-449f-a49b-4680a402be3d"
"a30c8ab0-f0a7-4860-b952-62f506ebd2c7",2024-04-02T17:33:21Z,2024-04-02T17:33:21Z,"9a64f577-0ddb-46e6-86f2-3d30f8940777","Outstanding upper mid-bass performance","cba7a819-f0f3-4e1c-98b5-fa11dd878e17"
"a41bea16-6327-4578-9193-2412669d1345",2024-04-02T17:33:21Z,2024-04-02T17:33:21Z,"9a64f577-0ddb-46e6-86f2-3d30f8940777","Adds dramatically to the efficiency of two Infrabass","8aa87940-3616-483f-8390-0e9a92c7c6c3"
"ab0662af-e3f6-4021-a68b-ef64eed1879c",2024-04-02T17:33:21Z,2024-04-02T17:33:21Z,"9a64f577-0ddb-46e6-86f2-3d30f8940777","Wide dispersion for venues with low ceiling heights","b0a04f5c-9850-4ee5-8e08-8d244800baae"
"add270f2-45ce-4e5e-96cd-26e690f6e009",2024-04-02T17:33:21Z,2024-04-02T17:33:21Z,"9a64f577-0ddb-46e6-86f2-3d30f8940777",,"51c8584a-5d46-41b1-85d0-9669637e7bde"
"aeecfece-9dc7-4ce4-88f3-3cc45ccab8aa",2024-04-02T17:33:21Z,2024-04-02T17:33:21Z,"9a64f577-0ddb-46e6-86f2-3d30f8940777","Extremely compact, wide dispersion loudspeaker","364071e8-e818-479b-9688-1f358eebb130"
"bb633ebe-b43e-4349-8559-b24857167d3a",2024-04-02T17:33:22Z,2024-05-29T18:50:16Z,"9a64f577-0ddb-46e6-86f2-3d30f8940777",,
"c11b836b-523a-4907-857b-a82742187f99",2024-04-02T17:33:22Z,2024-04-02T17:33:22Z,"9a64f577-0ddb-46e6-86f2-3d30f8940777","The new benchmark in high power DJ monitoring","e3e1da97-3eb2-42f8-b80e-f5ec18089609"
"c1baec55-9e22-4b38-b580-da2ee62895eb",2024-04-02T17:33:21Z,2024-04-02T17:33:21Z,"9a64f577-0ddb-46e6-86f2-3d30f8940777","Compact loudspeaker capable of high output and full range use","780a225a-c5d8-4939-a570-90d40865f238"
"c342224e-a73f-4b22-a949-6eba1bf9f11f",2024-04-02T17:33:21Z,2024-04-02T17:33:21Z,"9a64f577-0ddb-46e6-86f2-3d30f8940777","Flown 60° mid-high Vero loudspeaker","c665008e-a037-4f53-8adf-ff666768a757"
"c5531690-1ac9-4264-847a-0c0ab243b9ba",2024-04-02T17:33:21Z,2024-04-02T17:33:21Z,"9a64f577-0ddb-46e6-86f2-3d30f8940777","Low-mid section of the Dance Stack","1332fc8f-bad8-4c49-a8c4-25660427716c"
"c9250358-5951-404d-8b0d-7733561914c4",2024-04-02T17:33:21Z,2024-04-02T17:33:21Z,"9a64f577-0ddb-46e6-86f2-3d30f8940777","The F5.2 is an ultra compact loudspeaker with Funktion-One's signature audio quality","7aaa4847-fc37-46f0-b5cd-1c93d9f73378"
"cccafae6-517a-4d76-8c6a-33e268abc718",2024-04-02T17:33:21Z,2024-04-02T17:33:21Z,"9a64f577-0ddb-46e6-86f2-3d30f8940777","Compact point source stage monitor","8db839d1-78ba-404d-bf46-50dae4cb9c40"
"d0278070-0a4b-45e1-834e-ff9b1aa60442",2024-04-02T17:33:22Z,2024-04-02T17:33:22Z,"9a64f577-0ddb-46e6-86f2-3d30f8940777","Very high intensity loudspeaker enclosure","e5405d13-1d47-4311-82f2-30f13b63c004"
"d25b3174-63dc-4ee0-914b-499fb4722628",2024-04-02T17:33:21Z,2024-04-02T17:33:21Z,"9a64f577-0ddb-46e6-86f2-3d30f8940777","Horn loaded Funktion-One bass performance","3a30e712-fc9e-438b-b75c-4c797adf0d8a"
"d2830769-c521-43f2-8e1a-0ca73ad65023",2024-04-02T17:33:21Z,2024-04-02T17:33:21Z,"9a64f577-0ddb-46e6-86f2-3d30f8940777",,"35f5e069-dd57-4190-b1ef-903bd7107c66"
"d5828231-7903-49dc-a66b-336be43c982a",2024-04-02T17:33:22Z,2024-04-02T17:33:22Z,"9a64f577-0ddb-46e6-86f2-3d30f8940777","Very high intensity mid-high touring loudspeaker","da671f36-eba9-4dab-acc1-f03549a08547"
"d6d8c1af-2148-4d9d-9e97-d6d4b657174b",2024-04-02T17:33:22Z,2024-04-02T17:33:22Z,"9a64f577-0ddb-46e6-86f2-3d30f8940777","State of the art Funktion-One sound quality","d835f41e-8fec-4744-b19b-f59e719d780f"
"d8bb19ea-3ae8-490e-9206-b844538573b3",2024-04-02T17:33:21Z,2024-04-02T17:33:21Z,"9a64f577-0ddb-46e6-86f2-3d30f8940777","Excellent bass extension from a single enclosure","8cbd897b-c3aa-458a-b301-79c268153ac3"
"dabc38ca-00a7-487d-9de0-4a39bc684043",2024-04-02T17:33:21Z,2024-04-02T17:33:21Z,"9a64f577-0ddb-46e6-86f2-3d30f8940777","Renowned Funktion-One bass design","b93d36b5-7845-4150-917c-73fd00948940"
"dc98e784-fe2c-4649-9951-f44a2acb8b5c",2024-04-02T17:33:21Z,2024-04-02T17:33:21Z,"9a64f577-0ddb-46e6-86f2-3d30f8940777","Funktion-One performance from a compact loudspeaker","6d802606-973f-4ec3-a325-f1d596b436e5"
"e55d797b-4926-4d46-b43e-267f56b6c92a",2024-04-02T17:33:21Z,2024-04-02T17:33:21Z,"9a64f577-0ddb-46e6-86f2-3d30f8940777","Additional mid-bass for Evo 6E","19aea7d2-c13e-44d8-9ec6-7f2fb117d8b1"
"edc3864a-8abc-4b8e-89fc-4d12adff6c6e",2024-04-02T17:33:21Z,2024-04-02T17:33:21Z,"9a64f577-0ddb-46e6-86f2-3d30f8940777","High fidelity and good low frequency","3778639a-4b4f-4e03-aaf7-8e1d40ddc5e4"
"ef6f25ae-9f89-4d11-b721-35c398242366",2024-04-02T17:33:21Z,2024-04-02T17:33:21Z,"9a64f577-0ddb-46e6-86f2-3d30f8940777","Extremely versatile loudspeaker","111c8df6-1532-4d4c-a9e2-465201be1cf0"
"faa6cf54-5225-46eb-9884-e35147d1d8a0",2024-04-02T17:33:21Z,2024-04-02T17:33:21Z,"9a64f577-0ddb-46e6-86f2-3d30f8940777",,"b2e1a64b-d05e-4b7a-adbe-5ba107aa486f"
"fb0bee04-23f0-432e-a659-360f2b742c38",2024-04-02T17:33:21Z,2024-04-02T17:33:21Z,"9a64f577-0ddb-46e6-86f2-3d30f8940777","Plush, elastic bass from a single enclosure","14cb2a97-774f-4037-97a6-5b336d0f2738"
"fe3ccc0d-5614-4566-b1e6-d2b116e9d884",2024-04-02T17:33:21Z,2024-04-02T17:33:21Z,"9a64f577-0ddb-46e6-86f2-3d30f8940777","High output and controlled directivity","4341597a-afc6-4008-81a2-a40a62cef36e"
"ff5a364c-0e4a-4cb5-92d7-f3df5914c893",2024-04-02T17:33:21Z,2024-04-02T17:33:21Z,"9a64f577-0ddb-46e6-86f2-3d30f8940777","Extraordinarily powerful bass enclosure","92c078ce-a3f2-4a0f-8f73-6f66fd7b7d64"
