"Title","ID","Created Date","Updated Date","Owner","performanceFeature","index"
"Dimensionally identical to F218","00f891bb-5df5-4269-9c4e-1a057391e32a",2024-04-02T17:34:36Z,2024-06-07T12:29:12Z,"9a64f577-0ddb-46e6-86f2-3d30f8940777","8e8bdd23-8123-4360-8350-42d152d28b5a",1
"Three-way","011e517d-f36c-413b-b7ac-709aa4ccd86d",2024-04-02T17:34:37Z,2024-06-07T12:29:12Z,"9a64f577-0ddb-46e6-86f2-3d30f8940777","d6d8c1af-2148-4d9d-9e97-d6d4b657174b",1
"Construction 18mm birch plywood","0131820e-0fb4-47d2-8fab-9a8cc3034f66",2024-04-02T17:34:36Z,2024-06-07T12:29:12Z,"9a64f577-0ddb-46e6-86f2-3d30f8940777","294b9644-a271-405f-9978-f596cfbf6c69",1
"Integral handles","02179937-5780-4a63-8f8f-628f3cad5c31",2024-04-02T17:34:36Z,2024-06-07T12:29:12Z,"9a64f577-0ddb-46e6-86f2-3d30f8940777","294b9644-a271-405f-9978-f596cfbf6c69",2
"Natural and effortless vocal clarity","035f2b6d-252b-4943-bc33-23cbc42522f2",2024-04-02T17:34:35Z,2024-06-07T12:29:12Z,"9a64f577-0ddb-46e6-86f2-3d30f8940777","d2830769-c521-43f2-8e1a-0ca73ad65023",1
"Fully horn loaded for high efficiency","04d74b12-70d0-44fa-91aa-ff892a164b40",2024-04-02T17:34:37Z,2024-06-07T12:29:12Z,"9a64f577-0ddb-46e6-86f2-3d30f8940777","bb633ebe-b43e-4349-8559-b24857167d3a",1
"Integral 35mm pole mount","04e7290d-8793-4c2b-b3b8-873844ae69e1",2024-04-02T17:34:36Z,2024-06-07T12:29:12Z,"9a64f577-0ddb-46e6-86f2-3d30f8940777","70816c8e-9ba3-4035-93ea-39f1751f6c82",1
"Fully horn loaded for high efficiency","05ff3301-4cdb-4f4c-94e8-d96e8df17ef4",2024-04-02T17:34:37Z,2024-06-07T12:29:12Z,"9a64f577-0ddb-46e6-86f2-3d30f8940777","4e42a04d-0033-43c2-8c2c-b44c30442a4d",1
"Dual Funktion-One designed 18” drivers with 5” voice-coils","081d041d-ed6a-4140-a29c-2692b340a258",2024-04-02T17:34:36Z,2024-06-07T12:29:12Z,"9a64f577-0ddb-46e6-86f2-3d30f8940777","8e8bdd23-8123-4360-8350-42d152d28b5a",2
"Advanced loudspeaker driver design","08d88873-4b17-44bf-bd75-9bc734a39ec3",2024-04-02T17:34:37Z,2024-06-07T12:29:12Z,"9a64f577-0ddb-46e6-86f2-3d30f8940777","a30c8ab0-f0a7-4860-b952-62f506ebd2c7",1
"Robust powder coated steel grille","08dcaf87-b5fb-4997-bbd9-dab8850d62a8",2024-04-02T17:34:36Z,2024-06-07T12:29:12Z,"9a64f577-0ddb-46e6-86f2-3d30f8940777","294b9644-a271-405f-9978-f596cfbf6c69",3
"Integral handles","0b24fbdc-75ac-4641-a8b0-440ce6dbda08",2024-04-02T17:34:36Z,2024-06-07T12:29:12Z,"9a64f577-0ddb-46e6-86f2-3d30f8940777","425c4ed5-cd28-4792-aa67-30d6e8691bdb",1
"Evo 7EH version available in wooden enclosure","0b583961-b01a-4755-a9e8-167a306e5a48",2024-04-02T17:34:36Z,2024-06-07T12:29:12Z,"9a64f577-0ddb-46e6-86f2-3d30f8940777","30414058-b90e-46ee-9c4b-9674eed6ba37",1
"Powersoft linear motor and integrated 15kW M-Drive amplifier","0b6dcb1e-0e19-4ef1-8d60-7aeeefda6cd2",2024-04-02T17:34:36Z,2024-06-07T12:29:12Z,"9a64f577-0ddb-46e6-86f2-3d30f8940777","ff5a364c-0e4a-4cb5-92d7-f3df5914c893",1
"Advanced loudspeaker design","0bb85b48-080a-4399-8faa-c89923338545",2024-04-02T17:34:37Z,2024-06-07T12:29:12Z,"9a64f577-0ddb-46e6-86f2-3d30f8940777","bb633ebe-b43e-4349-8559-b24857167d3a",2
"Funktion-One designed 12"" drivers","0bfe318c-5692-4aee-bec3-fa6afd66fcb4",2024-04-02T17:34:35Z,2024-06-07T12:29:12Z,"9a64f577-0ddb-46e6-86f2-3d30f8940777","4f502ccf-f30a-4d1b-9685-4918489fb391",1
"M20 threaded pole mount plate supplied as standard","0dc82f56-16db-453f-994d-5b26baf626ce",2024-04-02T17:34:36Z,2024-06-07T12:29:12Z,"9a64f577-0ddb-46e6-86f2-3d30f8940777","291c265f-26ee-43e7-ab8c-8ee043f74ca2",1
"Evo waveguides","0eae5838-bd68-49bd-a156-2e061a556bd3",2024-04-02T17:34:36Z,2024-06-07T12:29:12Z,"9a64f577-0ddb-46e6-86f2-3d30f8940777","9db95679-8e38-4d67-b83f-af26c80e987d",1
"Sturdy construction","0ece86c1-9fd3-4f15-9543-ecd53eb6c46c",2024-04-02T17:34:36Z,2024-06-07T12:29:12Z,"9a64f577-0ddb-46e6-86f2-3d30f8940777","cccafae6-517a-4d76-8c6a-33e268abc718",1
"Compact and lightweight (47kg)","0ee5e37e-19fa-48f1-bfea-c221736cddf7",2024-04-02T17:34:36Z,2024-06-07T12:29:12Z,"9a64f577-0ddb-46e6-86f2-3d30f8940777","5598292f-89e0-4f16-9cd0-20f994e78402",1
"Optional wheels available","0f0b614b-60ab-4ff3-9802-841a8757bec8",2024-04-02T17:34:36Z,2024-06-07T12:29:12Z,"9a64f577-0ddb-46e6-86f2-3d30f8940777","a41bea16-6327-4578-9193-2412669d1345",1
"High sensitivity","0f159cb5-25f5-4089-abfd-e3716796c95e",2024-04-02T17:34:35Z,2024-06-07T12:29:12Z,"9a64f577-0ddb-46e6-86f2-3d30f8940777","26a9ed9d-e93f-4550-a950-ae147f1027df",1
"Integral 35mm pole mount","1035d699-c055-4dfa-8b93-cd26c89e0d61",2024-04-02T17:34:35Z,2024-06-07T12:29:12Z,"9a64f577-0ddb-46e6-86f2-3d30f8940777","edc3864a-8abc-4b8e-89fc-4d12adff6c6e",1
"Extremely well braced enclosure for clean bass performance","11f0c67d-afe7-4f9a-a77f-6e05eb08ce53",2024-04-02T17:34:36Z,2024-06-07T12:29:12Z,"9a64f577-0ddb-46e6-86f2-3d30f8940777","faa6cf54-5225-46eb-9884-e35147d1d8a0",1
"Wide dispersion","121ccf5b-0cf0-4566-8df4-fc0b3b79898c",2024-04-02T17:34:35Z,2024-06-07T12:29:12Z,"9a64f577-0ddb-46e6-86f2-3d30f8940777","edc3864a-8abc-4b8e-89fc-4d12adff6c6e",2
"Captive link lead connection","130d16e1-e987-4f12-89a8-90f87f9224cd",2024-04-02T17:34:37Z,2024-06-07T12:29:12Z,"9a64f577-0ddb-46e6-86f2-3d30f8940777","c11b836b-523a-4907-857b-a82742187f99",1
"Optional throat grilles and wheels nest inside flare of adjacent enclosure","13249147-8399-41ea-a3fb-88e82cec7d53",2024-04-02T17:34:36Z,2024-06-07T12:29:12Z,"9a64f577-0ddb-46e6-86f2-3d30f8940777","dabc38ca-00a7-487d-9de0-4a39bc684043",1
"Dedicated installation flying hardware","138a6322-bf31-40ae-942b-89b638553307",2024-04-02T17:34:36Z,2024-06-07T12:29:12Z,"9a64f577-0ddb-46e6-86f2-3d30f8940777","6d5767b1-2d83-47e8-9c59-bd38cee4eb07",1
"High sensitivity/electroacoustic energy efficiency","13a9dadf-a7c9-43ff-aa81-3f728574e8f6",2024-04-02T17:34:36Z,2024-06-07T12:29:12Z,"9a64f577-0ddb-46e6-86f2-3d30f8940777","c1baec55-9e22-4b38-b580-da2ee62895eb",1
"Integral wheels for easy manoeuvrability on stage","13c49ca5-d055-4345-94aa-62fc5b236f0f",2024-04-02T17:34:37Z,2024-06-07T12:29:12Z,"9a64f577-0ddb-46e6-86f2-3d30f8940777","c11b836b-523a-4907-857b-a82742187f99",2
"Funktion-One designed drivers","1492ebe8-d5a9-4de1-87d8-b683e24c69e2",2024-04-02T17:34:36Z,2024-06-07T12:29:12Z,"9a64f577-0ddb-46e6-86f2-3d30f8940777","fe3ccc0d-5614-4566-b1e6-d2b116e9d884",1
"Excellent electroacoustic energy efficiency","14edd977-969b-4ef1-aa41-90597a8c3050",2024-04-02T17:34:36Z,2024-06-07T12:29:12Z,"9a64f577-0ddb-46e6-86f2-3d30f8940777","029c332f-ac11-48f4-b4f7-8f10789b4533",1
"Up to 8 units can be connected in parallel","155a0ffa-2492-4bfe-a036-15ad7ee79290",2024-04-02T17:34:35Z,2024-06-07T12:29:12Z,"9a64f577-0ddb-46e6-86f2-3d30f8940777","26a9ed9d-e93f-4550-a950-ae147f1027df",2
"Construction 18mm Birch Ply","15be25ec-23cc-40dd-b46a-5c166ab3ffac",2024-04-02T17:34:36Z,2024-06-07T12:29:12Z,"9a64f577-0ddb-46e6-86f2-3d30f8940777","ff5a364c-0e4a-4cb5-92d7-f3df5914c893",2
"Neodymium magnets","16049cbb-eeaa-4138-9c2a-e263207261f6",2024-04-02T17:34:36Z,2024-06-07T12:29:12Z,"9a64f577-0ddb-46e6-86f2-3d30f8940777","cccafae6-517a-4d76-8c6a-33e268abc718",2
"Lambda rigging ensures accurate array alignment","16ea3629-03ad-4d21-b2ef-d25b3721fd28",2024-04-02T17:34:35Z,2024-06-07T12:29:12Z,"9a64f577-0ddb-46e6-86f2-3d30f8940777","d2830769-c521-43f2-8e1a-0ca73ad65023",2
"Fully horn loaded for high efficiency","173f9921-49e4-4359-b4c6-4fc5a134c8f8",2024-04-02T17:34:36Z,2024-06-07T12:29:12Z,"9a64f577-0ddb-46e6-86f2-3d30f8940777","53864004-4a41-49fa-bc1f-ef71d7e3fd63",1
"Triple concentric point source driver combination","1b4aa6cd-fb5b-42d2-9c13-105f75c43205",2024-04-02T17:34:36Z,2024-06-07T12:29:12Z,"9a64f577-0ddb-46e6-86f2-3d30f8940777","70816c8e-9ba3-4035-93ea-39f1751f6c82",2
"Two-way","1c9025c9-af4c-4e9a-90b5-97dd05d9474d",2024-04-02T17:34:37Z,2024-06-07T12:29:12Z,"9a64f577-0ddb-46e6-86f2-3d30f8940777","d5828231-7903-49dc-a66b-336be43c982a",1
"High efficiency/low energy consumption design","1d5681ea-946e-491c-aa07-b53316d89533",2024-04-02T17:34:36Z,2024-06-07T12:29:12Z,"9a64f577-0ddb-46e6-86f2-3d30f8940777","5598292f-89e0-4f16-9cd0-20f994e78402",2
"Includes stainless steel mounting yoke","1e285368-72ff-4b52-a8d0-f8945ba9f405",2024-04-02T17:34:35Z,2024-06-07T12:29:12Z,"9a64f577-0ddb-46e6-86f2-3d30f8940777","ef6f25ae-9f89-4d11-b721-35c398242366",1
"Wide 90° horizontal dispersion","1f682108-8ef3-4d3e-ba1f-f19fedba1219",2024-04-02T17:34:36Z,2024-06-07T12:29:12Z,"9a64f577-0ddb-46e6-86f2-3d30f8940777","5598292f-89e0-4f16-9cd0-20f994e78402",3
"Minimalist passive crossover design for maximum resolution","1f9485a6-0319-4f36-85c8-f3781a96793a",2024-04-02T17:34:36Z,2024-06-07T12:29:12Z,"9a64f577-0ddb-46e6-86f2-3d30f8940777","1fa40b7b-0c07-49cd-82b4-a50f1aaed8cb",1
"Various mounting/rigging options (yoke, wall bracket)","1fd6359e-7c95-49c4-a73d-603ce341a875",2024-04-02T17:34:36Z,2024-06-07T12:29:12Z,"9a64f577-0ddb-46e6-86f2-3d30f8940777","1fa40b7b-0c07-49cd-82b4-a50f1aaed8cb",2
"Low weight Neodymium magnets throughout","20aad67c-97e0-4f87-9ad5-a03e12c23ebb",2024-04-02T17:34:36Z,2024-06-07T12:29:12Z,"9a64f577-0ddb-46e6-86f2-3d30f8940777","30414058-b90e-46ee-9c4b-9674eed6ba37",2
"Up to 8 units can be connected in parallel","2143c455-86e1-4723-8ef3-67e2cc795509",2024-04-02T17:34:36Z,2024-06-07T12:29:12Z,"9a64f577-0ddb-46e6-86f2-3d30f8940777","c9250358-5951-404d-8b0d-7733561914c4",1
"Compact and manageable enclosures","21ac1012-b4a2-4390-9a09-1c86936f5f65",2024-04-02T17:34:36Z,2024-06-07T12:29:12Z,"9a64f577-0ddb-46e6-86f2-3d30f8940777","faa6cf54-5225-46eb-9884-e35147d1d8a0",2
"New Funktion-One designed dual voice coil 24” driver","21cfa079-d30b-424b-a16b-24598a8de85a",2024-04-02T17:34:36Z,2024-06-07T12:29:12Z,"9a64f577-0ddb-46e6-86f2-3d30f8940777","d8bb19ea-3ae8-490e-9206-b844538573b3",1
"Includes stainless steel mounting yoke","223ce9f3-5dc7-460e-86e6-4a930c65c997",2024-04-02T17:34:36Z,2024-06-07T12:29:12Z,"9a64f577-0ddb-46e6-86f2-3d30f8940777","fe3ccc0d-5614-4566-b1e6-d2b116e9d884",2
"Identical footprint and hardware to Evo 6E","22c70e82-4315-43c9-ba2f-6f753769a2ea",2024-04-02T17:34:35Z,2024-06-07T12:29:12Z,"9a64f577-0ddb-46e6-86f2-3d30f8940777","e55d797b-4926-4d46-b43e-267f56b6c92a",1
"Excellent electroacoustic energy efficiency","22c9ca2c-8dcf-44f0-b06a-2584c6a4e55f",2024-04-02T17:34:37Z,2024-06-07T12:29:12Z,"9a64f577-0ddb-46e6-86f2-3d30f8940777","84f0f494-0ce0-4e1c-842d-dff7c907d1f9",1
"Integrated flying and ground-stack system","23412e2b-4c82-46ed-aed4-55b60b6eb9fa",2024-04-02T17:34:37Z,2024-06-07T12:29:12Z,"9a64f577-0ddb-46e6-86f2-3d30f8940777","bb633ebe-b43e-4349-8559-b24857167d3a",3
"Low weight Neodymium Magnets throughout","24e06091-e168-4a30-918f-36182c75f8a1",2024-04-02T17:34:37Z,2024-06-07T12:29:12Z,"9a64f577-0ddb-46e6-86f2-3d30f8940777","4e42a04d-0033-43c2-8c2c-b44c30442a4d",2
"FEA-optimised Neodymium magnet","255d7d24-548c-4268-aea5-ebe277779869",2024-04-02T17:34:36Z,2024-06-07T12:29:12Z,"9a64f577-0ddb-46e6-86f2-3d30f8940777","d8bb19ea-3ae8-490e-9206-b844538573b3",2
"Optional full grill for discreet appearance","2638275a-d871-4345-a5d3-d76afbb409fc",2024-04-02T17:34:37Z,2024-06-07T12:29:12Z,"9a64f577-0ddb-46e6-86f2-3d30f8940777","05fd1a86-406a-4230-9fdc-6693e2b17fc7",1
"Curved powder-coated mild steel grille","26a8e064-ab95-44da-af14-e36c137b199e",2024-04-02T17:34:36Z,2024-06-07T12:29:12Z,"9a64f577-0ddb-46e6-86f2-3d30f8940777","aeecfece-9dc7-4ce4-88f3-3cc45ccab8aa",1
"Fully horn loaded for high efficiency","26ca5490-004c-4371-ba7a-9ee5b8127499",2024-04-02T17:34:37Z,2024-06-07T12:29:12Z,"9a64f577-0ddb-46e6-86f2-3d30f8940777","d5828231-7903-49dc-a66b-336be43c982a",2
"Robust powder coated steel grille","27e9314a-5baf-4b59-9e2e-ca09875a56e1",2024-04-02T17:34:35Z,2024-06-07T12:29:12Z,"9a64f577-0ddb-46e6-86f2-3d30f8940777","fb0bee04-23f0-432e-a659-360f2b742c38",1
"Low weight Neodymium magnets throughout","27f1feea-f345-4925-8770-10d873c038ce",2024-04-02T17:34:37Z,2024-06-07T12:29:12Z,"9a64f577-0ddb-46e6-86f2-3d30f8940777","bb633ebe-b43e-4349-8559-b24857167d3a",4
"Optional wheelboard and sturdy grille for discreet appearance","2906460f-b977-49a2-8208-2aa3e857e98a",2024-04-02T17:34:37Z,2024-06-07T12:29:12Z,"9a64f577-0ddb-46e6-86f2-3d30f8940777","bb633ebe-b43e-4349-8559-b24857167d3a",5
"Robust powder coated steel grille","297d0313-7116-4774-9507-3359df25a74f",2024-04-02T17:34:36Z,2024-06-07T12:29:12Z,"9a64f577-0ddb-46e6-86f2-3d30f8940777","425c4ed5-cd28-4792-aa67-30d6e8691bdb",2
"Two-way (passive version available)","2a3a2d7c-aff4-4b82-a6a2-f899a38ed5b5",2024-04-02T17:34:35Z,2024-06-07T12:29:12Z,"9a64f577-0ddb-46e6-86f2-3d30f8940777","fe3ccc0d-5614-4566-b1e6-d2b116e9d884",3
"100V line and fire retardant versions available","2a930412-beca-4d8a-834b-8bb0e411073f",2024-04-02T17:34:36Z,2024-06-07T12:29:12Z,"9a64f577-0ddb-46e6-86f2-3d30f8940777","0859b14b-d14f-4ac6-9e20-73ea4c0028c7",1
"Low centre of mass for easy handling","2b8331d9-348d-4567-b63c-46ccdeb295bf",2024-04-02T17:34:36Z,2024-06-07T12:29:12Z,"9a64f577-0ddb-46e6-86f2-3d30f8940777","d8bb19ea-3ae8-490e-9206-b844538573b3",3
"Dual NL4 and Phoenix connector combination as standard","2c50f5a1-7b38-4947-9064-68cefe018f33",2024-04-02T17:34:36Z,2024-06-07T12:29:12Z,"9a64f577-0ddb-46e6-86f2-3d30f8940777","c9250358-5951-404d-8b0d-7733561914c4",2
"Constructed 15mm Birch Ply","3273b7b0-9293-40cc-a842-a2ce04d11d49",2024-04-02T17:34:35Z,2024-06-07T12:29:12Z,"9a64f577-0ddb-46e6-86f2-3d30f8940777","4f502ccf-f30a-4d1b-9685-4918489fb391",2
"Suitable for a wide range of applications","32bc4978-a7b2-4909-b730-24394078835a",2024-04-02T17:34:35Z,2024-06-07T12:29:12Z,"9a64f577-0ddb-46e6-86f2-3d30f8940777","4ef0ab5b-cc65-401f-862b-93fbce42fa9e",1
"Optional Passive Crossover Module (PX1.5)","32f8fd8e-c5a6-416b-8030-4b0f13e17af7",2024-04-02T17:34:35Z,2024-06-07T12:29:12Z,"9a64f577-0ddb-46e6-86f2-3d30f8940777","edc3864a-8abc-4b8e-89fc-4d12adff6c6e",3
"Unique patented design","33d0613a-ef88-47e7-8690-481ccd9a74b7",2024-04-02T17:34:36Z,2024-06-07T12:29:12Z,"9a64f577-0ddb-46e6-86f2-3d30f8940777","6db53c8a-4923-443f-8590-0b51538cf70f",1
"Optional wheelboard and scrim","344e3548-fab2-4ef9-a5fe-3272e458e5b1",2024-04-02T17:34:36Z,2024-06-07T12:29:12Z,"9a64f577-0ddb-46e6-86f2-3d30f8940777","6d5767b1-2d83-47e8-9c59-bd38cee4eb07",2
"Very clean output, even at maximum power","3467f6c4-4c4f-499b-9ccc-184811a4f31f",2024-04-02T17:34:35Z,2024-06-07T12:29:12Z,"9a64f577-0ddb-46e6-86f2-3d30f8940777","d2830769-c521-43f2-8e1a-0ca73ad65023",3
"Naturally even frequency response","34e86938-5c0d-49b9-b050-ac6d57fd4c5a",2024-04-02T17:34:37Z,2024-06-07T12:29:12Z,"9a64f577-0ddb-46e6-86f2-3d30f8940777","c342224e-a73f-4b22-a949-6eba1bf9f11f",1
"Funktion-One designed Neodymium drivers","3564b1f6-d888-4a93-a7bf-b7bd94e52b50",2024-04-02T17:34:37Z,2024-06-07T12:29:12Z,"9a64f577-0ddb-46e6-86f2-3d30f8940777","05fd1a86-406a-4230-9fdc-6693e2b17fc7",2
"Evo6EH and Evo6SH mid-high versions also available","359c1954-b9c4-43a7-b3d3-3541a986284b",2024-04-02T17:34:37Z,2024-06-07T12:29:12Z,"9a64f577-0ddb-46e6-86f2-3d30f8940777","4e42a04d-0033-43c2-8c2c-b44c30442a4d",3
"Funktion-One designed driver with Neodymium magnet","36f7692e-7b59-4cd6-a369-08769e375cc3",2024-04-02T17:34:36Z,2024-06-07T12:29:12Z,"9a64f577-0ddb-46e6-86f2-3d30f8940777","add270f2-45ce-4e5e-96cd-26e690f6e009",1
"Funktion-One designed drivers","378a8d63-483d-4265-a563-b4cd6f8840d7",2024-04-02T17:34:36Z,2024-06-07T12:29:12Z,"9a64f577-0ddb-46e6-86f2-3d30f8940777","dabc38ca-00a7-487d-9de0-4a39bc684043",2
"Horn loaded for high efficiency","37e7782d-fc05-4638-b2c1-eeb678ae3716",2024-04-02T17:34:35Z,2024-06-07T12:29:12Z,"9a64f577-0ddb-46e6-86f2-3d30f8940777","c5531690-1ac9-4264-847a-0c0ab243b9ba",1
"Proven loading design with latest tuning","38bf174e-a2b2-4504-8cb5-229edaf10802",2024-04-02T17:34:35Z,2024-06-07T12:29:12Z,"9a64f577-0ddb-46e6-86f2-3d30f8940777","7dad19c3-7e47-4aa2-a59f-d6ec07dc3637",1
"Advanced Funktion-One tuning","399aab57-76dc-4812-b96f-c9b86ce1558d",2024-04-02T17:34:37Z,2024-06-07T12:29:12Z,"9a64f577-0ddb-46e6-86f2-3d30f8940777","2429a46a-50e8-4653-ab14-784a2fc900d2",1
"Extensively braced birch plywood cabinet","3af9a0af-a243-4106-9041-b8d2a725c659",2024-04-02T17:34:36Z,2024-06-07T12:29:12Z,"9a64f577-0ddb-46e6-86f2-3d30f8940777","ff5a364c-0e4a-4cb5-92d7-f3df5914c893",3
"Integrated flying system for quick and easy deployment","3b287559-b22b-450c-a243-21e571dc81f5",2024-04-02T17:34:37Z,2024-06-07T12:29:12Z,"9a64f577-0ddb-46e6-86f2-3d30f8940777","84f0f494-0ce0-4e1c-842d-dff7c907d1f9",2
"Meticulously crafted proprietary waveguides and driver technology","3b28b4b1-dfb6-4f66-b648-190b557872d3",2024-04-02T17:34:36Z,2024-06-07T12:29:12Z,"9a64f577-0ddb-46e6-86f2-3d30f8940777","029c332f-ac11-48f4-b4f7-8f10789b4533",2
"Choice of grille types","3cda369a-59dc-42c5-96f2-29e31cca1d20",2024-04-02T17:34:37Z,2024-06-07T12:29:12Z,"9a64f577-0ddb-46e6-86f2-3d30f8940777","5a7dda88-3e1e-42ae-9b1c-2e728f050374",1
"Construction 15mm Birch Ply","3cfabfc9-53b0-4174-b6dc-594fae9aed1f",2024-04-02T17:34:35Z,2024-06-07T12:29:12Z,"9a64f577-0ddb-46e6-86f2-3d30f8940777","d25b3174-63dc-4ee0-914b-499fb4722628",1
"Location feet and recesses for stacking","3cfe7912-4d80-4248-8297-2f16468f6ae6",2024-04-02T17:34:36Z,2024-06-07T12:29:12Z,"9a64f577-0ddb-46e6-86f2-3d30f8940777","d8bb19ea-3ae8-490e-9206-b844538573b3",4
"Constructed 15mm Birch Ply","3d197660-94b6-45eb-9bed-021436da2383",2024-04-02T17:34:37Z,2024-06-07T12:29:12Z,"9a64f577-0ddb-46e6-86f2-3d30f8940777","57eb776d-f43d-4d40-8e4c-2bbd2d20ec1b",1
"High sensitivity","3d3dbb33-b0d1-460f-b8ef-5e53120f201a",2024-04-02T17:34:36Z,2024-06-07T12:29:12Z,"9a64f577-0ddb-46e6-86f2-3d30f8940777","c9250358-5951-404d-8b0d-7733561914c4",3
"Optional 70/100V line transformer","407e12df-53d9-4bfa-9303-61a37944c24f",2024-04-02T17:34:36Z,2024-06-07T12:29:12Z,"9a64f577-0ddb-46e6-86f2-3d30f8940777","c9250358-5951-404d-8b0d-7733561914c4",4
"Fully horn loaded for high efficiency","4317f103-ebcc-4e44-9362-a6c313878e1e",2024-04-02T17:34:36Z,2024-06-07T12:29:12Z,"9a64f577-0ddb-46e6-86f2-3d30f8940777","6d5767b1-2d83-47e8-9c59-bd38cee4eb07",3
"Optional stainless steel mounting yoke and fixings","4362a2d8-98c2-4e40-9068-07af5c14851b",2024-04-02T17:34:37Z,2024-06-07T12:29:12Z,"9a64f577-0ddb-46e6-86f2-3d30f8940777","5ddd4291-a46a-4e46-92dc-282995149447",1
"Construction 18mm Birch Ply","44422423-be2a-4221-89b6-0f2b01308576",2024-04-02T17:34:35Z,2024-06-07T12:29:12Z,"9a64f577-0ddb-46e6-86f2-3d30f8940777","9d8c36ef-5269-422f-a28b-eb5b1b817e19",1
"No EQ or controller required, only crossover filters","457eef7a-3d57-47fc-8bf1-baa04ebb26a7",2024-04-02T17:34:37Z,2024-06-07T12:29:12Z,"9a64f577-0ddb-46e6-86f2-3d30f8940777","634cc833-e3b8-4efa-86e7-6479244bedfa",1
"Extremely well braced enclosure for clean bass performance","46495136-34d8-4383-b614-611df26b2002",2024-04-02T17:34:35Z,2024-06-07T12:29:12Z,"9a64f577-0ddb-46e6-86f2-3d30f8940777","6f9bc5e8-57c3-4b83-9396-0af5329cb9f0",1
"Dual NL4 and Phoenix connector combination as standard","465ef438-4634-4369-8c17-79aa0c6c189a",2024-04-02T17:34:36Z,2024-06-07T12:29:12Z,"9a64f577-0ddb-46e6-86f2-3d30f8940777","c1baec55-9e22-4b38-b580-da2ee62895eb",2
"Single loudspeaker solution","46e71b2a-f370-4f51-aff3-b64220ad95bc",2024-04-02T17:34:36Z,2024-06-07T12:29:12Z,"9a64f577-0ddb-46e6-86f2-3d30f8940777","5598292f-89e0-4f16-9cd0-20f994e78402",4
"Integral handles","482329b8-e1b2-4cef-998b-a0aa4b183a34",2024-04-02T17:34:36Z,2024-06-07T12:29:12Z,"9a64f577-0ddb-46e6-86f2-3d30f8940777","8e8bdd23-8123-4360-8350-42d152d28b5a",3
"Extremely well braced enclosure for clean bass performance","4828d3b8-7b2e-48d3-b01a-8cbce8927291",2024-04-02T17:34:36Z,2024-06-07T12:29:12Z,"9a64f577-0ddb-46e6-86f2-3d30f8940777","291c265f-26ee-43e7-ab8c-8ee043f74ca2",2
"Robust powder coated steel grille","48309d86-8230-48ea-b9a5-ba4681923b3b",2024-04-02T17:34:36Z,2024-06-07T12:29:12Z,"9a64f577-0ddb-46e6-86f2-3d30f8940777","faa6cf54-5225-46eb-9884-e35147d1d8a0",3
"Fitted with M10 flypoints","483cf728-ec97-443f-b8ff-eae36b50e022",2024-04-02T17:34:37Z,2024-06-07T12:29:12Z,"9a64f577-0ddb-46e6-86f2-3d30f8940777","d0278070-0a4b-45e1-834e-ff9b1aa60442",1
"Integral handles","4856b03c-7d54-475a-9543-0825d3c78ee5",2024-04-02T17:34:35Z,2024-06-07T12:29:12Z,"9a64f577-0ddb-46e6-86f2-3d30f8940777","7dad19c3-7e47-4aa2-a59f-d6ec07dc3637",2
"Meticulously crafted proprietary waveguides and driver technology","48fa60f1-716b-4a10-8402-7a0880cfefd7",2024-04-02T17:34:37Z,2024-06-07T12:29:13Z,"9a64f577-0ddb-46e6-86f2-3d30f8940777","c342224e-a73f-4b22-a949-6eba1bf9f11f",2
"Robust powder coated steel grille","48ff6169-678f-4131-a4e9-42c5dd405f86",2024-04-02T17:34:35Z,2024-06-07T12:29:13Z,"9a64f577-0ddb-46e6-86f2-3d30f8940777","6f9bc5e8-57c3-4b83-9396-0af5329cb9f0",2
"Very low distortion","4a53c23e-4e73-47bb-a042-7f792f00a602",2024-04-02T17:34:36Z,2024-06-07T12:29:13Z,"9a64f577-0ddb-46e6-86f2-3d30f8940777","ab0662af-e3f6-4021-a68b-ef64eed1879c",1
"Fully horn loaded for high efficiency","4a830209-b00c-4ee9-8a72-b8b2d9f7b32f",2024-04-02T17:34:37Z,2024-06-07T12:29:13Z,"9a64f577-0ddb-46e6-86f2-3d30f8940777","a30c8ab0-f0a7-4860-b952-62f506ebd2c7",2
"Excellent electroacoustic energy efficiency","4d220cdb-9b7e-4f2a-b88f-c5937de8c8cf",2024-04-02T17:34:37Z,2024-06-07T12:29:13Z,"9a64f577-0ddb-46e6-86f2-3d30f8940777","c342224e-a73f-4b22-a949-6eba1bf9f11f",3
"Construction 18mm birch ply","4e0d9f6f-c0a2-4d41-aac4-2181ebc6f765",2024-04-02T17:34:36Z,2024-06-07T12:29:13Z,"9a64f577-0ddb-46e6-86f2-3d30f8940777","add270f2-45ce-4e5e-96cd-26e690f6e009",2
"Integral handles","51ce2c83-b9b6-42cc-a197-a02aff0e43de",2024-04-02T17:34:36Z,2024-06-07T12:29:13Z,"9a64f577-0ddb-46e6-86f2-3d30f8940777","add270f2-45ce-4e5e-96cd-26e690f6e009",3
"Construction 18mm birch ply","533d6751-f142-4113-a8b7-39989cdc69e5",2024-04-02T17:34:36Z,2024-06-07T12:29:13Z,"9a64f577-0ddb-46e6-86f2-3d30f8940777","8e8bdd23-8123-4360-8350-42d152d28b5a",4
"Integral flying points","53544ade-9e0d-4aa0-9f36-0aa4e72267af",2024-04-02T17:34:35Z,2024-06-07T12:29:13Z,"9a64f577-0ddb-46e6-86f2-3d30f8940777","4f502ccf-f30a-4d1b-9685-4918489fb391",3
"Construction 18mm Birch Ply","537260d7-d312-43ba-9185-0bae3ed1051a",2024-04-02T17:34:35Z,2024-06-07T12:29:13Z,"9a64f577-0ddb-46e6-86f2-3d30f8940777","7dad19c3-7e47-4aa2-a59f-d6ec07dc3637",3
"Pairs with DS210 or Evo SH","53eaffbb-493f-4d0b-be1d-95f62097fc0c",2024-04-02T17:34:35Z,2024-06-07T12:29:13Z,"9a64f577-0ddb-46e6-86f2-3d30f8940777","c5531690-1ac9-4264-847a-0c0ab243b9ba",2
"Compact and light weight","547fec94-cbae-4ad2-8302-61d40af707d9",2024-04-02T17:34:36Z,2024-06-07T12:29:13Z,"9a64f577-0ddb-46e6-86f2-3d30f8940777","0859b14b-d14f-4ac6-9e20-73ea4c0028c7",2
"Construction 18mm Birch Ply","56162e39-7373-433c-9df0-fce2e7a97a8d",2024-04-02T17:34:37Z,2024-06-07T12:29:13Z,"9a64f577-0ddb-46e6-86f2-3d30f8940777","2429a46a-50e8-4653-ab14-784a2fc900d2",2
"Funktion-One designed drivers","564b6070-3f56-4b5a-bfa1-7871278cf402",2024-04-02T17:34:37Z,2024-06-07T12:29:13Z,"9a64f577-0ddb-46e6-86f2-3d30f8940777","d0278070-0a4b-45e1-834e-ff9b1aa60442",2
"Funktion-One designed drivers","56d43dd0-43ff-4765-b77b-6a7e8b49969c",2024-04-02T17:34:36Z,2024-06-07T12:29:13Z,"9a64f577-0ddb-46e6-86f2-3d30f8940777","30414058-b90e-46ee-9c4b-9674eed6ba37",3
"Extremely well braced enclosure for clean bass performance","57453198-c142-401d-abd3-5d04bf9e4af1",2024-04-02T17:34:35Z,2024-06-07T12:29:13Z,"9a64f577-0ddb-46e6-86f2-3d30f8940777","fb0bee04-23f0-432e-a659-360f2b742c38",2
"Complete range of flying and mounting options","575255fb-399c-4b77-a5c0-b841273a642a",2024-04-02T17:34:37Z,2024-06-07T12:29:13Z,"9a64f577-0ddb-46e6-86f2-3d30f8940777","05fd1a86-406a-4230-9fdc-6693e2b17fc7",3
"Integral handles","57fd3387-329b-434e-8ff5-3347c41f7817",2024-04-02T17:34:35Z,2024-06-07T12:29:13Z,"9a64f577-0ddb-46e6-86f2-3d30f8940777","4f502ccf-f30a-4d1b-9685-4918489fb391",4
"Extremely high SPL","5864697c-47e1-4255-b85f-1a31d9d43e75",2024-04-02T17:34:36Z,2024-06-07T12:29:13Z,"9a64f577-0ddb-46e6-86f2-3d30f8940777","029c332f-ac11-48f4-b4f7-8f10789b4533",3
"Funktion-One designed drivers with Neodymium Magnets","5904884d-78ac-4fa1-99c7-3a99f5f060fd",2024-04-02T17:34:35Z,2024-06-07T12:29:13Z,"9a64f577-0ddb-46e6-86f2-3d30f8940777","4ef0ab5b-cc65-401f-862b-93fbce42fa9e",2
"Two part monitor for unrivalled performance","59ba6c8b-3405-4c12-bfa3-d51840c11614",2024-04-02T17:34:37Z,2024-06-07T12:29:13Z,"9a64f577-0ddb-46e6-86f2-3d30f8940777","c11b836b-523a-4907-857b-a82742187f99",3
"Optional wheels nest inside flare of adjacent enclosure","5ae23bd8-faf8-417f-8c0e-6240c36deb60",2024-04-02T17:34:37Z,2024-06-07T12:29:13Z,"9a64f577-0ddb-46e6-86f2-3d30f8940777","2429a46a-50e8-4653-ab14-784a2fc900d2",3
"Optional full grill for discreet appearance","5b15187d-e12d-4e78-a1d4-b3b577aa0371",2024-04-02T17:34:35Z,2024-06-07T12:29:13Z,"9a64f577-0ddb-46e6-86f2-3d30f8940777","edc3864a-8abc-4b8e-89fc-4d12adff6c6e",4
"Extremely high SPL","5d1baa15-0557-4c84-a920-1a2d9df1b873",2024-04-02T17:34:37Z,2024-06-07T12:29:13Z,"9a64f577-0ddb-46e6-86f2-3d30f8940777","c342224e-a73f-4b22-a949-6eba1bf9f11f",4
"Patented loading technology","5d5407c1-82b4-482d-a384-2f016147117a",2024-04-02T17:34:35Z,2024-06-07T12:29:13Z,"9a64f577-0ddb-46e6-86f2-3d30f8940777","4f502ccf-f30a-4d1b-9685-4918489fb391",5
"Construction 15mm birch ply","5e03b0ff-5160-42b3-ad13-a02ddde6965e",2024-04-02T17:34:37Z,2024-06-07T12:29:13Z,"9a64f577-0ddb-46e6-86f2-3d30f8940777","a30c8ab0-f0a7-4860-b952-62f506ebd2c7",3
"Minimalist passive crossover design for maximum resolution","5e43a56e-9606-4729-b1f1-6a31dbb3614a",2024-04-02T17:34:36Z,2024-06-07T12:29:13Z,"9a64f577-0ddb-46e6-86f2-3d30f8940777","c1baec55-9e22-4b38-b580-da2ee62895eb",3
"Construction 18mm Birch Ply","5e58e06d-e09b-4a98-8ba3-be691f803848",2024-04-02T17:34:36Z,2024-06-07T12:29:13Z,"9a64f577-0ddb-46e6-86f2-3d30f8940777","dabc38ca-00a7-487d-9de0-4a39bc684043",3
"Integrated flying system for quick and easy deployment","5f0cc649-c540-46d9-9215-bd338cd8fff8",2024-04-02T17:34:36Z,2024-06-07T12:29:13Z,"9a64f577-0ddb-46e6-86f2-3d30f8940777","029c332f-ac11-48f4-b4f7-8f10789b4533",4
"Ground stack securing system available","5f757647-2d48-4238-9e84-63e5c5f4ecb7",2024-04-02T17:34:36Z,2024-06-07T12:29:13Z,"9a64f577-0ddb-46e6-86f2-3d30f8940777","6d5767b1-2d83-47e8-9c59-bd38cee4eb07",4
"Wide bandwidth 5” driver","60b23b2f-4d93-4b68-9bda-29df234fcda3",2024-04-02T17:34:36Z,2024-06-07T12:29:13Z,"9a64f577-0ddb-46e6-86f2-3d30f8940777","c9250358-5951-404d-8b0d-7733561914c4",5
"Switchable passive network","632db3e9-5982-40c9-be36-b86b1aaf66ff",2024-04-02T17:34:36Z,2024-06-07T12:29:13Z,"9a64f577-0ddb-46e6-86f2-3d30f8940777","cccafae6-517a-4d76-8c6a-33e268abc718",3
"Extensively braced birch plywood cabinet","635099a8-b8e0-4ee1-818a-ca359c28f7d0",2024-04-02T17:34:35Z,2024-06-07T12:29:13Z,"9a64f577-0ddb-46e6-86f2-3d30f8940777","9d8c36ef-5269-422f-a28b-eb5b1b817e19",2
"Dual NL4 and Phoenix connector combination as standard","64b6a783-d6e0-402e-b9ef-88f3c4e0a7a2",2024-04-02T17:34:35Z,2024-06-07T12:29:13Z,"9a64f577-0ddb-46e6-86f2-3d30f8940777","26a9ed9d-e93f-4550-a950-ae147f1027df",3
"Optional scrim for discreet appearance","653cf7fa-74d1-4d7e-826d-17e4e3df62e7",2024-04-02T17:34:35Z,2024-06-07T12:29:13Z,"9a64f577-0ddb-46e6-86f2-3d30f8940777","0d1b6bf7-3c28-49a1-9c8e-183bce32e151",1
"Outstanding output to weight ratio","6585b710-e307-4f5b-baec-cd5e158c09d3",2024-04-02T17:34:36Z,2024-06-07T12:29:13Z,"9a64f577-0ddb-46e6-86f2-3d30f8940777","30414058-b90e-46ee-9c4b-9674eed6ba37",4
"Advanced loudspeaker driver design","678aa950-caa4-48ff-95a8-5960ed4645b3",2024-04-02T17:34:36Z,2024-06-07T12:29:13Z,"9a64f577-0ddb-46e6-86f2-3d30f8940777","08c94283-b1b5-4b6f-8a4b-cb415e224823",1
"Excellent Sensitivity","680b0fa3-bcad-4522-bfed-e98870e9cf19",2024-04-02T17:34:36Z,2024-06-07T12:29:13Z,"9a64f577-0ddb-46e6-86f2-3d30f8940777","aeecfece-9dc7-4ce4-88f3-3cc45ccab8aa",2
"M8 rigging points","6896a52c-6af0-4c23-acf0-e5b001044c67",2024-04-02T17:34:36Z,2024-06-07T12:29:13Z,"9a64f577-0ddb-46e6-86f2-3d30f8940777","c1baec55-9e22-4b38-b580-da2ee62895eb",4
"Optional robust wheels","68ac3274-0c0f-434d-afe4-1337553ff89f",2024-04-02T17:34:35Z,2024-06-07T12:29:13Z,"9a64f577-0ddb-46e6-86f2-3d30f8940777","9d8c36ef-5269-422f-a28b-eb5b1b817e19",3
"Funktion-One designed drivers with Neodymium magnets","693ee010-5268-42cb-a804-a62397df40e7",2024-04-02T17:34:37Z,2024-06-07T12:29:13Z,"9a64f577-0ddb-46e6-86f2-3d30f8940777","2429a46a-50e8-4653-ab14-784a2fc900d2",4
"Construction 18mm birch plywood","6a4a81b4-9ce7-4b76-8dba-b9512737dadd",2024-04-02T17:34:36Z,2024-06-07T12:29:13Z,"9a64f577-0ddb-46e6-86f2-3d30f8940777","425c4ed5-cd28-4792-aa67-30d6e8691bdb",3
"Funktion-One designed drivers","6b23c75a-9484-4132-b52f-e206fbb599a9",2024-04-02T17:34:37Z,2024-06-07T12:29:13Z,"9a64f577-0ddb-46e6-86f2-3d30f8940777","4e42a04d-0033-43c2-8c2c-b44c30442a4d",4
"Dual NL4 and Phoenix connector combination as standard","6bb8819c-cf84-4bd3-9b43-464983462dcf",2024-04-02T17:34:36Z,2024-06-07T12:29:13Z,"9a64f577-0ddb-46e6-86f2-3d30f8940777","1fa40b7b-0c07-49cd-82b4-a50f1aaed8cb",3
"Dedicated transport dolly (wheelboard)","6c8b19a0-f86a-4573-a480-091eef7e76b3",2024-04-02T17:34:35Z,2024-06-07T12:29:13Z,"9a64f577-0ddb-46e6-86f2-3d30f8940777","5598292f-89e0-4f16-9cd0-20f994e78402",5
"Two-way (passive version available)","6cddadbe-e6dd-4783-95f6-7c9b1ce35ad0",2024-04-02T17:34:36Z,2024-06-07T12:29:13Z,"9a64f577-0ddb-46e6-86f2-3d30f8940777","30414058-b90e-46ee-9c4b-9674eed6ba37",5
"Construction 18mm birch plywood","6d08643b-a177-452b-88da-b688041c81fd",2024-04-02T17:34:35Z,2024-06-07T12:29:13Z,"9a64f577-0ddb-46e6-86f2-3d30f8940777","6f9bc5e8-57c3-4b83-9396-0af5329cb9f0",3
"M6 mounting and attachment points","6dc57a51-a56c-494e-89e2-1ccdb2b18653",2024-04-02T17:34:36Z,2024-06-07T12:29:13Z,"9a64f577-0ddb-46e6-86f2-3d30f8940777","aeecfece-9dc7-4ce4-88f3-3cc45ccab8aa",3
"Optional wheelboard, sturdy grille for discreet appearance","6df0b183-e23b-4649-b7e4-87e3d800a9af",2024-04-02T17:34:37Z,2024-06-07T12:29:13Z,"9a64f577-0ddb-46e6-86f2-3d30f8940777","4e42a04d-0033-43c2-8c2c-b44c30442a4d",5
"Funktion-One designed 8” loudspeaker","70fd1f17-c496-4951-8bc9-b0d645024100",2024-04-02T17:34:36Z,2024-06-07T12:29:13Z,"9a64f577-0ddb-46e6-86f2-3d30f8940777","0859b14b-d14f-4ac6-9e20-73ea4c0028c7",3
"M20 threaded pole mount plate and wheels optional","71af71a5-2931-4abe-a31f-3bfe374c481f",2024-04-02T17:34:35Z,2024-06-07T12:29:13Z,"9a64f577-0ddb-46e6-86f2-3d30f8940777","6f9bc5e8-57c3-4b83-9396-0af5329cb9f0",4
"Lightweight and high durability","72ab82f6-1b77-41a3-8d48-bb553d79984c",2024-04-02T17:34:37Z,2024-06-07T12:29:13Z,"9a64f577-0ddb-46e6-86f2-3d30f8940777","5ddd4291-a46a-4e46-92dc-282995149447",2
"High sensitivity/electroacoustic energy efficiency","73a3d1ed-9fe1-4edc-b801-a2774dc472e0",2024-04-02T17:34:36Z,2024-06-07T12:29:13Z,"9a64f577-0ddb-46e6-86f2-3d30f8940777","dc98e784-fe2c-4649-9951-f44a2acb8b5c",1
"Optional wheels and M20 threaded plate for mounting mid-high enclosures","73ee36f1-94ed-4ffd-8c97-0a4633421f6a",2024-04-02T17:34:36Z,2024-06-07T12:29:13Z,"9a64f577-0ddb-46e6-86f2-3d30f8940777","08c94283-b1b5-4b6f-8a4b-cb415e224823",2
"Includes a choice of two stainless steel mounting yokes","73f861c8-0dbc-4406-94bb-646e619df3e0",2024-04-02T17:34:36Z,2024-06-07T12:29:13Z,"9a64f577-0ddb-46e6-86f2-3d30f8940777","30414058-b90e-46ee-9c4b-9674eed6ba37",6
"Clear and dynamic mid-bass 'punch'","7530b414-79bb-4e8f-baad-be3b2949cae2",2024-04-02T17:34:37Z,2024-06-07T12:29:13Z,"9a64f577-0ddb-46e6-86f2-3d30f8940777","84f0f494-0ce0-4e1c-842d-dff7c907d1f9",3
"Low weight Neodymium Magnets throughout","757ef757-ffee-4e90-861c-403a5c44be69",2024-04-02T17:34:37Z,2024-06-07T12:29:13Z,"9a64f577-0ddb-46e6-86f2-3d30f8940777","d0278070-0a4b-45e1-834e-ff9b1aa60442",3
"Optional Passive Crossover Module (PX1)","76560df1-80c1-45a0-930f-f6006e6b0b1a",2024-04-02T17:34:37Z,2024-06-07T12:29:13Z,"9a64f577-0ddb-46e6-86f2-3d30f8940777","05fd1a86-406a-4230-9fdc-6693e2b17fc7",4
"Low weight Neodymium magnets throughout","76b00e64-7c0a-42ba-a3e1-1bf03f38e173",2024-04-02T17:34:37Z,2024-06-07T12:29:13Z,"9a64f577-0ddb-46e6-86f2-3d30f8940777","d6d8c1af-2148-4d9d-9e97-d6d4b657174b",2
"Evo 7EH and Evo 7SH mid-high versions also available","7701bbd1-2f2f-410a-b7b2-df2cd4c7fb64",2024-04-02T17:34:37Z,2024-06-07T12:29:13Z,"9a64f577-0ddb-46e6-86f2-3d30f8940777","d0278070-0a4b-45e1-834e-ff9b1aa60442",4
"Dynamic audio presentation with excellent stereo imaging","77151f97-1ba6-42d4-8f76-0879ba8c87bf",2024-04-02T17:34:36Z,2024-06-07T12:29:13Z,"9a64f577-0ddb-46e6-86f2-3d30f8940777","029c332f-ac11-48f4-b4f7-8f10789b4533",5
"M20 threaded pole mount plate and wheels optional","773e08b3-f965-43dd-8e63-d408be250ce8",2024-04-02T17:34:36Z,2024-06-07T12:29:13Z,"9a64f577-0ddb-46e6-86f2-3d30f8940777","294b9644-a271-405f-9978-f596cfbf6c69",4
"Funktion-One designed drivers","775de445-5bf2-447a-ba11-621b9bfbc831",2024-04-02T17:34:36Z,2024-06-07T12:29:13Z,"9a64f577-0ddb-46e6-86f2-3d30f8940777","5598292f-89e0-4f16-9cd0-20f994e78402",6
"Wide and even dispersion","77738730-1c44-4af8-97d6-490dd62db618",2024-04-02T17:34:35Z,2024-06-07T12:29:13Z,"9a64f577-0ddb-46e6-86f2-3d30f8940777","aeecfece-9dc7-4ce4-88f3-3cc45ccab8aa",4
"Corner version also available","77f60132-dc51-4c6c-92bd-c4bb1be9901a",2024-04-02T17:34:35Z,2024-06-07T12:29:13Z,"9a64f577-0ddb-46e6-86f2-3d30f8940777","4f502ccf-f30a-4d1b-9685-4918489fb391",6
"Wide dispersion","78bb6c8c-9b6a-40a0-a325-784f3eb65f33",2024-04-02T17:34:36Z,2024-06-07T12:29:13Z,"9a64f577-0ddb-46e6-86f2-3d30f8940777","ab0662af-e3f6-4021-a68b-ef64eed1879c",2
"Increases efficiency, directivity and projection of a pair of Infrabass (extra 10 dB at 33Hz)","7a988724-27c7-4830-9dd1-f7ab0d9d4e69",2024-04-02T17:34:36Z,2024-06-07T12:29:13Z,"9a64f577-0ddb-46e6-86f2-3d30f8940777","7abd34a0-bab7-4354-b07f-0e473dfa3190",1
"Choice of motorised or static fly beams","7ae67206-7ca8-4dc7-a9e3-958d45a07275",2024-04-02T17:34:35Z,2024-06-07T12:29:13Z,"9a64f577-0ddb-46e6-86f2-3d30f8940777","d2830769-c521-43f2-8e1a-0ca73ad65023",4
"Exceptional speech intelligibility","7bdd0bda-c9dd-4727-971d-de851b6aaa61",2024-04-02T17:34:37Z,2024-06-07T12:29:13Z,"9a64f577-0ddb-46e6-86f2-3d30f8940777","5ddd4291-a46a-4e46-92dc-282995149447",3
"Minimalist passive crossover design for maximum resolution","7c364dab-6ddf-493c-bc73-6da97c9d7fbe",2024-04-02T17:34:36Z,2024-06-07T12:29:13Z,"9a64f577-0ddb-46e6-86f2-3d30f8940777","dc98e784-fe2c-4649-9951-f44a2acb8b5c",2
"Optional wheels","7cc220e7-83ce-479a-bece-67b8853e409c",2024-04-02T17:34:36Z,2024-06-07T12:29:13Z,"9a64f577-0ddb-46e6-86f2-3d30f8940777","d8bb19ea-3ae8-490e-9206-b844538573b3",5
"M20 threaded pole mount plate supplied as standard","7db6c245-61cc-4e34-bd43-9cde168e8965",2024-04-02T17:34:36Z,2024-06-07T12:29:13Z,"9a64f577-0ddb-46e6-86f2-3d30f8940777","faa6cf54-5225-46eb-9884-e35147d1d8a0",4
"Metalwork allows for close wall or ceiling mounting","7e2b6333-17f9-44fa-853a-6dd14e5c1f9c",2024-04-02T17:34:36Z,2024-06-07T12:29:13Z,"9a64f577-0ddb-46e6-86f2-3d30f8940777","ab0662af-e3f6-4021-a68b-ef64eed1879c",3
"Construction 15mm Birch Ply","7ee8a89e-e365-4f74-b1bf-e65e7c89cbd8",2024-04-02T17:34:36Z,2024-06-07T12:29:13Z,"9a64f577-0ddb-46e6-86f2-3d30f8940777","08c94283-b1b5-4b6f-8a4b-cb415e224823",3
"Weather-resistant version available","81598e13-8e75-441f-ab5a-33e0d232d032",2024-04-02T17:34:35Z,2024-06-07T12:29:13Z,"9a64f577-0ddb-46e6-86f2-3d30f8940777","ef6f25ae-9f89-4d11-b721-35c398242366",2
"Controlled and even dispersion","81a4938a-a88b-45e4-ae34-7ac481fa79a4",2024-04-02T17:34:35Z,2024-06-07T12:29:13Z,"9a64f577-0ddb-46e6-86f2-3d30f8940777","ef6f25ae-9f89-4d11-b721-35c398242366",3
"Various mounting/rigging options (yoke, wall bracket)","81e96186-1210-47a0-882e-f1750cad40aa",2024-04-02T17:34:35Z,2024-06-07T12:29:13Z,"9a64f577-0ddb-46e6-86f2-3d30f8940777","26a9ed9d-e93f-4550-a950-ae147f1027df",4
"Weather resistant, IP55 version available","847a6a08-e409-4862-85ac-505e5666dc9b",2024-04-02T17:34:36Z,2024-06-07T12:29:13Z,"9a64f577-0ddb-46e6-86f2-3d30f8940777","c9250358-5951-404d-8b0d-7733561914c4",6
"Wide and consistent horizontal dispersion","84c77e29-e58a-487e-88b9-a41bf01a49fc",2024-04-02T17:34:35Z,2024-06-07T12:29:13Z,"9a64f577-0ddb-46e6-86f2-3d30f8940777","d2830769-c521-43f2-8e1a-0ca73ad65023",5
"Wide bandwidth with low distortion","855c77e6-6ce5-40ee-9a30-b0447d99becf",2024-04-02T17:34:36Z,2024-06-07T12:29:13Z,"9a64f577-0ddb-46e6-86f2-3d30f8940777","0859b14b-d14f-4ac6-9e20-73ea4c0028c7",4
"Point source driver arrangement","8614d8b1-4d9b-4eff-90cc-440ccb64c3a9",2024-04-02T17:34:36Z,2024-06-07T12:29:13Z,"9a64f577-0ddb-46e6-86f2-3d30f8940777","cccafae6-517a-4d76-8c6a-33e268abc718",4
"Flying version available","86c203c1-5976-4516-9c2d-e601b73b82ba",2024-04-02T17:34:36Z,2024-06-07T12:29:13Z,"9a64f577-0ddb-46e6-86f2-3d30f8940777","9db95679-8e38-4d67-b83f-af26c80e987d",2
"Supplied with optional protective wheelboard","86f016c6-5634-4fc4-bd65-9051990aec34",2024-04-02T17:34:35Z,2024-06-07T12:29:13Z,"9a64f577-0ddb-46e6-86f2-3d30f8940777","0d1b6bf7-3c28-49a1-9c8e-183bce32e151",2
"Integral pole mount","870280ae-397c-40ea-87c6-28169077bde7",2024-04-02T17:34:36Z,2024-06-07T12:29:13Z,"9a64f577-0ddb-46e6-86f2-3d30f8940777","dc98e784-fe2c-4649-9951-f44a2acb8b5c",3
"Funktion-One designed drivers","8756f5a7-e3b4-43b4-a0b0-fe21d69768b3",2024-04-02T17:34:36Z,2024-06-07T12:29:13Z,"9a64f577-0ddb-46e6-86f2-3d30f8940777","9db95679-8e38-4d67-b83f-af26c80e987d",3
"Wide dispersion","87a269ce-b44a-4c2e-97f1-095d6e25d819",2024-04-02T17:34:37Z,2024-06-07T12:29:13Z,"9a64f577-0ddb-46e6-86f2-3d30f8940777","5a7dda88-3e1e-42ae-9b1c-2e728f050374",2
"Optional wheelboard and sturdy grille for discreet appearance","8876c76d-c770-4246-8ae5-557dd44f1e9d",2024-04-02T17:34:37Z,2024-06-07T12:29:13Z,"9a64f577-0ddb-46e6-86f2-3d30f8940777","d0278070-0a4b-45e1-834e-ff9b1aa60442",5
"Optional throat grille, wheels & pole mount (M20 thread in lid or either side)","889a2aca-4777-47db-820f-999b7ff7901e",2024-04-02T17:34:35Z,2024-06-07T12:29:13Z,"9a64f577-0ddb-46e6-86f2-3d30f8940777","7dad19c3-7e47-4aa2-a59f-d6ec07dc3637",4
"Fully horn loaded for high efficiency","88f2a27d-67db-4548-8d66-beeec2f4ae99",2024-04-02T17:34:35Z,2024-06-07T12:29:13Z,"9a64f577-0ddb-46e6-86f2-3d30f8940777","d25b3174-63dc-4ee0-914b-499fb4722628",2
"Optional 70/100V line transformer","8936a008-5af4-45ea-afec-55b4e029e7ce",2024-04-02T17:34:35Z,2024-06-07T12:29:13Z,"9a64f577-0ddb-46e6-86f2-3d30f8940777","26a9ed9d-e93f-4550-a950-ae147f1027df",5
"Flying version available","89e70582-07d2-4326-ac8e-54870d35348e",2024-04-02T17:34:36Z,2024-06-07T12:29:13Z,"9a64f577-0ddb-46e6-86f2-3d30f8940777","6db53c8a-4923-443f-8590-0b51538cf70f",2
"Optional wheels","8bfd65a6-8f5d-4181-a18d-c0f2eb53c176",2024-04-02T17:34:36Z,2024-06-07T12:29:13Z,"9a64f577-0ddb-46e6-86f2-3d30f8940777","8e8bdd23-8123-4360-8350-42d152d28b5a",5
"Three-way","8c38f688-7a35-447d-a908-310f11f882cf",2024-04-02T17:34:37Z,2024-06-07T12:29:13Z,"9a64f577-0ddb-46e6-86f2-3d30f8940777","d0278070-0a4b-45e1-834e-ff9b1aa60442",6
"Small yet powerful","8da74751-8781-4c84-b7a3-40fd5b7a78b0",2024-04-02T17:34:36Z,2024-06-07T12:29:13Z,"9a64f577-0ddb-46e6-86f2-3d30f8940777","cccafae6-517a-4d76-8c6a-33e268abc718",5
"Integral handles","8ed768b7-f15c-4bdf-9e6a-e0b14d4636a9",2024-04-02T17:34:36Z,2024-06-07T12:29:13Z,"9a64f577-0ddb-46e6-86f2-3d30f8940777","ff5a364c-0e4a-4cb5-92d7-f3df5914c893",4
"Minimised sight line impact","8fda21eb-2fb6-4c44-8b02-a691f10904c6",2024-04-02T17:34:37Z,2024-06-07T12:29:13Z,"9a64f577-0ddb-46e6-86f2-3d30f8940777","c11b836b-523a-4907-857b-a82742187f99",4
"Powerful and convincing bass in a very small package","91a66872-1d68-4940-9c85-c2d16c29cc09",2024-04-02T17:34:37Z,2024-06-07T12:29:13Z,"9a64f577-0ddb-46e6-86f2-3d30f8940777","634cc833-e3b8-4efa-86e7-6479244bedfa",2
"3/8' microphone stand mount","929fed89-7493-477c-a511-2b191a2fcb57",2024-04-02T17:34:35Z,2024-06-07T12:29:13Z,"9a64f577-0ddb-46e6-86f2-3d30f8940777","26a9ed9d-e93f-4550-a950-ae147f1027df",6
"Construction 18mm birch plywood","92c24c08-80df-4ca2-bb9b-88198cd0d80d",2024-04-02T17:34:36Z,2024-06-07T12:29:13Z,"9a64f577-0ddb-46e6-86f2-3d30f8940777","291c265f-26ee-43e7-ab8c-8ee043f74ca2",3
"Proven loading design with latest tuning","9342f085-5f0f-4fc9-97df-7f862fbb8ec4",2024-04-02T17:34:36Z,2024-06-07T12:29:13Z,"9a64f577-0ddb-46e6-86f2-3d30f8940777","dabc38ca-00a7-487d-9de0-4a39bc684043",4
"Available in ultra-durable black PU coating or RALcode water based finishes","945af787-5774-4afa-938b-08aa2bf89bfd",2024-04-02T17:34:36Z,2024-06-07T12:29:14Z,"9a64f577-0ddb-46e6-86f2-3d30f8940777","ff5a364c-0e4a-4cb5-92d7-f3df5914c893",5
"Fully horn loaded for high efficiency","9525d88a-e39c-47f3-9166-05b02e06351c",2024-04-02T17:34:37Z,2024-06-07T12:29:14Z,"9a64f577-0ddb-46e6-86f2-3d30f8940777","d6d8c1af-2148-4d9d-9e97-d6d4b657174b",3
"Integral M10 flypoints","952e40dc-7dd5-461d-9d43-c9318caa4305",2024-04-02T17:34:37Z,2024-06-07T12:29:14Z,"9a64f577-0ddb-46e6-86f2-3d30f8940777","a30c8ab0-f0a7-4860-b952-62f506ebd2c7",4
"M20 threaded pole mount plate and wheels optional","953d0329-652b-4fa5-82e9-710752a0ae38",2024-04-02T17:34:36Z,2024-06-07T12:29:14Z,"9a64f577-0ddb-46e6-86f2-3d30f8940777","425c4ed5-cd28-4792-aa67-30d6e8691bdb",4
"Optional scrim for discrete appearance","9756adbf-401a-42d8-ad3e-e2731401a027",2024-04-02T17:34:36Z,2024-06-07T12:29:14Z,"9a64f577-0ddb-46e6-86f2-3d30f8940777","fe3ccc0d-5614-4566-b1e6-d2b116e9d884",4
"Full range, stand alone enclosure","994ea2d1-e580-4e12-8a5c-86ca2144fddd",2024-04-02T17:34:36Z,2024-06-07T12:29:14Z,"9a64f577-0ddb-46e6-86f2-3d30f8940777","53864004-4a41-49fa-bc1f-ef71d7e3fd63",2
"Funktion-One designed drivers","9a37330a-f448-4cd4-b607-101bd87c3add",2024-04-02T17:34:37Z,2024-06-07T12:29:14Z,"9a64f577-0ddb-46e6-86f2-3d30f8940777","53864004-4a41-49fa-bc1f-ef71d7e3fd63",3
"100V Line version available","9b12c4d5-8d12-4873-8d38-6a4a5762de48",2024-04-02T17:34:37Z,2024-06-07T12:29:14Z,"9a64f577-0ddb-46e6-86f2-3d30f8940777","5ddd4291-a46a-4e46-92dc-282995149447",4
"Weather resistant IP55 version available","9b3d1152-cf14-4591-b07f-a53b62d71438",2024-04-02T17:34:36Z,2024-06-07T12:29:14Z,"9a64f577-0ddb-46e6-86f2-3d30f8940777","c1baec55-9e22-4b38-b580-da2ee62895eb",5
"Funktion-One designed composite cone technology","9b768171-1e7b-4d18-8112-c81363850af3",2024-04-02T17:34:35Z,2024-06-07T12:29:14Z,"9a64f577-0ddb-46e6-86f2-3d30f8940777","9d8c36ef-5269-422f-a28b-eb5b1b817e19",4
"Available in ultra durable black PU coating or classic Funktion-One violet finish","9d54a302-a8ac-4f2f-9bed-e6b2ec96c4ee",2024-04-02T17:34:35Z,2024-06-07T12:29:14Z,"9a64f577-0ddb-46e6-86f2-3d30f8940777","e55d797b-4926-4d46-b43e-267f56b6c92a",2
"Impressive 104dB sensitivity between 60Hz - 160Hz","9df6962f-4eb8-411f-8536-a7b039f884a9",2024-04-02T17:34:37Z,2024-06-07T12:29:14Z,"9a64f577-0ddb-46e6-86f2-3d30f8940777","57eb776d-f43d-4d40-8e4c-2bbd2d20ec1b",2
"Fully horn loaded for high efficiency","9eb5f466-1163-403c-bc08-9c7fd455aaf0",2024-04-02T17:34:35Z,2024-06-07T12:29:14Z,"9a64f577-0ddb-46e6-86f2-3d30f8940777","fe3ccc0d-5614-4566-b1e6-d2b116e9d884",5
"Forms the high-mid section of our Dance Stack® systems","9f06386b-02b8-4183-866a-ca6339476745",2024-04-02T17:34:36Z,2024-06-07T12:29:14Z,"9a64f577-0ddb-46e6-86f2-3d30f8940777","9db95679-8e38-4d67-b83f-af26c80e987d",4
"M6 rigging points","9f4463e6-730f-4d60-abd2-ac455d2c7f02",2024-04-02T17:34:36Z,2024-06-07T12:29:14Z,"9a64f577-0ddb-46e6-86f2-3d30f8940777","1fa40b7b-0c07-49cd-82b4-a50f1aaed8cb",4
"Choice of speakON NL4 or Phoenix connectors","9f613a5f-8d29-49fb-b528-051d51e681fd",2024-04-02T17:34:36Z,2024-06-07T12:29:14Z,"9a64f577-0ddb-46e6-86f2-3d30f8940777","aeecfece-9dc7-4ce4-88f3-3cc45ccab8aa",5
"Funktion-One designed composite cone technology","9f77352a-6f03-4ffe-bd44-7c7fbf7093d5",2024-04-02T17:34:36Z,2024-06-07T12:29:14Z,"9a64f577-0ddb-46e6-86f2-3d30f8940777","ff5a364c-0e4a-4cb5-92d7-f3df5914c893",6
"Pairs with DS210 or Evo SH","a03f0035-1275-423c-9c40-81c4f3c72ec1",2024-04-02T17:34:36Z,2024-06-07T12:29:14Z,"9a64f577-0ddb-46e6-86f2-3d30f8940777","6db53c8a-4923-443f-8590-0b51538cf70f",3
"Integrated flying and ground-stack system","a0424967-fdfb-43a3-9a34-00767477e8fa",2024-04-02T17:34:37Z,2024-06-07T12:29:14Z,"9a64f577-0ddb-46e6-86f2-3d30f8940777","d5828231-7903-49dc-a66b-336be43c982a",3
"Optional throat grilles","a057af25-a961-4b4b-85a9-03aa143cdb29",2024-04-02T17:34:37Z,2024-06-07T12:29:14Z,"9a64f577-0ddb-46e6-86f2-3d30f8940777","2429a46a-50e8-4653-ab14-784a2fc900d2",5
"100V line and fire retardant versions available","a0ee7943-a8de-4a9c-b7c8-675c28a77c44",2024-04-02T17:34:35Z,2024-06-07T12:29:14Z,"9a64f577-0ddb-46e6-86f2-3d30f8940777","ef6f25ae-9f89-4d11-b721-35c398242366",4
"Waveguides rotatable through 180°","a11d35bd-c1b5-44c2-9fd9-6c5f7019b467",2024-04-02T17:34:36Z,2024-06-07T12:29:14Z,"9a64f577-0ddb-46e6-86f2-3d30f8940777","9db95679-8e38-4d67-b83f-af26c80e987d",5
"Evo 6SH skeletal version available","a20d8789-e460-4b77-864c-f331316beeea",2024-04-02T17:34:35Z,2024-06-07T12:29:14Z,"9a64f577-0ddb-46e6-86f2-3d30f8940777","4ef0ab5b-cc65-401f-862b-93fbce42fa9e",3
"No corrective EQ, preserving headroom","a22be63c-1f36-44f4-9c8c-8d95d866f3a8",2024-04-02T17:34:35Z,2024-06-07T12:29:14Z,"9a64f577-0ddb-46e6-86f2-3d30f8940777","d2830769-c521-43f2-8e1a-0ca73ad65023",6
"Various mounting/rigging options (yoke, wall bracket)","a25aa178-0e5e-4203-b48e-8c78aad285ff",2024-04-02T17:34:36Z,2024-06-07T12:29:14Z,"9a64f577-0ddb-46e6-86f2-3d30f8940777","c9250358-5951-404d-8b0d-7733561914c4",7
"Integrated flying and ground-stack system","a506d032-66a0-4043-a9a6-059cb70fb0ba",2024-04-02T17:34:37Z,2024-06-07T12:29:14Z,"9a64f577-0ddb-46e6-86f2-3d30f8940777","d6d8c1af-2148-4d9d-9e97-d6d4b657174b",4
"Integral handles","a5ec03a2-e49a-4096-8c22-022a063c6600",2024-04-02T17:34:36Z,2024-06-07T12:29:14Z,"9a64f577-0ddb-46e6-86f2-3d30f8940777","d8bb19ea-3ae8-490e-9206-b844538573b3",6
"Extremely well braced enclosure for clean bass performance","a65a78ad-9e55-4c73-8a81-8d65a1319d6a",2024-04-02T17:34:36Z,2024-06-07T12:29:14Z,"9a64f577-0ddb-46e6-86f2-3d30f8940777","294b9644-a271-405f-9978-f596cfbf6c69",5
"Optional grille and wheel board","a696921e-8ebc-4eb8-8e21-f14e9c779a42",2024-04-02T17:34:35Z,2024-06-07T12:29:14Z,"9a64f577-0ddb-46e6-86f2-3d30f8940777","e55d797b-4926-4d46-b43e-267f56b6c92a",3
"3/8' microphone stand mount","a7363896-f20f-4d99-bff9-d67584338e7b",2024-04-02T17:34:36Z,2024-06-07T12:29:14Z,"9a64f577-0ddb-46e6-86f2-3d30f8940777","c9250358-5951-404d-8b0d-7733561914c4",8
"Dual NL4 and Phoenix connector combination as standard","a98cf5b1-aac4-4603-afb4-b01164e78616",2024-04-02T17:34:36Z,2024-06-07T12:29:14Z,"9a64f577-0ddb-46e6-86f2-3d30f8940777","dc98e784-fe2c-4649-9951-f44a2acb8b5c",4
"Available in ultra durable black PU coating or classic Funktion-One paint finish","aa27fff4-284e-4a7c-bb3f-80d325e0d5cc",2024-04-02T17:34:36Z,2024-06-07T12:29:14Z,"9a64f577-0ddb-46e6-86f2-3d30f8940777","d8bb19ea-3ae8-490e-9206-b844538573b3",7
"Three-way bi-amped (passive HF)","aa6845ab-cdb8-449e-bb0e-94d73b675dcb",2024-04-02T17:34:37Z,2024-06-07T12:29:14Z,"9a64f577-0ddb-46e6-86f2-3d30f8940777","53864004-4a41-49fa-bc1f-ef71d7e3fd63",4
"Neodymium magnets","aa917309-3683-449c-91eb-4dc15b58a244",2024-04-02T17:34:36Z,2024-06-07T12:29:14Z,"9a64f577-0ddb-46e6-86f2-3d30f8940777","70816c8e-9ba3-4035-93ea-39f1751f6c82",3
"Optional pole mount / flying version available","aaa40b54-37b2-4406-ae20-a8b1e35e95ea",2024-04-02T17:34:37Z,2024-06-07T12:29:14Z,"9a64f577-0ddb-46e6-86f2-3d30f8940777","c11b836b-523a-4907-857b-a82742187f99",5
"Construction 18mm birch plywood","aab8bac0-dfe8-4d2d-b799-d455d3917463",2024-04-02T17:34:36Z,2024-06-07T12:29:14Z,"9a64f577-0ddb-46e6-86f2-3d30f8940777","faa6cf54-5225-46eb-9884-e35147d1d8a0",5
"Integral handles","ab059228-c27c-41dc-a51b-3195aed448a0",2024-04-02T17:34:36Z,2024-06-07T12:29:14Z,"9a64f577-0ddb-46e6-86f2-3d30f8940777","dabc38ca-00a7-487d-9de0-4a39bc684043",5
"Normally fitted with length of tough PU sheathed cable","abb59714-6c7a-4b32-901c-a723c63fb577",2024-04-02T17:34:37Z,2024-06-07T12:29:14Z,"9a64f577-0ddb-46e6-86f2-3d30f8940777","5ddd4291-a46a-4e46-92dc-282995149447",5
"2 x Speakon NL4 Connectors","b0026952-3189-4538-8fb1-59e48bf85383",2024-04-02T17:34:36Z,2024-06-07T12:29:14Z,"9a64f577-0ddb-46e6-86f2-3d30f8940777","faa6cf54-5225-46eb-9884-e35147d1d8a0",6
"Fully horn loaded for high efficiency","b1256ae1-e820-401c-b1f8-a5901ebc21c9",2024-04-02T17:34:37Z,2024-06-07T12:29:14Z,"9a64f577-0ddb-46e6-86f2-3d30f8940777","d0278070-0a4b-45e1-834e-ff9b1aa60442",7
"Complete range of flying and mounting options","b2322598-83b1-48b9-9c92-eeb678d8bc65",2024-04-02T17:34:37Z,2024-06-07T12:29:14Z,"9a64f577-0ddb-46e6-86f2-3d30f8940777","53864004-4a41-49fa-bc1f-ef71d7e3fd63",5
"Funktion-One designed Neodymium drivers","b5487aa9-ee51-4325-9ebd-16f5c0ecdbf5",2024-04-02T17:34:35Z,2024-06-07T12:29:14Z,"9a64f577-0ddb-46e6-86f2-3d30f8940777","edc3864a-8abc-4b8e-89fc-4d12adff6c6e",5
"Advanced Funktion-One loading","b5be83b8-7058-4870-b0ed-c036e7fb8667",2024-04-02T17:34:36Z,2024-06-07T12:29:14Z,"9a64f577-0ddb-46e6-86f2-3d30f8940777","add270f2-45ce-4e5e-96cd-26e690f6e009",4
"Fully horn-loaded for high efficiency","b5bf6cfb-b580-4054-aded-589ab630361e",2024-04-02T17:34:35Z,2024-06-07T12:29:14Z,"9a64f577-0ddb-46e6-86f2-3d30f8940777","0d1b6bf7-3c28-49a1-9c8e-183bce32e151",3
"Very low distortion","b7470eb1-6c4f-464e-aa15-9c856e4332e0",2024-04-02T17:34:37Z,2024-06-07T12:29:14Z,"9a64f577-0ddb-46e6-86f2-3d30f8940777","05fd1a86-406a-4230-9fdc-6693e2b17fc7",5
"Integral handles","b7ed4b84-5aa1-4504-8a70-18a5f3a8903d",2024-04-02T17:34:35Z,2024-06-07T12:29:14Z,"9a64f577-0ddb-46e6-86f2-3d30f8940777","9d8c36ef-5269-422f-a28b-eb5b1b817e19",5
"Unique patented design","b8073f27-0ff2-4380-8c5f-9cba2508212b",2024-04-02T17:34:35Z,2024-06-07T12:29:14Z,"9a64f577-0ddb-46e6-86f2-3d30f8940777","c5531690-1ac9-4264-847a-0c0ab243b9ba",3
"Quick angle adjustment for different stage locations and DJ heights","b80c9419-c495-461b-8041-e1fac8b0ea65",2024-04-02T17:34:37Z,2024-06-07T12:29:14Z,"9a64f577-0ddb-46e6-86f2-3d30f8940777","c11b836b-523a-4907-857b-a82742187f99",6
"Sturdy grills","b8259f9e-027d-4a19-83bc-2fbc8acec221",2024-04-02T17:34:37Z,2024-06-07T12:29:14Z,"9a64f577-0ddb-46e6-86f2-3d30f8940777","c11b836b-523a-4907-857b-a82742187f99",7
"Rotatable mid-high waveguide for horizontal use","b8a9557a-659c-4517-96c3-839eeb571ef2",2024-04-02T17:34:37Z,2024-06-07T12:29:14Z,"9a64f577-0ddb-46e6-86f2-3d30f8940777","05fd1a86-406a-4230-9fdc-6693e2b17fc7",6
"Wide bandwidth 5” driver","b9605c71-5ad9-4db7-b33d-bdaf01dbdcac",2024-04-02T17:34:35Z,2024-06-07T12:29:14Z,"9a64f577-0ddb-46e6-86f2-3d30f8940777","26a9ed9d-e93f-4550-a950-ae147f1027df",7
"Excellent application versatility","b979d6ce-29a6-4944-a885-2b0c898e6936",2024-04-02T17:34:37Z,2024-06-07T12:29:14Z,"9a64f577-0ddb-46e6-86f2-3d30f8940777","57eb776d-f43d-4d40-8e4c-2bbd2d20ec1b",3
"M8 rigging points","b9a3efea-b77d-4db1-95f9-368f353f18e3",2024-04-02T17:34:36Z,2024-06-07T12:29:14Z,"9a64f577-0ddb-46e6-86f2-3d30f8940777","dc98e784-fe2c-4649-9951-f44a2acb8b5c",5
"Integral handles","ba780edb-408b-4124-9afe-c4d6ee587bf5",2024-04-02T17:34:36Z,2024-06-07T12:29:14Z,"9a64f577-0ddb-46e6-86f2-3d30f8940777","08c94283-b1b5-4b6f-8a4b-cb415e224823",4
"Funktion-One designed 15'' driver","bb19c1da-a22b-4c13-9056-34d8a771c584",2024-04-02T17:34:36Z,2024-06-07T12:29:14Z,"9a64f577-0ddb-46e6-86f2-3d30f8940777","6db53c8a-4923-443f-8590-0b51538cf70f",4
"New driver orientation provides improved cooling","bb2e0424-afd8-4973-bf95-a2bbfb8e1bf0",2024-04-02T17:34:36Z,2024-06-07T12:29:14Z,"9a64f577-0ddb-46e6-86f2-3d30f8940777","add270f2-45ce-4e5e-96cd-26e690f6e009",5
"No compression driver","bcc54198-bbae-4991-9123-94e32eddef96",2024-04-02T17:34:36Z,2024-06-07T12:29:14Z,"9a64f577-0ddb-46e6-86f2-3d30f8940777","aeecfece-9dc7-4ce4-88f3-3cc45ccab8aa",6
"New isophase diffraction HF waveguide technology","bcfa2a2c-522c-465d-9c2f-b64bd51f3ed2",2024-04-02T17:34:36Z,2024-06-07T12:29:14Z,"9a64f577-0ddb-46e6-86f2-3d30f8940777","5598292f-89e0-4f16-9cd0-20f994e78402",7
"Compact and manageable enclosures","bf785831-cdf1-44d2-bdd6-246dc06c45f6",2024-04-02T17:34:36Z,2024-06-07T12:29:14Z,"9a64f577-0ddb-46e6-86f2-3d30f8940777","291c265f-26ee-43e7-ab8c-8ee043f74ca2",4
"Funktion One designed 15'' driver","c0cb19e2-dbcf-4b30-ac98-283d03cdbef0",2024-04-02T17:34:35Z,2024-06-07T12:29:14Z,"9a64f577-0ddb-46e6-86f2-3d30f8940777","c5531690-1ac9-4264-847a-0c0ab243b9ba",4
"Sturdy construction","c2197601-a0f3-4fd4-82fc-3f2f8f7adfe2",2024-04-02T17:34:36Z,2024-06-07T12:29:14Z,"9a64f577-0ddb-46e6-86f2-3d30f8940777","70816c8e-9ba3-4035-93ea-39f1751f6c82",4
"Dynamic audio presentation with excellent stereo imaging","c5637f1b-56e9-42bb-a6a1-dec75d7ee151",2024-04-02T17:34:37Z,2024-06-07T12:29:14Z,"9a64f577-0ddb-46e6-86f2-3d30f8940777","c342224e-a73f-4b22-a949-6eba1bf9f11f",5
"M10 flying & mounting points","c5f7b031-e502-487d-bc7b-58243b70902e",2024-04-02T17:34:35Z,2024-06-07T12:29:14Z,"9a64f577-0ddb-46e6-86f2-3d30f8940777","4ef0ab5b-cc65-401f-862b-93fbce42fa9e",4
"Funktion-One designed drivers","c96cb327-d9d7-4e9d-859c-a2abbdea805e",2024-04-02T17:34:37Z,2024-06-07T12:29:14Z,"9a64f577-0ddb-46e6-86f2-3d30f8940777","d5828231-7903-49dc-a66b-336be43c982a",4
"High sensitivity/electroacoustic energy efficiency","ca678b5a-cf14-4210-8ef5-fe7b1f81d037",2024-04-02T17:34:36Z,2024-06-07T12:29:14Z,"9a64f577-0ddb-46e6-86f2-3d30f8940777","1fa40b7b-0c07-49cd-82b4-a50f1aaed8cb",5
"Isophase diffraction waveguide (HF) for coherent high frequency summation","cad9d37c-e8e5-4f95-9032-8960bdb8e964",2024-04-02T17:34:35Z,2024-06-07T12:29:14Z,"9a64f577-0ddb-46e6-86f2-3d30f8940777","d2830769-c521-43f2-8e1a-0ca73ad65023",7
"Pairs with DS15 or F215 MkII","cb0b3c5e-a81a-41ff-abd4-362f80dd42f3",2024-04-02T17:34:36Z,2024-06-07T12:29:14Z,"9a64f577-0ddb-46e6-86f2-3d30f8940777","9db95679-8e38-4d67-b83f-af26c80e987d",6
"Optional robust wheels","cb2ff32a-ad4f-4dc3-8b3b-efc154d19a24",2024-04-02T17:34:36Z,2024-06-07T12:29:14Z,"9a64f577-0ddb-46e6-86f2-3d30f8940777","ff5a364c-0e4a-4cb5-92d7-f3df5914c893",7
"Ultra-compact enclosure","cc2e08df-1fd3-4fd5-9525-ca491796fe19",2024-04-02T17:34:35Z,2024-06-07T12:29:14Z,"9a64f577-0ddb-46e6-86f2-3d30f8940777","aeecfece-9dc7-4ce4-88f3-3cc45ccab8aa",7
"Naturally even frequency response","cc753fc5-85af-4540-8264-0eac5985c98e",2024-04-02T17:34:36Z,2024-06-07T12:29:14Z,"9a64f577-0ddb-46e6-86f2-3d30f8940777","029c332f-ac11-48f4-b4f7-8f10789b4533",6
"Optional wheelboard and foam-backed steel grilel for discreet appearance","cc7b2b8f-e1d3-4de8-b976-29e0dd465629",2024-04-02T17:34:37Z,2024-06-07T12:29:14Z,"9a64f577-0ddb-46e6-86f2-3d30f8940777","d5828231-7903-49dc-a66b-336be43c982a",5
"Includes a curved stainless steel grill","cd0ec415-6ad1-4798-84f1-a1c3fe591f2b",2024-04-02T17:34:35Z,2024-06-07T12:29:14Z,"9a64f577-0ddb-46e6-86f2-3d30f8940777","4f502ccf-f30a-4d1b-9685-4918489fb391",7
"Integral handles","cdd2fdf7-40a3-4016-b632-91830ea2136a",2024-04-02T17:34:36Z,2024-06-07T12:29:14Z,"9a64f577-0ddb-46e6-86f2-3d30f8940777","faa6cf54-5225-46eb-9884-e35147d1d8a0",7
"Fitted with M10 flypoints","ceec6cbd-7aae-4d49-8f47-df01c3d6a981",2024-04-02T17:34:37Z,2024-06-07T12:29:14Z,"9a64f577-0ddb-46e6-86f2-3d30f8940777","53864004-4a41-49fa-bc1f-ef71d7e3fd63",6
"Bespoke high sensitivity 8” bass driver","d02b8e99-dac4-4c7c-aff7-3cbb443e05c1",2024-04-02T17:34:37Z,2024-06-07T12:29:14Z,"9a64f577-0ddb-46e6-86f2-3d30f8940777","634cc833-e3b8-4efa-86e7-6479244bedfa",3
"Fitted with M10 flypoints","d13375bb-33f2-4207-99cc-a1e0b77ec9f8",2024-04-02T17:34:37Z,2024-06-07T12:29:14Z,"9a64f577-0ddb-46e6-86f2-3d30f8940777","4e42a04d-0033-43c2-8c2c-b44c30442a4d",6
"Wide bandwidth","d1d98650-b0bf-4f12-9ff5-3b9c7d7ef894",2024-04-02T17:34:37Z,2024-06-07T12:29:14Z,"9a64f577-0ddb-46e6-86f2-3d30f8940777","5a7dda88-3e1e-42ae-9b1c-2e728f050374",3
"Constructed 18mm birch plywood","d2997a90-4a69-4fc4-b43f-709078205e11",2024-04-02T17:34:36Z,2024-06-07T12:29:14Z,"9a64f577-0ddb-46e6-86f2-3d30f8940777","9db95679-8e38-4d67-b83f-af26c80e987d",7
"Integral 35mm pole mount","d326ac00-fe67-4f5c-b85a-5f8022d23f2c",2024-04-02T17:34:37Z,2024-06-07T12:29:14Z,"9a64f577-0ddb-46e6-86f2-3d30f8940777","05fd1a86-406a-4230-9fdc-6693e2b17fc7",7
"Wide bandwidth Funktion-One midrange (280Hz - 5kHz)","d431f3f4-d57e-4715-a67d-bb3171246b2e",2024-04-02T17:34:36Z,2024-06-07T12:29:14Z,"9a64f577-0ddb-46e6-86f2-3d30f8940777","5598292f-89e0-4f16-9cd0-20f994e78402",8
"Weather resistant, IP55 version available","d4fd81d1-50ca-488c-920b-018f9a87c899",2024-04-02T17:34:35Z,2024-06-07T12:29:14Z,"9a64f577-0ddb-46e6-86f2-3d30f8940777","26a9ed9d-e93f-4550-a950-ae147f1027df",8
"Optional Wheelboard and scrim for discreet appearance","d5047218-e478-4bc1-84f7-7a961a7e2a80",2024-04-02T17:34:37Z,2024-06-07T12:29:14Z,"9a64f577-0ddb-46e6-86f2-3d30f8940777","53864004-4a41-49fa-bc1f-ef71d7e3fd63",7
"Integral handles","d5353bc0-a2a0-43a9-8864-f9ac378122b0",2024-04-02T17:34:36Z,2024-06-07T12:29:14Z,"9a64f577-0ddb-46e6-86f2-3d30f8940777","291c265f-26ee-43e7-ab8c-8ee043f74ca2",5
"Additional metalwork available to fly coherent clusters","d573b565-9f0c-4c1f-8f2a-6b657dae4f08",2024-04-02T17:34:35Z,2024-06-07T12:29:14Z,"9a64f577-0ddb-46e6-86f2-3d30f8940777","ef6f25ae-9f89-4d11-b721-35c398242366",5
"Horn loaded for high efficiency","d5d3cfa7-bedd-4689-9029-9e3561084dec",2024-04-02T17:34:36Z,2024-06-07T12:29:14Z,"9a64f577-0ddb-46e6-86f2-3d30f8940777","6db53c8a-4923-443f-8590-0b51538cf70f",5
"Low weight Neodymium magnets throughout","d6c627d4-dee1-4da5-a45f-756c9cd8f4ed",2024-04-02T17:34:37Z,2024-06-07T12:29:14Z,"9a64f577-0ddb-46e6-86f2-3d30f8940777","d5828231-7903-49dc-a66b-336be43c982a",6
"Funktion-One designed weather resistant driver","d6c75402-b4ae-444f-a650-f53b1ece7de7",2024-04-02T17:34:37Z,2024-06-07T12:29:14Z,"9a64f577-0ddb-46e6-86f2-3d30f8940777","5ddd4291-a46a-4e46-92dc-282995149447",6
"Funktion-One designed Neodymium drivers","d7c339a5-9f8f-4084-857b-83536c9d3e8d",2024-04-02T17:34:36Z,2024-06-07T12:29:14Z,"9a64f577-0ddb-46e6-86f2-3d30f8940777","ab0662af-e3f6-4021-a68b-ef64eed1879c",4
"Optional wheelboard and foam-backed steel grille for discreet appearance","d805c4bf-10f6-4ef8-ada6-644d0c7a1b35",2024-04-02T17:34:37Z,2024-06-07T12:29:14Z,"9a64f577-0ddb-46e6-86f2-3d30f8940777","d6d8c1af-2148-4d9d-9e97-d6d4b657174b",5
"Bi-amplified operation","d8228385-eae2-4030-ac70-90891aef9112",2024-04-02T17:34:36Z,2024-06-07T12:29:14Z,"9a64f577-0ddb-46e6-86f2-3d30f8940777","70816c8e-9ba3-4035-93ea-39f1751f6c82",5
"Includes stainless steel mounting yoke","d893a648-df87-481c-885a-ff3a26873c56",2024-04-02T17:34:36Z,2024-06-07T12:29:14Z,"9a64f577-0ddb-46e6-86f2-3d30f8940777","0859b14b-d14f-4ac6-9e20-73ea4c0028c7",5
"Available in ultra-durable black PU coating or RALcode water based finishes","d8e4d739-6900-427f-9a17-cbdc805b8d93",2024-04-02T17:34:35Z,2024-06-07T12:29:14Z,"9a64f577-0ddb-46e6-86f2-3d30f8940777","9d8c36ef-5269-422f-a28b-eb5b1b817e19",6
"Integral 35mm pole mount","db717413-4500-4a1b-bbc5-d6fd10f3fb56",2024-04-02T17:34:36Z,2024-06-07T12:29:14Z,"9a64f577-0ddb-46e6-86f2-3d30f8940777","cccafae6-517a-4d76-8c6a-33e268abc718",6
"Funktion-One designed drivers","dd22d91a-d132-4ab6-abac-131049d0c883",2024-04-02T17:34:35Z,2024-06-07T12:29:14Z,"9a64f577-0ddb-46e6-86f2-3d30f8940777","0d1b6bf7-3c28-49a1-9c8e-183bce32e151",4
"Optional throat grille, wheels and pole mount","ddba86ef-3990-4169-a687-e4454cdab6b9",2024-04-02T17:34:36Z,2024-06-07T12:29:14Z,"9a64f577-0ddb-46e6-86f2-3d30f8940777","add270f2-45ce-4e5e-96cd-26e690f6e009",6
"Robust powder coated steel grille","ddf5d314-15fa-4297-8fb9-565d079de157",2024-04-02T17:34:36Z,2024-06-07T12:29:14Z,"9a64f577-0ddb-46e6-86f2-3d30f8940777","291c265f-26ee-43e7-ab8c-8ee043f74ca2",6
"Compact enclosure with high output","de28bba4-6427-4d93-92c9-3c67761e58fb",2024-04-02T17:34:36Z,2024-06-07T12:29:14Z,"9a64f577-0ddb-46e6-86f2-3d30f8940777","c1baec55-9e22-4b38-b580-da2ee62895eb",6
"Funktion-One designed drivers","de61d30f-6324-4785-9784-c1bde10ee211",2024-04-02T17:34:37Z,2024-06-07T12:29:14Z,"9a64f577-0ddb-46e6-86f2-3d30f8940777","d6d8c1af-2148-4d9d-9e97-d6d4b657174b",6
"Construction 18mm birch plywood","df92ad74-cc55-4cf1-b782-dd404e5658d9",2024-04-02T17:34:35Z,2024-06-07T12:29:14Z,"9a64f577-0ddb-46e6-86f2-3d30f8940777","fb0bee04-23f0-432e-a659-360f2b742c38",3
"Extremely well braced enclosure for clean bass performance","e0d005b9-2b38-4619-bee0-4a5a237f896b",2024-04-02T17:34:36Z,2024-06-07T12:29:14Z,"9a64f577-0ddb-46e6-86f2-3d30f8940777","425c4ed5-cd28-4792-aa67-30d6e8691bdb",5
"5” drivers optimised to Funktion-One specification","e1024535-19f6-4372-b0ea-8a205ef49338",2024-04-02T17:34:36Z,2024-06-07T12:29:14Z,"9a64f577-0ddb-46e6-86f2-3d30f8940777","aeecfece-9dc7-4ce4-88f3-3cc45ccab8aa",8
"Integral handles","e1c28c64-bde9-42b1-b796-b9129fadc86d",2024-04-02T17:34:35Z,2024-06-07T12:29:14Z,"9a64f577-0ddb-46e6-86f2-3d30f8940777","6f9bc5e8-57c3-4b83-9396-0af5329cb9f0",5
"New driver orientation provides improved cooling","e1e8ac07-e4e9-4ef9-b4db-3726aaf656c3",2024-04-02T17:34:37Z,2024-06-07T12:29:14Z,"9a64f577-0ddb-46e6-86f2-3d30f8940777","2429a46a-50e8-4653-ab14-784a2fc900d2",6
"Optional full grille for discreet appearance","e295f1f4-d279-4dd9-8d44-bc2c2c9febaa",2024-04-02T17:34:36Z,2024-06-07T12:29:14Z,"9a64f577-0ddb-46e6-86f2-3d30f8940777","ab0662af-e3f6-4021-a68b-ef64eed1879c",5
"Full range, high SPL","e2d87ee0-79a9-489d-b830-d5d6d935cc0d",2024-04-02T17:34:36Z,2024-06-07T12:29:14Z,"9a64f577-0ddb-46e6-86f2-3d30f8940777","5598292f-89e0-4f16-9cd0-20f994e78402",9
"Advanced loudspeaker driver design","e2defb1d-f0a5-4413-be98-f06770bd4c00",2024-04-02T17:34:35Z,2024-06-07T12:29:14Z,"9a64f577-0ddb-46e6-86f2-3d30f8940777","d25b3174-63dc-4ee0-914b-499fb4722628",3
"Weather resistant, IP55 version available","e4095bb3-5b92-44b9-ad41-0ec0cfc934b1",2024-04-02T17:34:36Z,2024-06-07T12:29:14Z,"9a64f577-0ddb-46e6-86f2-3d30f8940777","1fa40b7b-0c07-49cd-82b4-a50f1aaed8cb",6
"Integral handles","e4177d23-da96-4c9c-811e-bcdb9246f381",2024-04-02T17:34:37Z,2024-06-07T12:29:14Z,"9a64f577-0ddb-46e6-86f2-3d30f8940777","2429a46a-50e8-4653-ab14-784a2fc900d2",7
"Integral handles","e499f4c9-3a54-4b12-80f6-8285159be1e8",2024-04-02T17:34:35Z,2024-06-07T12:29:14Z,"9a64f577-0ddb-46e6-86f2-3d30f8940777","e55d797b-4926-4d46-b43e-267f56b6c92a",4
"Weather resistant IP55 version available","e562f156-0503-458c-99c7-da26fb3f7454",2024-04-02T17:34:36Z,2024-06-07T12:29:14Z,"9a64f577-0ddb-46e6-86f2-3d30f8940777","dc98e784-fe2c-4649-9951-f44a2acb8b5c",6
"Ground stack boards now available for Evo 6 and 7","e5b1dca1-99a5-4073-8ef4-87277c10a230",2024-04-02T17:34:36Z,2024-06-07T12:29:14Z,"9a64f577-0ddb-46e6-86f2-3d30f8940777","d8bb19ea-3ae8-490e-9206-b844538573b3",8
"Funktion-One designed drivers","e5e3cc14-5354-4172-9e5e-e29bd6677e33",2024-04-02T17:34:35Z,2024-06-07T12:29:14Z,"9a64f577-0ddb-46e6-86f2-3d30f8940777","ef6f25ae-9f89-4d11-b721-35c398242366",6
"Funktion-One designed 8” drivers","e6a2299e-a9a7-47dd-bbd4-08ff76c37eb9",2024-04-02T17:34:37Z,2024-06-07T12:29:14Z,"9a64f577-0ddb-46e6-86f2-3d30f8940777","5a7dda88-3e1e-42ae-9b1c-2e728f050374",4
"High efficiency drivers giving dynamic headroom, high SPL and low amplifier count","e7a64bfd-58d2-4865-a99d-a5777665d7e0",2024-04-02T17:34:35Z,2024-06-07T12:29:14Z,"9a64f577-0ddb-46e6-86f2-3d30f8940777","d2830769-c521-43f2-8e1a-0ca73ad65023",8
"High output from moderately sized enclosure","e8ab0a25-5368-4c95-92ea-71720538c243",2024-04-02T17:34:36Z,2024-06-07T12:29:14Z,"9a64f577-0ddb-46e6-86f2-3d30f8940777","add270f2-45ce-4e5e-96cd-26e690f6e009",7
"Passive option available","e944bc07-e191-4491-8c25-a10f858a78f3",2024-04-02T17:34:35Z,2024-06-07T12:29:14Z,"9a64f577-0ddb-46e6-86f2-3d30f8940777","4ef0ab5b-cc65-401f-862b-93fbce42fa9e",5
"Optional internal studding for suspending with mid-high loudspeakers (specified on order)","eb46106a-afd9-4e08-8595-83ed74fba268",2024-04-02T17:34:37Z,2024-06-07T12:29:14Z,"9a64f577-0ddb-46e6-86f2-3d30f8940777","a30c8ab0-f0a7-4860-b952-62f506ebd2c7",5
"Three-way","eb4e8f0c-84f9-4e82-90e2-1be66febff28",2024-04-02T17:34:37Z,2024-06-07T12:29:14Z,"9a64f577-0ddb-46e6-86f2-3d30f8940777","4e42a04d-0033-43c2-8c2c-b44c30442a4d",7
"Powersoft linear motor and integrated 15kW M-Drive amplifier","ed28cc5f-f783-49d7-a06e-4c1befba3aac",2024-04-02T17:34:35Z,2024-06-07T12:29:14Z,"9a64f577-0ddb-46e6-86f2-3d30f8940777","9d8c36ef-5269-422f-a28b-eb5b1b817e19",7
"Optional scrim for discreet appearance","ee4d957e-136c-472a-8753-b97a8e52c2a8",2024-04-02T17:34:35Z,2024-06-07T12:29:14Z,"9a64f577-0ddb-46e6-86f2-3d30f8940777","ef6f25ae-9f89-4d11-b721-35c398242366",7
"Wide bandwidth 8'' eliminates need for 1'' compression driver and passive crossover network","ef345332-701e-423d-bf75-7236672119e5",2024-04-02T17:34:37Z,2024-06-07T12:29:14Z,"9a64f577-0ddb-46e6-86f2-3d30f8940777","5ddd4291-a46a-4e46-92dc-282995149447",7
"18mm Birch Ply","efb47d19-0b02-4d2a-9920-5c3c94adf2dc",2024-04-02T17:34:36Z,2024-06-07T12:29:14Z,"9a64f577-0ddb-46e6-86f2-3d30f8940777","d8bb19ea-3ae8-490e-9206-b844538573b3",9
"High power, high accuracy point source monitoring","efe450f8-15e5-41f4-9cbf-9e06158631ae",2024-04-02T17:34:37Z,2024-06-07T12:29:14Z,"9a64f577-0ddb-46e6-86f2-3d30f8940777","c11b836b-523a-4907-857b-a82742187f99",8
"Various mounting/rigging options (yoke, wall bracket)","f077df01-5ec5-453a-a9e1-f97efd1ec276",2024-04-02T17:34:36Z,2024-06-07T12:29:14Z,"9a64f577-0ddb-46e6-86f2-3d30f8940777","c1baec55-9e22-4b38-b580-da2ee62895eb",7
"Optional wheels available","f0854ebd-4ccb-48ed-880b-68fa67df02d5",2024-04-02T17:34:36Z,2024-06-07T12:29:14Z,"9a64f577-0ddb-46e6-86f2-3d30f8940777","7abd34a0-bab7-4354-b07f-0e473dfa3190",2
"New driver orientation provides improved cooling","f098be14-184b-46b5-97ec-daaede2cba8d",2024-04-02T17:34:36Z,2024-06-07T12:29:14Z,"9a64f577-0ddb-46e6-86f2-3d30f8940777","dabc38ca-00a7-487d-9de0-4a39bc684043",6
"Self-powered version available (SB8A) with satellite outputs for 2x F5.2","f260bbdf-09b2-4c16-a198-c07c84f7b70e",2024-04-02T17:34:37Z,2024-06-07T12:29:14Z,"9a64f577-0ddb-46e6-86f2-3d30f8940777","634cc833-e3b8-4efa-86e7-6479244bedfa",4
"Integrated 35mm pole mount","f2a4176a-d989-40a1-806c-bf64acdfe6b6",2024-04-02T17:34:36Z,2024-06-07T12:29:14Z,"9a64f577-0ddb-46e6-86f2-3d30f8940777","c1baec55-9e22-4b38-b580-da2ee62895eb",8
"Integral handles","f2f3dfc2-b7d1-464a-bf96-623fcf683ac6",2024-04-02T17:34:35Z,2024-06-07T12:29:14Z,"9a64f577-0ddb-46e6-86f2-3d30f8940777","d25b3174-63dc-4ee0-914b-499fb4722628",4
"Flying version available","f30a04af-181f-4e66-a123-3ee76fa9d596",2024-04-02T17:34:35Z,2024-06-07T12:29:14Z,"9a64f577-0ddb-46e6-86f2-3d30f8940777","c5531690-1ac9-4264-847a-0c0ab243b9ba",5
"Integrated flying system for quick and easy deployment","f3ab03c0-cfd9-4933-b7e2-7f6809155f8c",2024-04-02T17:34:37Z,2024-06-07T12:29:14Z,"9a64f577-0ddb-46e6-86f2-3d30f8940777","c342224e-a73f-4b22-a949-6eba1bf9f11f",6
"speakON NL8 connector for single cable connectivity","f3d4446d-d0d3-4834-8f58-bc92dd8e7011",2024-04-02T17:34:37Z,2024-06-07T12:29:14Z,"9a64f577-0ddb-46e6-86f2-3d30f8940777","c11b836b-523a-4907-857b-a82742187f99",9
"Low weight Neodymium magnets throughout","f49ee13c-39e1-4e65-8b5a-4b6275786620",2024-04-02T17:34:36Z,2024-06-07T12:29:14Z,"9a64f577-0ddb-46e6-86f2-3d30f8940777","fe3ccc0d-5614-4566-b1e6-d2b116e9d884",6
"AX88E version available in wooden enclosure","f7b4d13a-3585-4504-9bac-344f89d95e7d",2024-04-02T17:34:35Z,2024-06-07T12:29:14Z,"9a64f577-0ddb-46e6-86f2-3d30f8940777","ef6f25ae-9f89-4d11-b721-35c398242366",8
"Integral handles","f7b8b493-9b90-4b2d-a1f0-655db1d98901",2024-04-02T17:34:35Z,2024-06-07T12:29:14Z,"9a64f577-0ddb-46e6-86f2-3d30f8940777","fb0bee04-23f0-432e-a659-360f2b742c38",4
"Optional wheels","f86d1578-8495-43dc-bd47-d064a9a7e218",2024-04-02T17:34:35Z,2024-06-07T12:29:14Z,"9a64f577-0ddb-46e6-86f2-3d30f8940777","d25b3174-63dc-4ee0-914b-499fb4722628",5
"Optional lightweight Neodymium magnets","f91502c6-d885-40d6-b237-881222959fec",2024-04-02T17:34:36Z,2024-06-07T12:29:14Z,"9a64f577-0ddb-46e6-86f2-3d30f8940777","dabc38ca-00a7-487d-9de0-4a39bc684043",7
"Fully horn-loaded for high efficiency","f9ba0bf2-8f66-4847-956b-394d20d3e982",2024-04-02T17:34:36Z,2024-06-07T12:29:14Z,"9a64f577-0ddb-46e6-86f2-3d30f8940777","08c94283-b1b5-4b6f-8a4b-cb415e224823",5
"New driver orientation provides improved cooling","fc8952bd-da85-49c1-ad66-aeaa48154737",2024-04-02T17:34:35Z,2024-06-07T12:29:14Z,"9a64f577-0ddb-46e6-86f2-3d30f8940777","7dad19c3-7e47-4aa2-a59f-d6ec07dc3637",5
"Increases efficiency, directivity and projection of a pair of Infrabass (extra 10 dB at 33Hz)","fda8e179-3179-45d7-8726-4e56f3217cfb",2024-04-02T17:34:36Z,2024-06-07T12:29:14Z,"9a64f577-0ddb-46e6-86f2-3d30f8940777","a41bea16-6327-4578-9193-2412669d1345",2
"Very low distortion","ffeed9ed-b135-44ff-8db3-c67248581e9b",2024-04-02T17:34:35Z,2024-06-07T12:29:14Z,"9a64f577-0ddb-46e6-86f2-3d30f8940777","edc3864a-8abc-4b8e-89fc-4d12adff6c6e",6
