"Name","ID","Created Date","Updated Date","Owner","Code","Products (Item)","Category","Main Image","categoryName","visible","homepage"
"Next Level Bass Loading and Driver Technology","107d378d-eb13-419c-b8b9-70be6c69b127",2024-02-20T16:42:52Z,2024-04-14T16:09:04Z,"9a64f577-0ddb-46e6-86f2-3d30f8940777","VERO V124","/products-1/vero-v124","6358ba19-97dd-4c45-a81f-01bf4b66790a","https://images.prismic.io/funktion-one/bfe3519b-633c-4c0c-bccb-9df2d386e07c_V124_Website_Product.png","Vero",,
"Lightweight Mid-High Loudspeaker","111c8df6-1532-4d4c-a9e2-465201be1cf0",2024-02-20T16:42:51Z,2024-04-14T16:09:04Z,"9a64f577-0ddb-46e6-86f2-3d30f8940777","AX88","/products-1/ax88","583addcd-b46f-4437-a4fb-4be2ae2c3790","https://images.prismic.io/funktion-one/634dc633-c8a6-45f0-a090-e71b6b671d49_AX88+New.png?auto=compress,format&w=1920&q=20","Public Address",,
"Extraordinary Powerful Bass Enclosure","1188c912-8a3a-4ea3-82ab-bda50f827f36",2024-02-20T16:42:51Z,2024-04-14T16:09:04Z,"9a64f577-0ddb-46e6-86f2-3d30f8940777","F132","/products-1/f132","f143d812-40b7-42fd-a4d3-e8656a60d12b","https://images.prismic.io/funktion-one/578c3b4d-593b-4255-bd4d-3de778b1c881_F132.png?auto=compress,format&w=1920&q=20","Horn Loaded Bass",,
"Low-mid section of the Dance Stack","1332fc8f-bad8-4c49-a8c4-25660427716c",2024-02-20T16:42:51Z,2024-04-14T16:09:04Z,"9a64f577-0ddb-46e6-86f2-3d30f8940777","DS15","/products-1/ds15","b70047f8-b0ea-4135-b8d6-8ab4930a010d","https://images.prismic.io/funktion-one/d0b49990-42c6-495c-bef2-739bf292ae53_Dance+Stack+DS15+Focus.jpg?auto=compress,format&w=1920&q=20","Dance Stack",,
"Deep Sub-Bass Extension","14cb2a97-774f-4037-97a6-5b336d0f2738",2024-02-20T16:42:51Z,2024-05-29T15:43:43Z,"9a64f577-0ddb-46e6-86f2-3d30f8940777","BR121","/products-1/br121","abae64fe-ee3c-4583-9aa6-156371279893","https://images.prismic.io/funktion-one/5786e4ca-334c-4da6-b546-4638d83cc8bc_BR121+600x600.jpg?auto=compress,format&rect=0,0,600,600&w=600&h=600","Bass Reflex",,
"Additional Mid-bass for 6E Systems","19aea7d2-c13e-44d8-9ec6-7f2fb117d8b1",2024-02-20T16:42:51Z,2024-06-07T13:58:54Z,"9a64f577-0ddb-46e6-86f2-3d30f8940777","EVO 6EL","/products-1/evo-6el","27d46285-7a91-4e3e-8b36-dd1c173b0040","https://images.prismic.io/funktion-one/c492e8fb-b14f-46b6-9c59-abc35dd08b22_Evo+6EL.png?auto=compress,format&w=1920&q=20","Evolution",true,
"Exceptional Sonic Quality","2c009461-b83a-4f90-8311-eef1b281dd4d",2024-02-20T16:42:51Z,2024-04-14T16:09:04Z,"9a64f577-0ddb-46e6-86f2-3d30f8940777","RES 4E","/products-1/res-4e","733aa22c-5cef-4468-9899-35b975bf9034","https://images.prismic.io/funktion-one/e78e0458-8aaf-45da-9b18-998f5b2589a7_Res+4E+New.png?auto=compress,format&w=1920&q=20","Resolution",,
"Ultra Compact Funktion-One Sound","2d65cf6a-3dbf-4e9a-86c0-971fbf42a025",2024-02-20T16:12:36Z,2024-06-07T15:03:18Z,"9a64f577-0ddb-46e6-86f2-3d30f8940777","F5.2","/products-1/f5.2","118ade95-1ba9-4da1-9321-6e2d7e1a6c19","https://images.prismic.io/funktion-one/2f582567-2287-472d-9503-503c9278172c_F5.2+Front+angled.jpg?auto=compress,format&w=1920&q=20","Compact",true,
"Vertically Arrayable Loudspeaker","35f5e069-dd57-4190-b1ef-903bd7107c66",2024-02-20T16:42:52Z,2024-04-14T16:09:04Z,"9a64f577-0ddb-46e6-86f2-3d30f8940777","VERO VX90","/products-1/vero-vx90","daac795b-8f84-49a6-91d7-bb676217590d","https://images.prismic.io/funktion-one/97ed6d87-abd4-432b-9326-eae8401c1e97_Vero+VX90+Angle.png?auto=compress,format&w=1920&q=20","Vero VX",,
"Wide Dispersion and Excellent Imaging","364071e8-e818-479b-9688-1f358eebb130",2024-02-20T16:42:51Z,2024-06-07T15:03:22Z,"9a64f577-0ddb-46e6-86f2-3d30f8940777","F55","/products-1/f55","118ade95-1ba9-4da1-9321-6e2d7e1a6c19","https://images.prismic.io/funktion-one/ad2d26d0-1581-41fd-a3ca-efbe17ab6974_F55.png?auto=compress,format&rect=0,39,1450,1450&w=1920&q=20&h=600","Compact",true,
"Extraordinary Design and Performance","367875ea-ebb7-47cf-9548-8b45d3c6679c",2024-02-20T16:42:51Z,2024-06-07T15:01:27Z,"9a64f577-0ddb-46e6-86f2-3d30f8940777","EVO X","/products-1/evo-x","27d46285-7a91-4e3e-8b36-dd1c173b0040","https://images.prismic.io/funktion-one/6dd0ea8b-db3d-4fbd-bc36-22626c2ed050_Evo+X+Product+Page.png?auto=compress,format&w=1920&q=20","Evolution",true,
"Mid-High Loudspeaker Enclosure","371f1bb8-b7cb-4d03-a349-592b13f19b66",2024-02-20T16:42:51Z,2024-04-14T16:09:04Z,"9a64f577-0ddb-46e6-86f2-3d30f8940777","EVO 6EH","/products-1/evo-6eh","27d46285-7a91-4e3e-8b36-dd1c173b0040","https://images.prismic.io/funktion-one/fb57d5bd-cef7-446b-811e-5b9043552df9_Evo+6EH.png?auto=compress,format&w=1920&q=20","Evolution",,
"High-Fidelity Two-Way Loudspeaker","3778639a-4b4f-4e03-aaf7-8e1d40ddc5e4",2024-02-20T16:42:51Z,2024-04-14T16:09:04Z,"9a64f577-0ddb-46e6-86f2-3d30f8940777","RES 1.5","/products-1/res-1.5","733aa22c-5cef-4468-9899-35b975bf9034","https://images.prismic.io/funktion-one/fce4adec-8232-4a1c-bacf-a6eaef593504_Res+1.5+Side.png?auto=compress,format&w=1920&q=20","Resolution",,
"Compact Horn Loaded Bass Enclosure","3a30e712-fc9e-438b-b75c-4c797adf0d8a",2024-02-20T16:42:51Z,2024-04-14T16:09:04Z,"9a64f577-0ddb-46e6-86f2-3d30f8940777","F115 MKII","/products-1/f115-mkii","f143d812-40b7-42fd-a4d3-e8656a60d12b","https://images.prismic.io/funktion-one/66e27c96-4bff-45c1-8551-78dadee658b9_F115+2.png?auto=compress,format&w=1920&q=20","Horn Loaded Bass",,
"Compact Horn-Loaded Enclosure","3e7c3ead-b19e-4945-beb6-076aa98bbf5e",2024-02-20T16:42:51Z,2024-06-07T14:00:01Z,"9a64f577-0ddb-46e6-86f2-3d30f8940777","F118 MKII","/products-1/f118-mkii","f143d812-40b7-42fd-a4d3-e8656a60d12b","https://images.prismic.io/funktion-one/cbac779c-a7ab-40fa-9400-4b5587c85de2_F118MKII_Website_Product.png?auto=compress,format&w=1920&q=20","Horn Loaded Bass",true,
"Deep Powerful Bass Reflex Performance","3fbce079-f7db-4b07-a082-31ab88947fdb",2024-02-20T16:42:51Z,2024-05-29T15:43:18Z,"9a64f577-0ddb-46e6-86f2-3d30f8940777","BR221","/products-1/br221","abae64fe-ee3c-4583-9aa6-156371279893","https://images.prismic.io/funktion-one/d91fd362-fa03-4052-aab7-9a487bd334f4_BR221+600x600.jpg?auto=compress,format&rect=0,0,600,600&w=600&h=600","Bass Reflex",,
"Compact Funktion-One Patented Infrabass Technology","422cbe91-1e83-46a7-8d09-9688a390e317",2024-02-20T16:42:51Z,2024-04-14T16:09:04Z,"9a64f577-0ddb-46e6-86f2-3d30f8940777","MB212","/products-1/mb212","0e987d9d-2e7c-45c9-a1f4-80389424de64","https://images.prismic.io/funktion-one/dd0da9dd-0ee2-492c-b57b-73eebd282cff_MB212.png?auto=compress,format","Compact Bass",,
"Skeletal High Intensity Mid-High Loudspeaker","4341597a-afc6-4008-81a2-a40a62cef36e",2024-02-20T16:42:51Z,2024-06-07T15:08:16Z,"9a64f577-0ddb-46e6-86f2-3d30f8940777","EVO 6SH","/products-1/evo-6sh","27d46285-7a91-4e3e-8b36-dd1c173b0040","https://images.prismic.io/funktion-one/7e5f840d-8029-48b7-99f5-9ba82d853d22_Evo+6SH+copy.png?auto=compress,format&w=1920&q=20","Evolution",true,false
"Deep Bass for a Powerful Sonic Experience","4739addc-f7c2-4be1-a11f-4fd00e5221de",2024-02-20T16:42:51Z,2024-04-14T16:09:04Z,"9a64f577-0ddb-46e6-86f2-3d30f8940777","Infrabass 218","/products-1/infrabass-218","f143d812-40b7-42fd-a4d3-e8656a60d12b","https://images.prismic.io/funktion-one/128ae903-ad26-4d26-85b5-f5935c2d2f1c_Infrabass.png?auto=compress,format&w=1920&q=20","Horn Loaded Bass",,
"Mid-High Section of the Dance Stack","483067ea-c881-449f-a49b-4680a402be3d",2024-02-20T16:42:51Z,2024-04-14T16:09:04Z,"9a64f577-0ddb-46e6-86f2-3d30f8940777","DS210","/products-1/ds210","b70047f8-b0ea-4135-b8d6-8ab4930a010d","https://images.prismic.io/funktion-one/363c16f5-3d81-4d80-aa1b-8eaa08a8db37_DS210_Website_Product.png?auto=compress,format&w=1920&q=20","Dance Stack",,
"Dance Stack Low-mid Section","4e7b78fa-1cd5-4bfd-b4cf-64775fb3427f",2024-02-20T16:42:51Z,2024-04-14T16:09:04Z,"9a64f577-0ddb-46e6-86f2-3d30f8940777","DS15","/products-1/ds15","f143d812-40b7-42fd-a4d3-e8656a60d12b","https://images.prismic.io/funktion-one/d0b49990-42c6-495c-bef2-739bf292ae53_Dance+Stack+DS15+Focus.jpg?auto=compress,format&w=1920&q=20","Horn Loaded Bass",,
"Outstanding Mid-Size Bass Performance","51c8584a-5d46-41b1-85d0-9669637e7bde",2024-02-20T16:42:51Z,2024-06-07T14:08:24Z,"9a64f577-0ddb-46e6-86f2-3d30f8940777","F121","/products-1/f121","f143d812-40b7-42fd-a4d3-e8656a60d12b","https://images.prismic.io/funktion-one/690b3ed6-84ca-4601-810a-ddf01ac7f8ea_F121_Website_Product.png?auto=compress,format&w=1920&q=20","Horn Loaded Bass",true,
"High Output Mid-High Res 2","54e12a1d-570d-4151-a40a-94de61ab52a0",2024-02-20T16:42:51Z,2024-04-14T16:09:04Z,"9a64f577-0ddb-46e6-86f2-3d30f8940777","RES 2SH","/products-1/res-2sh","733aa22c-5cef-4468-9899-35b975bf9034","https://images.prismic.io/funktion-one/6ad91a8e-ad51-4b10-8b0b-30099337fa95_RES2SH_Website_Product.png?auto=compress,format&w=1920&q=20","Resolution",,
"Outstanding Definition and Intelligibility","59f3e706-cac8-490d-ae6a-2087c1f73a5d",2024-02-20T16:42:51Z,2024-06-07T15:03:24Z,"9a64f577-0ddb-46e6-86f2-3d30f8940777","F81.2","/products-1/f81.2","118ade95-1ba9-4da1-9321-6e2d7e1a6c19","https://images.prismic.io/funktion-one/86597f8a-57b8-4eca-aa94-c5c550310532_F81.2.png?auto=compress,format&w=1920&q=20","Compact",true,
"Extraordinary Powerful Bass Reflex Enclosure","689563cd-e6a0-4df6-ab26-73a2256fc831",2024-02-20T16:42:51Z,2024-04-14T16:09:04Z,"9a64f577-0ddb-46e6-86f2-3d30f8940777","BR132","/products-1/br132","abae64fe-ee3c-4583-9aa6-156371279893","https://images.prismic.io/funktion-one/bd66e8c3-8904-448e-aa85-74b81035b34f_BR132+front3-resize.jpg?auto=compress,format&w=1920&q=20","Bass Reflex",,
"Well Defined Mid-Bass in a Compact Enclosure","691d852a-75fa-4110-831e-c5e4dfa65bd7",2024-02-20T16:42:51Z,2024-04-14T16:09:04Z,"9a64f577-0ddb-46e6-86f2-3d30f8940777","F215 MKII","/products-1/f215-mkii","f143d812-40b7-42fd-a4d3-e8656a60d12b","https://images.prismic.io/funktion-one/c1862014-e093-4953-8d6f-6df2480d30cc_F215_Website_Feature.png?auto=compress,format&w=1920&q=20","Horn Loaded Bass",,
"Exceptional Tuning and Driver Optimisation","6d802606-973f-4ec3-a325-f1d596b436e5",2024-02-20T16:42:51Z,2024-06-07T13:56:40Z,"9a64f577-0ddb-46e6-86f2-3d30f8940777","F101.2","/products-1/f101.2","118ade95-1ba9-4da1-9321-6e2d7e1a6c19","https://images.prismic.io/funktion-one/cf390a2a-8058-473d-8680-4aeecfd0127f_Funktion-One+F101.2.png?auto=compress,format&w=1920&q=20","Compact",true,
"Versatile Bass Reflex Enclosure","6fbf6787-9826-4bd6-acbd-07bd378c6271",2024-02-20T16:42:51Z,2024-04-14T16:09:04Z,"9a64f577-0ddb-46e6-86f2-3d30f8940777","BR218","/products-1/br218","abae64fe-ee3c-4583-9aa6-156371279893","https://images.prismic.io/funktion-one/06d75be0-6866-4704-9f6a-72a26a48c06e_BR218+Front+Upright.jpg?auto=compress,format&w=1920&q=20","Bass Reflex",,
"Realism, Detail, Liveliness and High Output","780a225a-c5d8-4939-a570-90d40865f238",2024-02-20T16:42:51Z,2024-06-07T13:56:49Z,"9a64f577-0ddb-46e6-86f2-3d30f8940777","F1201.2","/products-1/f1201.2","118ade95-1ba9-4da1-9321-6e2d7e1a6c19","https://images.prismic.io/funktion-one/30904df4-da97-434d-930b-9b2e7b58e2a7_Funktion-One+F1201.2.jpg?auto=compress,format&w=1920&q=20","Compact",true,
"Exceptionally Efficient High-Intensity Bass Enclosure","7e72e73e-e941-4c4e-ad77-15fdee807d9c",2024-02-20T16:42:52Z,2024-04-14T16:09:04Z,"9a64f577-0ddb-46e6-86f2-3d30f8940777","VERO V221","/products-1/vero-v221","6358ba19-97dd-4c45-a81f-01bf4b66790a","https://images.prismic.io/funktion-one/e729d574-012d-4320-bb8b-a06ef3395a65_V221_Website_Product.png?auto=compress,format&w=1920&q=20","Vero",,
"Exceptionally Efficient High-Intensity Bass Enclosure","7fdaa0fb-b950-490d-8d60-19a130bf463a",2024-02-20T16:42:52Z,2024-04-14T16:09:04Z,"9a64f577-0ddb-46e6-86f2-3d30f8940777","VERO VX V221","/products-1/vero-vx-v221","daac795b-8f84-49a6-91d7-bb676217590d","https://images.prismic.io/funktion-one/bbe73614-8074-4617-a474-43b936a7e5cc_V221.png?auto=compress,format&w=1920&q=20","Vero VX",,
"Double Waveguide for Increased Output","8aa87940-3616-483f-8390-0e9a92c7c6c3",2024-02-20T16:42:51Z,2024-04-14T16:09:04Z,"9a64f577-0ddb-46e6-86f2-3d30f8940777","Infrahorn","/products-1/infrahorn","f143d812-40b7-42fd-a4d3-e8656a60d12b","https://images.prismic.io/funktion-one/299ec878-4742-4b55-98fa-d6745ca44ec5_Infrahorn.png?auto=compress,format&w=1920&q=20","Horn Loaded Bass",,
"Next Level Funktion-One Bass Performance","8cbd897b-c3aa-458a-b301-79c268153ac3",2024-02-20T16:42:51Z,2024-06-07T14:08:30Z,"9a64f577-0ddb-46e6-86f2-3d30f8940777","F124","/products-1/f124","f143d812-40b7-42fd-a4d3-e8656a60d12b","https://images.prismic.io/funktion-one/2dcf1918-45f7-4675-8e43-b59e2229b16f_F124.png?auto=compress,format&w=1920&q=20","Horn Loaded Bass",true,
"Contact Point Source Monitor","8db839d1-78ba-404d-bf46-50dae4cb9c40",2024-02-20T16:42:51Z,2024-04-14T16:09:04Z,"9a64f577-0ddb-46e6-86f2-3d30f8940777","PSM12","/products-1/psm12","d2f877a8-9ce6-499e-9d23-4a9804a88cca","https://images.prismic.io/funktion-one/d0963c95-391c-4305-bbdc-a32f54004f88_PSM12_PointSource_Website_Product.png?auto=compress,format&w=1920&q=20","Monitor",,
"Wide Dispersion Array Element","904044a9-6c1f-4197-9ff3-286e03777601",2024-02-20T16:42:52Z,2024-04-14T16:09:04Z,"9a64f577-0ddb-46e6-86f2-3d30f8940777","VERO V90","/products-1/vero-v90","6358ba19-97dd-4c45-a81f-01bf4b66790a","https://images.prismic.io/funktion-one/e996fb3f-d239-4ced-90b9-a43b69738115_V90_Website_Product.png?auto=compress,format&w=1920&q=20","Vero",,
"Extraordinary Powerful Bass Enclosure","92c078ce-a3f2-4a0f-8f73-6f66fd7b7d64",2024-02-20T16:42:52Z,2024-04-14T16:09:04Z,"9a64f577-0ddb-46e6-86f2-3d30f8940777","VERO V132","/products-1/vero-v132","6358ba19-97dd-4c45-a81f-01bf4b66790a","https://images.prismic.io/funktion-one/85e84260-239e-41f8-ae4b-eb8112715349_F132_Website_Product.png?auto=compress,format&w=1920&q=20","Vero",,
"Deep Near Field Compact Bass","94c79e91-f522-4d0b-a94e-17cf354c7f62",2024-02-20T16:42:51Z,2024-05-29T15:42:25Z,"9a64f577-0ddb-46e6-86f2-3d30f8940777","BR118","/products-1/br118","abae64fe-ee3c-4583-9aa6-156371279893","https://images.prismic.io/funktion-one/c91cdd59-ed40-4b24-91bb-9bc0a45f2716_BR118+600x600.jpg?auto=compress,format&rect=0,0,600,600&w=600&h=600","Bass Reflex",,
"Skeletal High Intensity Mid-High Loudspeaker","95f4b55f-0aff-4439-a29f-9da92fdd8519",2024-02-20T16:42:51Z,2024-06-07T15:07:44Z,"9a64f577-0ddb-46e6-86f2-3d30f8940777","EVO 7SH","/products-1/evo-7sh","27d46285-7a91-4e3e-8b36-dd1c173b0040","https://images.prismic.io/funktion-one/9770c7dd-c7b6-4ac5-a88b-bbc10aeeff20_Evo+7SH.png?auto=compress,format&w=1920&q=20","Evolution",,
"Adds dramatically to the efficiency of two Infrabass","96688231-c6de-412a-941e-84c125d7e054",2024-02-20T16:42:51Z,2024-04-14T16:09:04Z,"9a64f577-0ddb-46e6-86f2-3d30f8940777","Infrahorn","/products-1/infrahorn","b70047f8-b0ea-4135-b8d6-8ab4930a010d","https://images.prismic.io/funktion-one/0e982fa6-5146-4a01-ae79-4dc36668c334_Infrahorn_Website_Product.png?auto=compress,format&w=1920&q=20","Dance Stack",,
"Narrow dispersion Horn-Loaded Loudspeaker","ac5a3611-d1d3-4edf-8800-f65ee3d103b1",2024-02-20T16:42:51Z,2024-04-14T16:09:04Z,"9a64f577-0ddb-46e6-86f2-3d30f8940777","RES 5E","/products-1/res-5e","733aa22c-5cef-4468-9899-35b975bf9034","https://images.prismic.io/funktion-one/016b4ced-db17-45a8-b9d5-74a9b136880b_Res+5.png?auto=compress,format&w=1920&q=20","Resolution",,
"Revolutionary Stage Sound Performance","af28ecf0-6b89-404d-96de-761460ba4c39",2024-02-20T16:42:52Z,2024-04-14T16:09:04Z,"9a64f577-0ddb-46e6-86f2-3d30f8940777","PSM18","/products-1/psm18","d2f877a8-9ce6-499e-9d23-4a9804a88cca","https://images.prismic.io/funktion-one/9a62cc70-8a30-4795-8e57-3aaea38e1ed5_PSM18_Website_ProductImage.png?auto=compress,format&w=1920&q=20","Monitor",,
"Resolution Sound for Low Ceiling Heights","b0a04f5c-9850-4ee5-8e08-8d244800baae",2024-02-20T16:42:51Z,2024-04-14T16:09:04Z,"9a64f577-0ddb-46e6-86f2-3d30f8940777","RES 1.5TT","/products-1/res-1.5tt","733aa22c-5cef-4468-9899-35b975bf9034","https://images.prismic.io/funktion-one/1845b853-e4f9-4934-92b4-21e96ed3500d_Res+1.5TT.png?auto=compress,format&w=1920&q=20","Resolution",,
"Deep, Strong Bass at Close Range","b2e1a64b-d05e-4b7a-adbe-5ba107aa486f",2024-02-20T16:42:51Z,2024-05-29T15:44:06Z,"9a64f577-0ddb-46e6-86f2-3d30f8940777","BR115","/products-1/br115","abae64fe-ee3c-4583-9aa6-156371279893","https://images.prismic.io/funktion-one/df9f1efd-a4bf-4066-98da-e25e84074055_BR115+600x600.jpg?auto=compress,format&rect=0,0,600,600&w=600&h=600","Bass Reflex",,
"Tight, Punchy, Well-Defined Bass","b93d36b5-7845-4150-917c-73fd00948940",2024-02-20T16:42:51Z,2024-04-14T16:09:04Z,"9a64f577-0ddb-46e6-86f2-3d30f8940777","F218 MKII","/products-1/f218-mkii","f143d812-40b7-42fd-a4d3-e8656a60d12b","https://images.prismic.io/funktion-one/f296473d-2ce2-4d13-8e69-b56414805b46_F218+Mk2.png?auto=compress,format&w=1920&q=20","Horn Loaded Bass",,
"Full Range, Sonic Excellence","bde7e37b-e258-4e63-8faf-61592f7aa0aa",2024-02-20T16:42:51Z,2024-06-07T14:36:23Z,"9a64f577-0ddb-46e6-86f2-3d30f8940777","RES 2","/products-1/res-2","733aa22c-5cef-4468-9899-35b975bf9034","https://images.prismic.io/funktion-one/b9b0ed50-55b1-40ee-9554-8bdece6651e2_RES2_Website_Product.png?auto=compress,format&w=1920&q=20","Resolution",true,true
"Lightweight Design and High Intelligibility","c5b75d8d-9ce0-4a5a-bd03-01266c9c22ea",2024-02-20T16:42:51Z,2024-04-14T16:09:04Z,"9a64f577-0ddb-46e6-86f2-3d30f8940777","AX8","/products-1/ax8","583addcd-b46f-4437-a4fb-4be2ae2c3790","https://images.prismic.io/funktion-one/a23c42f1-8e6f-46ec-a022-f9d99e6a144a_AX8_Website_Product.png?auto=compress,format&w=1920&q=20","Public Address",,
"Next Level Bass Loading and Driver Technology","c5c6cce8-d28b-482b-8f59-64d556aa7388",2024-02-20T16:42:52Z,2024-04-14T16:09:04Z,"9a64f577-0ddb-46e6-86f2-3d30f8940777","VERO VX V124","/products-1/vero-vx-v124","daac795b-8f84-49a6-91d7-bb676217590d","https://images.prismic.io/funktion-one/58e11b3b-b790-45e0-ab11-3de99d8fc20a_V124+v2.png?auto=compress,format&w=1920&q=20","Vero VX",,
"Narrow dispersion array element","c665008e-a037-4f53-8adf-ff666768a757",2024-02-20T16:42:52Z,2024-04-14T16:09:04Z,"9a64f577-0ddb-46e6-86f2-3d30f8940777","VERO V60","/products-1/vero-v60","6358ba19-97dd-4c45-a81f-01bf4b66790a","https://images.prismic.io/funktion-one/898478fe-f2dd-4360-9b20-a82d05406717_V60_Website_Product.png?auto=compress,format&w=1920&q=20","Vero",,
"High Intensity Mid-Bass for Installations","cba7a819-f0f3-4e1c-98b5-fa11dd878e17",2024-02-20T16:42:51Z,2024-04-14T16:09:04Z,"9a64f577-0ddb-46e6-86f2-3d30f8940777","F315","/products-1/f315","f143d812-40b7-42fd-a4d3-e8656a60d12b","https://images.prismic.io/funktion-one/3f358177-1e6d-4621-bda8-2fdb9d1fef5b_HeaderFinal110822_1%404x.png?auto=compress,format","Horn Loaded Bass",,
"Full Range, Wide Dispersion and Compact","ccbaeb9b-8c02-4182-b6ae-481f1f9cd35c",2024-02-20T16:42:51Z,2024-04-14T16:09:04Z,"9a64f577-0ddb-46e6-86f2-3d30f8940777","F88","/products-1/f88","118ade95-1ba9-4da1-9321-6e2d7e1a6c19","https://images.prismic.io/funktion-one/cdaf9e59-8047-42c2-85d6-21b02bd11649_F88.png?auto=compress,format&w=1920&q=20","Compact",,
"Excellent Bass Extension from a Compact Enclosure","d4a30c5c-7e46-41bc-8720-a73575ed936a",2024-02-20T16:42:51Z,2024-04-14T16:09:04Z,"9a64f577-0ddb-46e6-86f2-3d30f8940777","MB112","/products-1/mb112","0e987d9d-2e7c-45c9-a1f4-80389424de64","https://images.prismic.io/funktion-one/223e63db-2258-4b1c-ab04-e69d31cf971e_Funktion-One+MB112+Featured.jpg?auto=compress,format&w=1920&q=20","Compact Bass",,
"Very High Intensity Touring Loudspeaker","d835f41e-8fec-4744-b19b-f59e719d780f",2024-02-20T16:42:51Z,2024-04-14T16:09:04Z,"9a64f577-0ddb-46e6-86f2-3d30f8940777","EVO 7T","/products-1/evo-7t","27d46285-7a91-4e3e-8b36-dd1c173b0040","https://images.prismic.io/funktion-one/2adafd79-d552-419b-a2f0-fe34c8ad951f_Evo7T_Website_FeatureProduct.png?auto=compress,format&w=1920&q=20","Evolution",,
"Very High Intensity Mid-High Touring Loudspeaker","da671f36-eba9-4dab-acc1-f03549a08547",2024-02-20T16:42:51Z,2024-04-14T16:09:04Z,"9a64f577-0ddb-46e6-86f2-3d30f8940777","EVO 7TH","/products-1/evo-7th","27d46285-7a91-4e3e-8b36-dd1c173b0040","https://images.prismic.io/funktion-one/15b9dc83-b4f1-48d8-8398-9d4056bf1cef_EVO7TH_Website_Product.png?auto=compress,format&w=1920&q=20","Evolution",,
"Very High Intensity Mid-Bass Touring Loudspeaker","dac63c0b-073e-4058-8a12-dc51bfa9bffb",2024-02-20T16:42:51Z,2024-04-14T16:09:04Z,"9a64f577-0ddb-46e6-86f2-3d30f8940777","EVO 7TL","/products-1/evo-7tl","27d46285-7a91-4e3e-8b36-dd1c173b0040","https://images.prismic.io/funktion-one/7e995a44-c05a-497c-884c-1dad92e1edff_Evo+7TL-215.png?auto=compress,format&w=1920&q=20","Evolution",,
"Radical and Accurate Two-Way Loudspeaker","de2035f5-aad4-4e6c-8425-bded2885f37e",2024-02-20T16:42:51Z,2024-04-14T16:09:04Z,"9a64f577-0ddb-46e6-86f2-3d30f8940777","RES 1","/products-1/res-1","733aa22c-5cef-4468-9899-35b975bf9034","https://images.prismic.io/funktion-one/29ad6212-9651-412a-b77b-b6d57823dae3_Res+1.png?auto=compress,format&w=1920&q=20","Resolution",,
"High Power DJ Monitoring","e3e1da97-3eb2-42f8-b80e-f5ec18089609",2024-02-20T16:42:52Z,2024-06-07T14:35:49Z,"9a64f577-0ddb-46e6-86f2-3d30f8940777","PSM318","/products-1/psm318","d2f877a8-9ce6-499e-9d23-4a9804a88cca","https://images.prismic.io/funktion-one/e5f3fc8f-ad4d-412d-9ae9-915ac56cde3c_PS318_Website_ProductFeatured.png?auto=compress,format&w=1920&q=20","Monitor",true,true
"Very High Intensity Full-Range Performance","e5405d13-1d47-4311-82f2-30f13b63c004",2024-02-20T16:42:51Z,2024-04-14T16:09:04Z,"9a64f577-0ddb-46e6-86f2-3d30f8940777","EVO 7E","/products-1/evo-7e","27d46285-7a91-4e3e-8b36-dd1c173b0040","https://images.prismic.io/funktion-one/bd5077ff-b073-48ae-8c35-d280407c932d_Evo+7E.png?auto=compress,format&w=1920&q=20","Evolution",,
"Mid-bass Array Element","f5ec735c-7ba0-4e52-b207-465bab52e491",2024-02-20T16:42:52Z,2024-04-14T16:09:04Z,"9a64f577-0ddb-46e6-86f2-3d30f8940777","VERO V315","/products-1/vero-v315","6358ba19-97dd-4c45-a81f-01bf4b66790a","https://images.prismic.io/funktion-one/f4399087-09eb-44c3-bd99-0122bd0a5453_V315_Website_Product.png?auto=compress,format&w=1920&q=20","Vero",,
"Extremely Compakt Funktion-One Bass Performance","f858c5e8-7e7d-44b1-9258-2fb37f7e584e",2024-02-20T16:42:51Z,2024-04-14T16:09:04Z,"9a64f577-0ddb-46e6-86f2-3d30f8940777","SB8","/products-1/sb8","0e987d9d-2e7c-45c9-a1f4-80389424de64","https://images.prismic.io/funktion-one/b0eab8a2-8f36-4702-a33f-fc42b0a8f257_SB8+New.png?auto=compress,format&w=1920&q=20","Compact Bass",,
"High Intensity Loudspeaker Enclosure","f9a3e3e1-1def-4cf2-8d82-c670ca7c6366",2024-02-20T16:42:51Z,2024-06-07T14:35:48Z,"9a64f577-0ddb-46e6-86f2-3d30f8940777","EVO 6E","/products-1/evo-6e","27d46285-7a91-4e3e-8b36-dd1c173b0040","https://images.prismic.io/funktion-one/787266de-1b1b-48a2-98e6-778612f26533_Evo+6E+New.png?auto=compress,format&w=1920&q=20","Evolution",true,true
"High Intensity Bass Performance","fb0c27dc-ed86-4756-8192-fb02269af178",2024-02-20T16:42:51Z,2024-04-14T16:09:04Z,"9a64f577-0ddb-46e6-86f2-3d30f8940777","F221","/products-1/f221","f143d812-40b7-42fd-a4d3-e8656a60d12b","https://images.prismic.io/funktion-one/249c402a-accc-41b7-8f31-ef7c637d9f5b_F221.png?auto=compress,format&w=1920&q=20","Horn Loaded Bass",,
