"ID","Created Date","Updated Date","Owner","Product","Driver","Operating Band","Sensitivity 1m","Power","Nominal Impedance"
"00eaa506-4166-4446-a5e5-dc486a46d390",2024-06-07T13:08:48Z,2024-06-07T13:08:48Z,"9a64f577-0ddb-46e6-86f2-3d30f8940777","fb0c27dc-ed86-4756-8192-fb02269af178","2 x 21""","20Hz - 200Hz","104dB at 2V","1500W","2 x 8Ω"
"0477d9fe-6025-4db1-a4ce-a3f8f6cef3f7",2024-06-07T13:08:49Z,2024-06-07T13:08:49Z,"9a64f577-0ddb-46e6-86f2-3d30f8940777","ccbaeb9b-8c02-4182-b6ae-481f1f9cd35c","2 x 8"" HF Slot","70Hz - 18kHz","98dB at 2.4V","400W","6Ω"
"04d798fb-a3f3-456f-b0a7-49a0f0091ae9",2024-06-07T13:08:48Z,2024-06-07T13:08:48Z,"9a64f577-0ddb-46e6-86f2-3d30f8940777","780a225a-c5d8-4939-a570-90d40865f238","12"" + 1""","55/85Hz - Up","100dB at 2.8V","350W","8Ω"
"077df216-431a-4e54-b461-f2945729f602",2024-06-07T13:08:48Z,2024-06-07T13:08:48Z,"9a64f577-0ddb-46e6-86f2-3d30f8940777","904044a9-6c1f-4197-9ff3-286e03777601","2 x 10""","200Hz - 4kHz","108dB at 2.8V","500W","12Ω"
"089d722f-fe0b-46c8-8eed-93d2f5743e99",2024-06-07T13:08:48Z,2024-06-07T13:08:48Z,"9a64f577-0ddb-46e6-86f2-3d30f8940777","2c009461-b83a-4f90-8311-eef1b281dd4d","8""","445Hz - 5.77kHz","108dB at 4V","200W","16Ω"
"08e763a9-7a86-4ef2-ab0f-8e1d4cce9b01",2024-06-07T13:08:48Z,2024-06-07T13:08:48Z,"9a64f577-0ddb-46e6-86f2-3d30f8940777","35f5e069-dd57-4190-b1ef-903bd7107c66","2 x 12""","45/85Hz - 280Hz","100dB at 4V","2 x 400W","2 x 16Ω"
"0a55480a-e324-4b69-90e3-634a3b699851",2024-06-07T13:08:48Z,2024-06-07T13:08:48Z,"9a64f577-0ddb-46e6-86f2-3d30f8940777","422cbe91-1e83-46a7-8d09-9688a390e317","2 x 12""","35Hz - 125Hz","104dB at 2.8V","600W","8Ω"
"0af18e0d-5ee3-47e9-a311-f0cc4f6e63d7",2024-06-07T13:08:49Z,2024-06-07T13:08:49Z,"9a64f577-0ddb-46e6-86f2-3d30f8940777","af28ecf0-6b89-404d-96de-761460ba4c39","MF + HF (V2)","600Hz - Up","111dB at 2.8V","200W","8Ω"
"0c548f57-9a6c-4a7e-8419-29e3961b22fb",2024-06-07T13:08:48Z,2024-06-07T13:08:48Z,"9a64f577-0ddb-46e6-86f2-3d30f8940777","35f5e069-dd57-4190-b1ef-903bd7107c66","1 x 1""","5kHz – 18kHz","109dB at 4V","100W","16Ω"
"0f195a26-93b9-409a-b0f3-ff3a1cfef79a",2024-06-07T13:08:49Z,2024-06-07T13:08:49Z,"9a64f577-0ddb-46e6-86f2-3d30f8940777","d4a30c5c-7e46-41bc-8720-a73575ed936a","12""","60Hz - 160Hz","104dB at 2.8V","250W","8Ω"
"139abb43-1d35-40bf-a930-1363c8a602b9",2024-06-07T13:08:48Z,2024-06-07T13:08:48Z,"9a64f577-0ddb-46e6-86f2-3d30f8940777","691d852a-75fa-4110-831e-c5e4dfa65bd7","2 x 15""","55/85Hz - 250Hz","102dB at 2V","800W","2 x 8Ω"
"1620b62f-94a8-4303-8f1f-feced0089ddd",2024-06-07T13:08:49Z,2024-06-07T13:08:49Z,"9a64f577-0ddb-46e6-86f2-3d30f8940777","da671f36-eba9-4dab-acc1-f03549a08547","10""","200Hz - 4kHz","112dB at 4.9V","250W","24Ω"
"195b19b2-3256-45f6-904b-797d0f95b16c",2024-06-07T13:08:49Z,2024-06-07T13:08:49Z,"9a64f577-0ddb-46e6-86f2-3d30f8940777","e5405d13-1d47-4311-82f2-30f13b63c004","1.4""","4kHz - 18kHz","114dB at 5.6V","75W","32Ω"
"1c811a7b-ec69-453f-8b1b-d42aed927b09",2024-06-07T13:08:48Z,2024-06-07T13:08:48Z,"9a64f577-0ddb-46e6-86f2-3d30f8940777","7e72e73e-e941-4c4e-ad77-15fdee807d9c","2 x 21""","20Hz - 200Hz","104dB at 2V","1500W","2 x 8Ω"
"1cc6606d-1b95-49e4-9c61-a6782e983c6c",2024-06-07T13:08:48Z,2024-06-07T13:08:48Z,"9a64f577-0ddb-46e6-86f2-3d30f8940777","4341597a-afc6-4008-81a2-a40a62cef36e","1.4""","4kHz - 18kHz","114dB at 5.6V","75W","32Ω"
"1f9f8ba1-f59b-41d6-8e96-2e51be81da86",2024-06-07T13:08:49Z,2024-06-07T13:08:49Z,"9a64f577-0ddb-46e6-86f2-3d30f8940777","da671f36-eba9-4dab-acc1-f03549a08547","1.4""","4kHz - 18kHz","114dB at 5.6V","75W","32Ω"
"2023615c-835d-4a7a-91ac-dd610a0c5a13",2024-06-07T13:08:48Z,2024-06-07T13:08:48Z,"9a64f577-0ddb-46e6-86f2-3d30f8940777","8db839d1-78ba-404d-bf46-50dae4cb9c40","1.4""","2.5kHz - Up","111dB at 4V","75W","16Ω"
"22d17722-0c30-41c4-b3f2-b7eb7b54b7ac",2024-06-07T13:08:49Z,2024-06-07T13:08:49Z,"9a64f577-0ddb-46e6-86f2-3d30f8940777","e3e1da97-3eb2-42f8-b80e-f5ec18089609","2 x 18"" (PSM318L)","25Hz - 85Hz","101dB at 2V","1100W","4Ω"
"27dfc2d5-c6af-4312-b095-6ec203c6245a",2024-06-07T13:08:48Z,2024-06-07T13:08:48Z,"9a64f577-0ddb-46e6-86f2-3d30f8940777","3778639a-4b4f-4e03-aaf7-8e1d40ddc5e4","18"" + 5"" (Optional PX1.5 Passive Module)","25Hz - Up","102dB at 2.8V","400W","8Ω"
"2aebadd8-b1f6-47fa-883c-2282d57f25fb",2024-06-07T13:08:49Z,2024-06-07T13:08:49Z,"9a64f577-0ddb-46e6-86f2-3d30f8940777","96688231-c6de-412a-941e-84c125d7e054",,,,,
"2c4790ee-a861-48dd-9b97-c5a521fa8fb2",2024-06-07T13:08:48Z,2024-06-07T13:08:48Z,"9a64f577-0ddb-46e6-86f2-3d30f8940777","54e12a1d-570d-4151-a40a-94de61ab52a0","8"" + 1""","250Hz - Up","106dB at 3.5V","200W","16Ω"
"2c8c9676-4836-493d-8a02-dff507ca29c1",2024-06-07T13:08:49Z,2024-06-07T13:08:49Z,"9a64f577-0ddb-46e6-86f2-3d30f8940777","cba7a819-f0f3-4e1c-98b5-fa11dd878e17","3 x 15""","85Hz - 250Hz","101dB at 1.6V","1200W","2.7Ω"
"313c337f-653a-4dff-a360-ee8377886c7f",2024-06-07T13:08:49Z,2024-06-07T13:08:49Z,"9a64f577-0ddb-46e6-86f2-3d30f8940777","d835f41e-8fec-4744-b19b-f59e719d780f","10""","220Hz - 4kHz","112dB at 4.9V","250W","24Ω"
"31561e9a-801a-4298-b809-aab62445c75e",2024-06-07T13:08:49Z,2024-06-07T13:08:49Z,"9a64f577-0ddb-46e6-86f2-3d30f8940777","d835f41e-8fec-4744-b19b-f59e719d780f","15""","85Hz - 220Hz","103dB at 2.8V","400W","8Ω"
"31d2a706-c9e4-4c3c-866a-16314babfc63",2024-06-07T13:08:49Z,2024-06-07T13:08:49Z,"9a64f577-0ddb-46e6-86f2-3d30f8940777","e3e1da97-3eb2-42f8-b80e-f5ec18089609","5"" + VHF (V1)","694Hz - Up","112dB at 2.8V","80W","8Ω"
"4991316f-1726-46a0-8e7a-18af3b6cc311",2024-06-07T13:08:49Z,2024-06-07T13:08:49Z,"9a64f577-0ddb-46e6-86f2-3d30f8940777","ac5a3611-d1d3-4edf-8800-f65ee3d103b1","2 x 1""","5.77kHz - 18kHz","113dB at 4V","100W","16Ω"
"4a2e3289-2cd1-44b8-9607-175336d96557",2024-06-07T13:08:48Z,2024-06-07T13:08:48Z,"9a64f577-0ddb-46e6-86f2-3d30f8940777","4341597a-afc6-4008-81a2-a40a62cef36e","10""","200Hz - 4kHz","112dB at 4.9V","250W","24Ω"
"4c59e61b-8a97-401a-9d0f-be515588fed5",2024-06-07T13:08:48Z,2024-06-07T13:08:48Z,"9a64f577-0ddb-46e6-86f2-3d30f8940777","111c8df6-1532-4d4c-a9e2-465201be1cf0","2 x 8"" + 1""","180Hz - Up","108dB at 2.8V","400W","8Ω"
"4cd467d0-9715-41eb-8939-9f154d8d547d",2024-06-07T13:08:48Z,2024-06-07T13:08:48Z,"9a64f577-0ddb-46e6-86f2-3d30f8940777","2d65cf6a-3dbf-4e9a-86c0-971fbf42a025","5”","150Hz - 13kHz","90dB at 4V","30W","16Ω"
"4cef651d-8eec-4376-91e6-254be3c58a99",2024-06-07T13:08:48Z,2024-06-07T13:08:48Z,"9a64f577-0ddb-46e6-86f2-3d30f8940777","3e7c3ead-b19e-4945-beb6-076aa98bbf5e","18""","25Hz - 200Hz","102dB at 2.8V","450W","8Ω"
"506f0d7e-03a2-4c84-9b7f-5888d7eba4d6",2024-06-07T13:08:48Z,2024-06-07T13:08:48Z,"9a64f577-0ddb-46e6-86f2-3d30f8940777","364071e8-e818-479b-9688-1f358eebb130","2 x 5""","160Hz - 13kHz","95dB at 2.8V","60W","8Ω"
"50d38ac3-7268-434a-acd6-a92c3dfce53f",2024-06-07T13:08:48Z,2024-06-07T13:08:48Z,"9a64f577-0ddb-46e6-86f2-3d30f8940777","371f1bb8-b7cb-4d03-a349-592b13f19b66","10""","200Hz - 4kHz","112dB at 4.9V","250W","24Ω"
"521e87b9-0a5d-4f85-bd89-8319b4724b18",2024-06-07T13:08:48Z,2024-06-07T13:08:48Z,"9a64f577-0ddb-46e6-86f2-3d30f8940777","14cb2a97-774f-4037-97a6-5b336d0f2738","21""","25Hz - 85Hz","100dB at 2.8V","650W","8Ω"
"56c73c29-a82d-4484-a629-20cabcbca043",2024-06-07T13:08:49Z,2024-06-07T13:08:49Z,"9a64f577-0ddb-46e6-86f2-3d30f8940777","ac5a3611-d1d3-4edf-8800-f65ee3d103b1","8""","445Hz - 7.55kHz","111dB at 4V","200W","16Ω"
"578df746-1742-4026-bfe1-46dd68952e10",2024-06-07T13:08:48Z,2024-06-07T13:08:48Z,"9a64f577-0ddb-46e6-86f2-3d30f8940777","59f3e706-cac8-490d-ae6a-2087c1f73a5d","8"" + 1""","110Hz - 20kHz","98dB at 2.8V","100W","8Ω"
"57c60625-9f14-453a-8724-bed35561a7c4",2024-06-07T13:08:48Z,2024-06-07T13:08:48Z,"9a64f577-0ddb-46e6-86f2-3d30f8940777","7aaa4847-fc37-46f0-b5cd-1c93d9f73378","5”","150Hz - 13kHz","90dB at 4V","30W","16Ω"
"59081b68-7d17-46b0-b0d9-7990db8a129a",2024-06-07T13:08:49Z,2024-06-07T13:08:49Z,"9a64f577-0ddb-46e6-86f2-3d30f8940777","bde7e37b-e258-4e63-8faf-61592f7aa0aa","15""","28Hz - 250Hz","102dB at 2.8V","400W","8Ω"
"5f3d305b-34a0-45ff-988a-39b38aa8c40e",2024-06-07T13:08:49Z,2024-06-07T13:08:49Z,"9a64f577-0ddb-46e6-86f2-3d30f8940777","bde7e37b-e258-4e63-8faf-61592f7aa0aa","8"" + 1""","250Hz - Up","106dB at 4V","200W","16Ω"
"63719a0f-00b9-4053-8321-ad105344d79b",2024-06-07T13:08:49Z,2024-06-07T13:08:49Z,"9a64f577-0ddb-46e6-86f2-3d30f8940777","b0a04f5c-9850-4ee5-8e08-8d244800baae","2 x 12""","25Hz - 520Hz","100dB at 2V","700W","4Ω"
"650e83b5-3fcd-46c2-936d-37ccd61e4b76",2024-06-07T13:08:49Z,2024-06-07T13:08:49Z,"9a64f577-0ddb-46e6-86f2-3d30f8940777","de2035f5-aad4-4e6c-8425-bded2885f37e","12""","25Hz - 520Hz","102dB at 2.8V","350W","8Ω"
"652b5757-6d68-4239-bfbb-cb70f9fa2be5",2024-06-07T13:08:49Z,2024-06-07T13:08:49Z,"9a64f577-0ddb-46e6-86f2-3d30f8940777","c5b75d8d-9ce0-4a5a-bd03-01266c9c22ea","8""","180Hz - 8kHz","109dB at 4V","200W","16Ω"
"691ebf57-c5b3-40b4-b45a-a0fb05032139",2024-06-07T13:08:49Z,2024-06-07T13:08:49Z,"9a64f577-0ddb-46e6-86f2-3d30f8940777","95f4b55f-0aff-4439-a29f-9da92fdd8519","10""","200Hz - 4kHz","112dB at 4.9V","250W","24Ω"
"6f79de53-5c4b-4e01-a2df-8abdac145b1f",2024-06-07T13:08:49Z,2024-06-07T13:08:49Z,"9a64f577-0ddb-46e6-86f2-3d30f8940777","af28ecf0-6b89-404d-96de-761460ba4c39","18""","30Hz - 694Hz","104dB at 2.8V","600W","8Ω"
"7612ac2b-93fe-407d-8aed-3324c1d26b50",2024-06-07T13:08:49Z,2024-06-07T13:08:49Z,"9a64f577-0ddb-46e6-86f2-3d30f8940777","f5ec735c-7ba0-4e52-b207-465bab52e491","3 x 15""","50Hz - 200Hz","101dB at 1.6V","1500W","2.7Ω"
"768d20a7-0316-473b-8f35-b718a9157c15",2024-06-07T13:08:48Z,2024-06-07T13:08:48Z,"9a64f577-0ddb-46e6-86f2-3d30f8940777","4739addc-f7c2-4be1-a11f-4fd00e5221de","2 x 18""","20Hz - 80Hz","100dB at 2V","1200W","2 x 8Ω (4Ω parallel)"
"796179e2-3904-4836-a363-0db67a5f2423",2024-06-07T13:08:48Z,2024-06-07T13:08:48Z,"9a64f577-0ddb-46e6-86f2-3d30f8940777","3778639a-4b4f-4e03-aaf7-8e1d40ddc5e4","5""","520Hz - up","110dB at 3.5V","75W","12Ω"
"7ad4d84c-cbf5-47b0-9211-459b7c9d11d5",2024-06-07T13:08:49Z,2024-06-07T13:08:49Z,"9a64f577-0ddb-46e6-86f2-3d30f8940777","dac63c0b-073e-4058-8a12-dc51bfa9bffb","2 x 15""","65Hz - 300Hz","102dB at 2V","2x 400W","2x 8Ω"
"8088965e-6af3-42b4-b689-5803305cf7a8",2024-06-07T13:08:49Z,2024-06-07T13:08:49Z,"9a64f577-0ddb-46e6-86f2-3d30f8940777","c665008e-a037-4f53-8adf-ff666768a757","2 x 10""","200Hz - 4kHz","109dB at 2.8V","500W","12Ω"
"811a9f64-3902-4c26-bbf6-4e88285f8418",2024-06-07T13:08:48Z,2024-06-07T13:08:48Z,"9a64f577-0ddb-46e6-86f2-3d30f8940777","6fbf6787-9826-4bd6-acbd-07bd378c6271","2 x 18""","35Hz - 85Hz","102dB at 2V","1100W","2 x 8Ω"
"83750f40-e9dc-4d13-b5e6-eda40cb76226",2024-06-07T13:08:48Z,2024-06-07T13:08:48Z,"9a64f577-0ddb-46e6-86f2-3d30f8940777","367875ea-ebb7-47cf-9548-8b45d3c6679c","1""","5kHz - 18kHz","109dB at 4V","100W","16Ω"
"844b5f4c-1050-4b7d-9fb2-19f0837106e0",2024-06-07T13:08:48Z,2024-06-07T13:08:48Z,"9a64f577-0ddb-46e6-86f2-3d30f8940777","1332fc8f-bad8-4c49-a8c4-25660427716c","15""","105 - 220Hz","103dB at 2.8V","400W","8Ω"
"84df5d49-ed24-4b41-afcb-c8a3d5eaf449",2024-06-07T13:08:49Z,2024-06-07T13:08:49Z,"9a64f577-0ddb-46e6-86f2-3d30f8940777","e5405d13-1d47-4311-82f2-30f13b63c004","10""","220Hz - 4kHz","112dB at 4.9V","250W","24Ω"
"85c06eb0-0f16-4a56-a795-fda80dd7be8b",2024-06-07T13:08:49Z,2024-06-07T13:08:49Z,"9a64f577-0ddb-46e6-86f2-3d30f8940777","b2e1a64b-d05e-4b7a-adbe-5ba107aa486f","15”","45Hz - 100Hz","100dB at 2.8V","500W","8Ω"
"88be3a2d-cd8c-4fb6-8c37-6017359b30a9",2024-06-07T13:08:48Z,2024-06-07T13:08:48Z,"9a64f577-0ddb-46e6-86f2-3d30f8940777","51c8584a-5d46-41b1-85d0-9669637e7bde","21""","20Hz - 200Hz","101dB at 2.8V","750W","8Ω"
"8a4e65c2-6afe-4b99-b1b3-549e796984c5",2024-06-07T13:08:49Z,2024-06-07T13:08:49Z,"9a64f577-0ddb-46e6-86f2-3d30f8940777","de2035f5-aad4-4e6c-8425-bded2885f37e","5""","520Hz - 15kHz","112dB at 3.5V","75W","12Ω"
"8f71382b-558a-413f-bb82-de1fb5bfd7ac",2024-06-07T13:08:48Z,2024-06-07T13:08:48Z,"9a64f577-0ddb-46e6-86f2-3d30f8940777","371f1bb8-b7cb-4d03-a349-592b13f19b66","1.4""","4kHz - up","114dB at 5.6V","75W","32Ω"
"9399c978-3ccd-4c75-b424-3315467c45eb",2024-06-07T13:08:49Z,2024-06-07T13:08:49Z,"9a64f577-0ddb-46e6-86f2-3d30f8940777","ac5a3611-d1d3-4edf-8800-f65ee3d103b1","12""","114Hz - 445Hz","105dB at 2.8V","300W","8Ω"
"93bdac6d-f33b-4b95-af27-a8c25f9b39d3",2024-06-07T13:08:48Z,2024-06-07T13:08:48Z,"9a64f577-0ddb-46e6-86f2-3d30f8940777","3778639a-4b4f-4e03-aaf7-8e1d40ddc5e4","18""","55Hz - 595Hz","102dB at 2.8V","400W","8Ω"
"9535e904-d242-4b47-85a6-6677dad47d13",2024-06-07T13:08:49Z,2024-06-07T13:08:49Z,"9a64f577-0ddb-46e6-86f2-3d30f8940777","95f4b55f-0aff-4439-a29f-9da92fdd8519","1.4""","4kHz - 18kHz","114dB at 5.6V","75W","32Ω"
"9d98c273-f6c1-4fe5-be49-21e80b7e9398",2024-06-07T13:08:48Z,2024-06-07T13:08:48Z,"9a64f577-0ddb-46e6-86f2-3d30f8940777","8cbd897b-c3aa-458a-b301-79c268153ac3","24"" dual voice coil","20Hz - 85Hz","104dB at 2V","1500W","2 x 8Ω"
"9daace95-3ff2-4d4c-b270-49882be81112",2024-06-07T13:08:49Z,2024-06-07T13:08:49Z,"9a64f577-0ddb-46e6-86f2-3d30f8940777","b93d36b5-7845-4150-917c-73fd00948940","2 x 18""","25Hz - 200Hz","102dB at 2V","900W","2 x 8Ω"
"9eb9b4d2-32b6-4349-9ead-d4b9c8da032c",2024-06-07T13:08:49Z,2024-06-07T13:08:49Z,"9a64f577-0ddb-46e6-86f2-3d30f8940777","af28ecf0-6b89-404d-96de-761460ba4c39","5"" + VHF (V1)","694Hz - Up","112dB at 2.8V","80W","8Ω"
"a173cb94-2b6d-4701-b89f-7b0eb11c9d4d",2024-06-07T13:08:49Z,2024-06-07T13:08:49Z,"9a64f577-0ddb-46e6-86f2-3d30f8940777","d835f41e-8fec-4744-b19b-f59e719d780f","1.4""","4kHz - 18kHz","114dB at 5.6V","75W","32Ω"
"a35190f5-4767-453e-8378-ed13d50146bb",2024-06-07T13:08:48Z,2024-06-07T13:08:48Z,"9a64f577-0ddb-46e6-86f2-3d30f8940777","689563cd-e6a0-4df6-ab26-73a2256fc831",,,,,
"a5d9ef2a-7f55-424f-b323-64acd70ad3b6",2024-06-07T13:08:49Z,2024-06-07T13:08:49Z,"9a64f577-0ddb-46e6-86f2-3d30f8940777","de2035f5-aad4-4e6c-8425-bded2885f37e","12"" + 5"" (Optional PX1 Passive Module)","25Hz - Up","102dB at 2.8V","350W","8Ω"
"a7074df6-aef0-4724-97a5-8361fd0ab031",2024-06-07T13:08:48Z,2024-06-07T13:08:48Z,"9a64f577-0ddb-46e6-86f2-3d30f8940777","3fbce079-f7db-4b07-a082-31ab88947fdb","2 x 21”","25Hz - 85Hz","102dB at 2V","1300W","2 x 8Ω"
"a7750a26-e9b3-4ea9-8508-3aa0b21302e3",2024-06-07T13:08:48Z,2024-06-07T13:08:48Z,"9a64f577-0ddb-46e6-86f2-3d30f8940777","904044a9-6c1f-4197-9ff3-286e03777601","2 x 1.4""","4kHz - 18kHz","111dB at 2.8V","150W","16Ω"
"a7e08d3d-075a-45c3-b67d-9c74ed4457a2",2024-06-07T13:08:48Z,2024-06-07T13:08:48Z,"9a64f577-0ddb-46e6-86f2-3d30f8940777","3a30e712-fc9e-438b-b75c-4c797adf0d8a","15""","55/85Hz - 250Hz","102dB at 2.8V","400W","8Ω"
"ab8081f9-90a9-40f7-8ce3-e325110dd0e9",2024-06-07T13:08:49Z,2024-06-07T13:08:49Z,"9a64f577-0ddb-46e6-86f2-3d30f8940777","c665008e-a037-4f53-8adf-ff666768a757","3 x 1.4""","4kHz - 18kHz","112dB at 2.8V","225W","10Ω"
"acf320f7-33ff-4019-bb96-229f346af164",2024-06-07T13:08:48Z,2024-06-07T13:08:48Z,"9a64f577-0ddb-46e6-86f2-3d30f8940777","35f5e069-dd57-4190-b1ef-903bd7107c66","1 x 8""","280Hz – 5kHz","107dB at 4V","200W","16Ω"
"adb394b0-fd9d-4980-9c8b-ccbcd1c11fec",2024-06-07T13:08:49Z,2024-06-07T13:08:49Z,"9a64f577-0ddb-46e6-86f2-3d30f8940777","f9a3e3e1-1def-4cf2-8d82-c670ca7c6366","15""","85Hz - 220Hz","103dB at 2.8V","400W","8Ω"
"b2fecbf3-844b-485b-9a62-2610ee58a6b6",2024-06-07T13:08:49Z,2024-06-07T13:08:49Z,"9a64f577-0ddb-46e6-86f2-3d30f8940777","e3e1da97-3eb2-42f8-b80e-f5ec18089609","MF + HF (V2)","600Hz - Up","111dB at 2.8V","200W","8Ω"
"bb515f6a-340f-40ad-b64e-bcfb70ecf101",2024-06-07T13:08:48Z,2024-06-07T13:08:48Z,"9a64f577-0ddb-46e6-86f2-3d30f8940777","483067ea-c881-449f-a49b-4680a402be3d","2 x 10""","220kHz - 4kHz","112dB at 3.5V","500W","12Ω"
"bc3b20ed-9c55-4327-ace9-782852115e29",2024-06-07T13:08:48Z,2024-06-07T13:08:48Z,"9a64f577-0ddb-46e6-86f2-3d30f8940777","19aea7d2-c13e-44d8-9ec6-7f2fb117d8b1","15""","85Hz - 250Hz","103dB at 2.8V","400W","8Ω"
"bdae1c4f-5e05-4faf-85fd-5ad3778548ea",2024-06-07T13:08:48Z,2024-06-07T13:08:48Z,"9a64f577-0ddb-46e6-86f2-3d30f8940777","8db839d1-78ba-404d-bf46-50dae4cb9c40","12"" + 1.4"" (Passive mode)","40Hz - Up","100dB at 2.8V","400W","8Ω"
"be1282d2-fa99-493c-b5c0-fdba2f1379e7",2024-06-07T13:08:48Z,2024-06-07T13:08:48Z,"9a64f577-0ddb-46e6-86f2-3d30f8940777","367875ea-ebb7-47cf-9548-8b45d3c6679c","8""","280Hz - 5kHz","107dB at 4V","200W","16Ω"
"be845cd0-0fd3-49ff-8179-9374ebd08bbb",2024-06-07T13:08:48Z,2024-06-07T13:08:48Z,"9a64f577-0ddb-46e6-86f2-3d30f8940777","4e7b78fa-1cd5-4bfd-b4cf-64775fb3427f","15""","105Hz - 220Hz","103dB at 2.8V","400W","8Ω"
"c3731b76-88f6-4958-81cf-93b12e7d5317",2024-06-07T13:08:49Z,2024-06-07T13:08:49Z,"9a64f577-0ddb-46e6-86f2-3d30f8940777","c5c6cce8-d28b-482b-8f59-64d556aa7388","24"" dual voice coil","20Hz - 85Hz","104dB at 2V","1500W","2 x 8Ω"
"c37daf40-408c-4006-b46e-28113dfbe2db",2024-06-07T13:08:48Z,2024-06-07T13:08:48Z,"9a64f577-0ddb-46e6-86f2-3d30f8940777","6d802606-973f-4ec3-a325-f1d596b436e5","10"" + 1""","100Hz - 20kHz","100dB at 2.8V","150W","8Ω"
"c4399b17-5668-4628-aa73-321953f3ded9",2024-06-07T13:08:49Z,2024-06-07T13:08:49Z,"9a64f577-0ddb-46e6-86f2-3d30f8940777","e3e1da97-3eb2-42f8-b80e-f5ec18089609","18""","85Hz - 694Hz","104dB at 2.8V","600W","8Ω"
"cc289b82-81e8-43b4-ac41-5c0e6e34b01c",2024-06-07T13:08:49Z,2024-06-07T13:08:49Z,"9a64f577-0ddb-46e6-86f2-3d30f8940777","b0a04f5c-9850-4ee5-8e08-8d244800baae","5""","520Hz - up","110dB at 3.5V","75W","12Ω"
"ccaff40f-8dff-4fbc-8b35-64b4a21ebaac",2024-06-07T13:08:49Z,2024-06-07T13:08:49Z,"9a64f577-0ddb-46e6-86f2-3d30f8940777","94c79e91-f522-4d0b-a94e-17cf354c7f62","18”","25Hz - 85Hz","100dB at 2.8V","550W","8Ω"
"cce7c6e0-db51-44e1-88cf-9482b00495ba",2024-06-07T13:08:48Z,2024-06-07T13:08:48Z,"9a64f577-0ddb-46e6-86f2-3d30f8940777","8aa87940-3616-483f-8390-0e9a92c7c6c3",,,,,
"ce881798-a6a6-45d0-b1db-2c11d22e749a",2024-06-07T13:08:48Z,2024-06-07T13:08:48Z,"9a64f577-0ddb-46e6-86f2-3d30f8940777","1188c912-8a3a-4ea3-82ab-bda50f827f36","1 x Linear motor with 32” cone","20Hz - 50Hz","134dB at 0dBu","N/A","N/A"
"d037acc4-82cd-4d77-8b2b-779df2401940",2024-06-07T13:08:48Z,2024-06-07T13:08:48Z,"9a64f577-0ddb-46e6-86f2-3d30f8940777","2c009461-b83a-4f90-8311-eef1b281dd4d","1""","5.55kHz - 18kHz","109dB at 4V","50W","16Ω"
"d1c9c18b-79ec-4baa-b3ee-ed48e106d231",2024-06-07T13:08:48Z,2024-06-07T13:08:48Z,"9a64f577-0ddb-46e6-86f2-3d30f8940777","7fdaa0fb-b950-490d-8d60-19a130bf463a","2 x 21""","20Hz - 200Hz","104dB at 2V","1500W","2 x 8Ω"
"dfc1a8c2-1de7-4a2a-9ee6-b58a2e480033",2024-06-07T13:08:48Z,2024-06-07T13:08:48Z,"9a64f577-0ddb-46e6-86f2-3d30f8940777","367875ea-ebb7-47cf-9548-8b45d3c6679c","15""","35/85Hz - 280Hz","102dB at 2.8V","400W","8Ω"
"e1134b11-83bf-4a5e-9223-fce5aab6062d",2024-06-07T13:08:49Z,2024-06-07T13:08:49Z,"9a64f577-0ddb-46e6-86f2-3d30f8940777","e5405d13-1d47-4311-82f2-30f13b63c004","15""","85Hz - 220Hz","103dB at 2.8V","400W","8Ω"
"e29020c0-8570-4c78-b169-ea84bb562086",2024-06-07T13:08:48Z,2024-06-07T13:08:48Z,"9a64f577-0ddb-46e6-86f2-3d30f8940777","107d378d-eb13-419c-b8b9-70be6c69b127","24"" dual voice coil","20Hz - 85Hz","104dB at 2V","1500W","2 x 8Ω"
"e3875658-2425-4d2f-891d-4b5fb8751800",2024-06-07T13:08:49Z,2024-06-07T13:08:49Z,"9a64f577-0ddb-46e6-86f2-3d30f8940777","f9a3e3e1-1def-4cf2-8d82-c670ca7c6366","10""","220Hz - 4kHz","112dB at 4.9V","250W","24Ω"
"e3a45203-5408-4975-8974-67bdfbd76b2f",2024-06-07T13:08:48Z,2024-06-07T13:08:48Z,"9a64f577-0ddb-46e6-86f2-3d30f8940777","f9a3e3e1-1def-4cf2-8d82-c670ca7c6366","1.4""","4kHz - 18kHz","114dB at 5.6V","75W","32Ω"
"ea4aad38-f6bd-4338-9b39-8a96def78ef1",2024-06-07T13:08:49Z,2024-06-07T13:08:49Z,"9a64f577-0ddb-46e6-86f2-3d30f8940777","f858c5e8-7e7d-44b1-9258-2fb37f7e584e","8”","50Hz - 300Hz","95dB at 2.8V","250W","8Ω"
"ecd19fd6-1a80-4496-b431-d3719ee45861",2024-06-07T13:08:48Z,2024-06-07T13:08:48Z,"9a64f577-0ddb-46e6-86f2-3d30f8940777","483067ea-c881-449f-a49b-4680a402be3d","2 x 1.4""","4kHz - up","114dB at 4V","150W","16Ω"
"f07dd492-5d7e-4fe9-9d22-0bc44fa69f03",2024-06-07T13:08:48Z,2024-06-07T13:08:48Z,"9a64f577-0ddb-46e6-86f2-3d30f8940777","8db839d1-78ba-404d-bf46-50dae4cb9c40","12""","40Hz - 2.5kHz","101dB at 2.8V","400W","8Ω"
"f1ec66a4-1274-4cec-8786-a4e3fb90f4db",2024-06-07T13:08:49Z,2024-06-07T13:08:49Z,"9a64f577-0ddb-46e6-86f2-3d30f8940777","92c078ce-a3f2-4a0f-8f73-6f66fd7b7d64","1 x Linear motor with 32” cone","20Hz - 50Hz","N/A","N/A","N/A"
"fd6c31eb-6222-4ccc-8716-db6bc08fb1e4",2024-06-07T13:08:48Z,2024-06-07T13:08:48Z,"9a64f577-0ddb-46e6-86f2-3d30f8940777","2c009461-b83a-4f90-8311-eef1b281dd4d","12""","114Hz - 445Hz","105dB at 2.8V","300W","8Ω"
